axis,switch_type,mode,current_frame,nominal_timestep,episode,stale_a_visible,raw_split_spearman,layer_residual_split_spearman,raw_split_top25_jaccard,layer_residual_split_top25_jaccard,layer_eta_squared,raw_iqr,layer_residual_iqr
prompt_history_excess,identity_scene,clean,54,0,A,1,0.28377960233312854,0.2651900406062307,0.2857142857142857,0.16883116883116883,0.13047139382550385,0.34124949760735035,0.3071434050798416
policy_prompt_score,identity_scene,clean,54,0,A,1,0.5184718867377587,0.04204610956197383,0.31386861313868614,0.1320754716981132,0.6321715080147554,0.6008023185156355,0.28519542417058164
persistent_content,identity_scene,clean,54,0,A,1,0.1271301668895314,0.017275460044904264,0.22448979591836735,0.2080536912751678,0.3376045974972634,0.0003882274031639099,0.0002895928919315338
persistent_positioned,identity_scene,clean,54,0,A,1,0.11123863166218965,0.07659394801993186,0.21621621621621623,0.21621621621621623,0.3372743818774286,0.0003440454602241516,0.00031289830803871155
persistent_output,identity_scene,clean,54,0,A,1,0.15266188541825548,0.07135953726330123,0.25,0.2080536912751678,0.23259327124612938,0.0013258010149002075,0.0010659024119377136
prompt_history_excess,identity_scene,clean,57,0,B,1,0.28409880377907765,0.23615145426995596,0.2949640287769784,0.22448979591836735,0.1759323146011841,0.32778568286448717,0.27675057807937264
policy_prompt_score,identity_scene,clean,57,0,B,1,0.5615280721081468,0.11335380921013205,0.2676056338028169,0.2,0.6627196123601966,0.5876324980637717,0.3135768636094412
stale_a_mass,identity_scene,clean,57,0,B,1,0.06806878053201659,0.06806878053201659,0.8367346938775511,0.8367346938775511,0.0,0.0,0.0
persistent_content,identity_scene,clean,57,0,B,1,0.1714890385712378,0.1623991041266315,0.25,0.22448979591836735,0.29672601264720944,0.0004474818706512451,0.00036427751183509827
persistent_positioned,identity_scene,clean,57,0,B,1,0.12386432367802525,0.10751687944942527,0.2328767123287671,0.2,0.20477553822192102,0.0004091411828994751,0.0003120609326288104
persistent_output,identity_scene,clean,57,0,B,1,0.16071214074083032,0.048926559746614244,0.2676056338028169,0.17647058823529413,0.2815800768600803,0.0013369768857955933,0.0009600222110748291
prompt_history_excess,identity_scene,clean,60,0,B,1,0.3187955636914914,0.2972027819139072,0.25,0.25,0.12079474530362362,0.34421243891119957,0.3045869944617152
policy_prompt_score,identity_scene,clean,60,0,B,1,0.5398498955843457,0.12611646557318523,0.30434782608695654,0.18421052631578946,0.5873188884459704,0.5879320813944074,0.3059330985602506
stale_a_mass,identity_scene,clean,60,0,B,1,0.9322204132233529,0.9331386301849036,0.875,0.7647058823529411,0.14882308092655955,0.2826482951641083,0.24484079703688622
persistent_content,identity_scene,clean,60,0,B,1,0.11499715843801159,-0.005936221309244309,0.21621621621621623,0.16883116883116883,0.3163013514512791,0.0003483295440673828,0.00027930084615945816
persistent_positioned,identity_scene,clean,60,0,B,1,0.05843213801028285,0.03885563838102879,0.2328767123287671,0.16129032258064516,0.2597645623634833,0.000371735543012619,0.00032361969351768494
persistent_output,identity_scene,clean,60,0,B,1,0.08782502975473398,0.01911299282516867,0.22448979591836735,0.15384615384615385,0.254514430318679,0.001262381672859192,0.0010044090449810028
prompt_history_excess,identity_scene,clean,75,0,B,0,0.35366877178434125,0.30351736329831547,0.3235294117647059,0.21621621621621623,0.17002115381442626,0.33381642028689384,0.283556513953954
policy_prompt_score,identity_scene,clean,75,0,B,0,0.5427013599113335,0.14474049385427903,0.30434782608695654,0.17647058823529413,0.6181843613116407,0.5925009916341849,0.3226967919389207
persistent_content,identity_scene,clean,75,0,B,0,0.13847749259917538,0.06956019390780505,0.25,0.19205298013245034,0.3139592993883558,0.0003867298364639282,0.0003339019604027271
persistent_positioned,identity_scene,clean,75,0,B,0,0.0603313959612138,0.06390973672439644,0.17647058823529413,0.2080536912751678,0.30402123558052363,0.0003795549273490906,0.0003367941826581955
persistent_output,identity_scene,clean,75,0,B,0,0.09079082549138816,0.024374157104608687,0.2857142857142857,0.21621621621621623,0.23429558487122903,0.000995136797428131,0.0008789002895355225
prompt_history_excess,identity_scene,clean,78,0,B,0,0.2441780459881574,0.21629383200435617,0.25,0.21621621621621623,0.15163094550236136,0.31469800509512424,0.2713739266619086
policy_prompt_score,identity_scene,clean,78,0,B,0,0.5304729351383176,0.17905554953962716,0.3235294117647059,0.19205298013245034,0.6164088114875711,0.5350338845499538,0.3313185796035123
persistent_content,identity_scene,clean,78,0,B,0,0.1768781234914857,0.06998550025409454,0.22448979591836735,0.2,0.3685760990359302,0.00046910345554351807,0.00032137520611286163
persistent_positioned,identity_scene,clean,78,0,B,0,0.21230035520487164,0.18273498280659095,0.2765957446808511,0.18421052631578946,0.3510979862977336,0.0004206182202324271,0.0003481185995042324
persistent_output,identity_scene,clean,78,0,B,0,0.09943101238127625,0.08564129047159848,0.21621621621621623,0.15384615384615385,0.20769604007788667,0.0010847300291061401,0.0008793286979198456
prompt_history_excess,identity_scene,clean,117,0,B,0,0.32827335166919724,0.30025487245188637,0.30434782608695654,0.25874125874125875,0.16357592268028662,0.3466748110949993,0.2861848846077919
policy_prompt_score,identity_scene,clean,117,0,B,0,0.5525577655590128,0.1108012264949032,0.30434782608695654,0.2080536912751678,0.6578530345190678,0.5571374545988808,0.27922690747532986
persistent_content,identity_scene,clean,117,0,B,0,0.2544053692721781,0.05534480868325853,0.2949640287769784,0.2080536912751678,0.3559250491005054,0.0004167035222053528,0.00025848671793937683
persistent_positioned,identity_scene,clean,117,0,B,0,0.15443948509025734,0.06343994109305424,0.2413793103448276,0.2080536912751678,0.3634945835076346,0.0003747902810573578,0.0002972632646560669
persistent_output,identity_scene,clean,117,0,B,0,0.15034775857410432,0.09244830081173881,0.2676056338028169,0.2328767123287671,0.21251165979604425,0.0010276958346366882,0.0007574297487735748
prompt_history_excess,identity_scene,noisy,54,500,A,1,0.22132800662169386,0.1283032912729913,0.25,0.21621621621621623,0.20474156826455908,0.3258533123880625,0.2583783594891429
policy_prompt_score,identity_scene,noisy,54,500,A,1,0.25697568900361856,-0.00035958390123840385,0.2,0.125,0.447653743829544,0.4313365521890019,0.3036985656812587
persistent_content,identity_scene,noisy,54,500,A,1,0.22399379190403876,0.1530878401410251,0.2857142857142857,0.2080536912751678,0.26709065076560784,0.0009055584669113159,0.0007826145738363266
persistent_positioned,identity_scene,noisy,54,500,A,1,0.14937547375436203,0.17004074512574763,0.25,0.2080536912751678,0.2114216802379569,0.0007708445191383362,0.0007689185440540314
persistent_output,identity_scene,noisy,54,500,A,1,0.12518226762662024,0.056112064657197966,0.2328767123287671,0.16129032258064516,0.27203734344735714,0.0036966130137443542,0.00296580046415329
prompt_history_excess,identity_scene,noisy,54,1000,A,1,0.1485662813700301,0.19346231198044564,0.18421052631578946,0.22448979591836735,0.07463536435831086,0.3163830079138279,0.2795929480344057
policy_prompt_score,identity_scene,noisy,54,1000,A,1,0.21591243908309726,0.07941325578530115,0.19205298013245034,0.19205298013245034,0.2815336826885662,0.4023735813322432,0.3135054563430195
persistent_content,identity_scene,noisy,54,1000,A,1,0.37817528777484827,0.25256782259087146,0.25874125874125875,0.25874125874125875,0.3551659250247449,0.002973504364490509,0.00215984508395195
persistent_positioned,identity_scene,noisy,54,1000,A,1,0.28935238116305073,0.17587459524304966,0.25874125874125875,0.2676056338028169,0.3211570663708722,0.0029292553663253784,0.0021141208708286285
persistent_output,identity_scene,noisy,54,1000,A,1,0.30150930069676457,0.25391176099142276,0.2857142857142857,0.25,0.198029913596019,0.009877532720565796,0.008259594440460205
prompt_history_excess,identity_scene,noisy,57,500,B,1,0.252489372598112,0.24210259355676067,0.25874125874125875,0.2,0.19728144423550895,0.3265598760917783,0.27377788396552205
policy_prompt_score,identity_scene,noisy,57,500,B,1,0.2612500990280334,0.08538368605393193,0.2328767123287671,0.21621621621621623,0.40075266164502577,0.46814689246989666,0.3097274210010238
stale_a_mass,identity_scene,noisy,57,500,B,1,0.0348087341291304,0.0348087341291304,0.8556701030927835,0.8556701030927835,0.0,0.0,0.0
persistent_content,identity_scene,noisy,57,500,B,1,0.1307262385903488,0.05464054856350348,0.2328767123287671,0.17647058823529413,0.3227982851778669,0.0008493214845657349,0.0007700305432081223
persistent_positioned,identity_scene,noisy,57,500,B,1,0.09012335168205787,0.0738372665397193,0.21621621621621623,0.2080536912751678,0.28354759479079084,0.0008760020136833191,0.0007323771715164185
persistent_output,identity_scene,noisy,57,500,B,1,0.09972125817326748,0.12430619983862451,0.25874125874125875,0.2080536912751678,0.25796731395452027,0.003301367163658142,0.0028790682554244995
prompt_history_excess,identity_scene,noisy,57,1000,B,1,0.034808904820096166,0.04758313577224501,0.17647058823529413,0.17647058823529413,0.12358333834517599,0.2558036055415869,0.23157332045957446
policy_prompt_score,identity_scene,noisy,57,1000,B,1,0.19858573954036537,0.14375176673241893,0.15384615384615385,0.19205298013245034,0.22050021281880525,0.421980193689898,0.2940127049963927
stale_a_mass,identity_scene,noisy,57,1000,B,1,0.14103108233171002,0.14103108233171002,0.7821782178217822,0.7821782178217822,0.0,0.0,0.0
persistent_content,identity_scene,noisy,57,1000,B,1,0.2168754047489389,0.19329203691419397,0.2,0.25,0.20672488679403722,0.00245850533246994,0.001859249547123909
persistent_positioned,identity_scene,noisy,57,1000,B,1,0.10753822122229206,0.1127028028767741,0.2,0.22448979591836735,0.14836414658221175,0.002326183021068573,0.001986650750041008
persistent_output,identity_scene,noisy,57,1000,B,1,0.2926434414805141,0.2649058371749724,0.2949640287769784,0.30434782608695654,0.16107308205076035,0.009696811437606812,0.007861778140068054
prompt_history_excess,identity_scene,noisy,60,500,B,1,0.29701758848837667,0.20167126778017644,0.22448979591836735,0.21621621621621623,0.2356965619551489,0.3283459097146988,0.25911567406728864
policy_prompt_score,identity_scene,noisy,60,500,B,1,0.3381690065715799,0.09181529939475189,0.21621621621621623,0.2,0.4481649029468611,0.48027368214026367,0.30425323623520595
stale_a_mass,identity_scene,noisy,60,500,B,1,0.9283643474849586,0.9144714924801067,0.7647058823529411,0.7142857142857143,0.19384708800989325,0.32126372307538986,0.24026495590806007
persistent_content,identity_scene,noisy,60,500,B,1,0.1969521791993317,0.09284352066636718,0.2676056338028169,0.2080536912751678,0.39139851698893124,0.0008845776319503784,0.0007091164588928223
persistent_positioned,identity_scene,noisy,60,500,B,1,0.08578673896755182,0.06693534292232489,0.18421052631578946,0.22448979591836735,0.2307824502219977,0.0009300671517848969,0.0007006470113992691
persistent_output,identity_scene,noisy,60,500,B,1,0.16544717653331797,0.13782917809871686,0.2949640287769784,0.22448979591836735,0.21223503438086952,0.0032052621245384216,0.0024067088961601257
prompt_history_excess,identity_scene,noisy,60,1000,B,1,0.04597684001885887,0.0009138781123748563,0.16129032258064516,0.15384615384615385,0.14669818276616375,0.2576223611831665,0.21761393174529076
policy_prompt_score,identity_scene,noisy,60,1000,B,1,0.19553462973914276,0.0914366817247784,0.16129032258064516,0.19205298013245034,0.23559143708013613,0.440019608418086,0.33929257176324157
stale_a_mass,identity_scene,noisy,60,1000,B,1,0.9527964464746383,0.9448987517907803,0.8367346938775511,0.8,0.2062065268856863,0.3289880231022835,0.23209236189723015
persistent_content,identity_scene,noisy,60,1000,B,1,0.16418477468261836,0.16890374551798157,0.16129032258064516,0.2,0.23083565603786146,0.002843216061592102,0.002098171040415764
persistent_positioned,identity_scene,noisy,60,1000,B,1,0.055712098300670275,0.1250710310072333,0.15384615384615385,0.16883116883116883,0.19232068265167024,0.0026333853602409363,0.0018875617533922195
persistent_output,identity_scene,noisy,60,1000,B,1,0.23712037598380795,0.2198896710167402,0.2857142857142857,0.2676056338028169,0.17601436922502145,0.009487975388765335,0.0074306149035692215
prompt_history_excess,identity_scene,noisy,75,500,B,0,0.22688406660070012,0.10038795450517732,0.2328767123287671,0.1320754716981132,0.32096635063783496,0.2950693629682064,0.22497396636754274
policy_prompt_score,identity_scene,noisy,75,500,B,0,0.3518643506281722,0.07084445887124094,0.17647058823529413,0.15384615384615385,0.43686775743488016,0.48123716043319065,0.31340055478801915
persistent_content,identity_scene,noisy,75,500,B,0,0.14778641127807385,0.044619012111392825,0.2,0.2080536912751678,0.40050427297072977,0.0007862448692321777,0.0006177332252264023
persistent_positioned,identity_scene,noisy,75,500,B,0,0.11390887506054154,0.11939562378904899,0.16129032258064516,0.19205298013245034,0.29364583717771997,0.0008870810270309448,0.0007457179017364979
persistent_output,identity_scene,noisy,75,500,B,0,0.09943395115060417,0.0617977600340756,0.22448979591836735,0.18421052631578946,0.17912431646379667,0.002632640302181244,0.0023734085261821747
prompt_history_excess,identity_scene,noisy,75,1000,B,0,-0.027339179443941306,-0.04551462809430564,0.1464968152866242,0.11801242236024845,0.18032374727378908,0.27170803770422935,0.22403798811137676
policy_prompt_score,identity_scene,noisy,75,1000,B,0,0.19866624723785295,0.11992200270228075,0.16883116883116883,0.16883116883116883,0.19966859631569622,0.3966044644987975,0.33442763204335413
persistent_content,identity_scene,noisy,75,1000,B,0,0.29590385580428347,0.20470098077923735,0.25874125874125875,0.2328767123287671,0.29994953584563955,0.0021750405430793762,0.0018211724236607552
persistent_positioned,identity_scene,noisy,75,1000,B,0,0.22605275389054091,0.13104415397084285,0.16129032258064516,0.15384615384615385,0.20694090765184095,0.002421911805868149,0.0019198786467313766
persistent_output,identity_scene,noisy,75,1000,B,0,0.11179304017385548,0.11759962570350997,0.22448979591836735,0.25874125874125875,0.15204676293003594,0.006737694144248962,0.005850568413734436
prompt_history_excess,identity_scene,noisy,78,500,B,0,0.2879179037544623,0.20681398632192227,0.25,0.2,0.24416121888779402,0.31272606598213315,0.27449506521224976
policy_prompt_score,identity_scene,noisy,78,500,B,0,0.2936920102176773,0.06856606531103365,0.2080536912751678,0.17647058823529413,0.4305831852246255,0.42337656009574365,0.32521464477689577
persistent_content,identity_scene,noisy,78,500,B,0,0.11746973309254759,-0.06135921171389571,0.16129032258064516,0.1320754716981132,0.39233058878206284,0.0008571669459342957,0.0006468025967478752
persistent_positioned,identity_scene,noisy,78,500,B,0,0.05830892166755362,-0.011124466186381235,0.17647058823529413,0.1464968152866242,0.20313021970638834,0.0008838512003421783,0.0006307996809482574
persistent_output,identity_scene,noisy,78,500,B,0,-0.019333164773021022,-0.011176937656948214,0.19205298013245034,0.16129032258064516,0.16850476052938207,0.002440623939037323,0.002369571477174759
prompt_history_excess,identity_scene,noisy,78,1000,B,0,0.16661518117961527,0.1042788169329551,0.22448979591836735,0.2080536912751678,0.2415015754325087,0.2576477713882923,0.2143615521490574
policy_prompt_score,identity_scene,noisy,78,1000,B,0,0.2404118516700626,0.2020990131505337,0.16883116883116883,0.17647058823529413,0.22567771002019776,0.399010128754607,0.3091392615347582
persistent_content,identity_scene,noisy,78,1000,B,0,0.2959374411424075,0.24868261885109602,0.25,0.2413793103448276,0.29925188131694497,0.0021690577268600464,0.001895936205983162
persistent_positioned,identity_scene,noisy,78,1000,B,0,0.2112136162437269,0.27239123551536637,0.2080536912751678,0.22448979591836735,0.17448705503310752,0.0020404718816280365,0.0017818799242377281
persistent_output,identity_scene,noisy,78,1000,B,0,0.11332385117212357,0.08465063963116737,0.25874125874125875,0.22448979591836735,0.19713145284161357,0.005581319332122803,0.005055412650108337
prompt_history_excess,identity_scene,noisy,117,500,B,0,0.20223893707204568,0.1746191381458074,0.18421052631578946,0.2080536912751678,0.16240941229165723,0.28836984001100063,0.2430078126490116
policy_prompt_score,identity_scene,noisy,117,500,B,0,0.28266021706944927,0.10770540973145155,0.18421052631578946,0.16129032258064516,0.3727117786096485,0.4367718603701244,0.29440359281828765
persistent_content,identity_scene,noisy,117,500,B,0,0.4378548736865092,0.18899452058952212,0.37404580152671757,0.2676056338028169,0.5050025953279417,0.0010797008872032166,0.0007420163601636887
persistent_positioned,identity_scene,noisy,117,500,B,0,0.1976013850410525,0.17080441079296996,0.2413793103448276,0.25874125874125875,0.27371167150882825,0.0009564384818077087,0.0007598800584673882
persistent_output,identity_scene,noisy,117,500,B,0,0.20019707669568074,0.23815734587453055,0.2413793103448276,0.2,0.14639524528511752,0.002764791250228882,0.002350177615880966
prompt_history_excess,identity_scene,noisy,117,1000,B,0,0.0012649739816097785,0.0012161034943170054,0.13924050632911392,0.1464968152866242,0.18283660232127602,0.237988643348217,0.22769437357783318
policy_prompt_score,identity_scene,noisy,117,1000,B,0,0.14576570470814937,0.11336898478250189,0.2,0.2,0.27749456298850805,0.3570265517788134,0.30093098105155863
persistent_content,identity_scene,noisy,117,1000,B,0,0.2544907476592966,0.14009856920073863,0.25,0.2,0.29243179186785784,0.002201646566390991,0.0019016824662685394
persistent_positioned,identity_scene,noisy,117,1000,B,0,0.22261485803090422,0.22861742562104742,0.2328767123287671,0.21621621621621623,0.18615593408557646,0.0021952465176582336,0.001721702516078949
persistent_output,identity_scene,noisy,117,1000,B,0,0.04498142535663239,0.07991533573896163,0.21621621621621623,0.2,0.13918673565264264,0.007040843367576599,0.005960538983345032
prompt_history_excess,scene_action,clean,54,0,A,1,0.3347916458216891,0.2790203885100854,0.2857142857142857,0.16883116883116883,0.12638643970633764,0.35603115148842335,0.2941340859979391
policy_prompt_score,scene_action,clean,54,0,A,1,0.5194251184530587,0.07015898598368704,0.25874125874125875,0.15384615384615385,0.6646885040365383,0.5605971347913119,0.32759696928302584
persistent_content,scene_action,clean,54,0,A,1,0.07820791105363255,-0.05284507597978754,0.18421052631578946,0.16883116883116883,0.3359597931584941,0.0003551766276359558,0.00028410181403160095
persistent_positioned,scene_action,clean,54,0,A,1,0.0543907946521283,-0.038098660254172835,0.17647058823529413,0.16129032258064516,0.3497318889923027,0.00034984201192855835,0.0002796299522742629
persistent_output,scene_action,clean,54,0,A,1,0.19743908358062226,0.1663093548143989,0.25874125874125875,0.19205298013245034,0.2311396610168671,0.0012254118919372559,0.0009712688624858856
prompt_history_excess,scene_action,clean,57,0,B,1,0.37270202609323927,0.3498568737755049,0.2765957446808511,0.3333333333333333,0.17045797444097577,0.3704819902777672,0.27669418370351195
policy_prompt_score,scene_action,clean,57,0,B,1,0.5328076583654572,0.10026989369640163,0.25874125874125875,0.15384615384615385,0.6623108551002661,0.5989612481112547,0.3051695431057929
stale_a_mass,scene_action,clean,57,0,B,1,0.10371855709639181,0.10371855709639181,0.7647058823529411,0.7647058823529411,0.0,0.0,0.0
persistent_content,scene_action,clean,57,0,B,1,0.1786260151638705,0.15028034940855137,0.2328767123287671,0.2413793103448276,0.2934830730178203,0.0004097074270248413,0.0003410354256629944
persistent_positioned,scene_action,clean,57,0,B,1,0.0900092892519774,0.02849766903836449,0.19205298013245034,0.18421052631578946,0.22515647808270137,0.0003389902412891388,0.0003235526382923126
persistent_output,scene_action,clean,57,0,B,1,0.1911191007213027,0.13618996782714177,0.31386861313868614,0.25,0.23786130532656943,0.0012139081954956055,0.0010167881846427917
prompt_history_excess,scene_action,clean,60,0,B,1,0.3616439208843398,0.3675034923107433,0.2857142857142857,0.3235294117647059,0.09804003935537196,0.36834106408059597,0.3321064654737711
policy_prompt_score,scene_action,clean,60,0,B,1,0.5179353402299023,0.06957691275872101,0.3333333333333333,0.2,0.6159416437850702,0.5679920660611124,0.308734740071842
stale_a_mass,scene_action,clean,60,0,B,1,0.9205693459568874,0.9145561822750689,0.8367346938775511,0.7307692307692307,0.14351838280980625,0.28694460168480873,0.24122602120041847
persistent_content,scene_action,clean,60,0,B,1,0.15966261352343133,0.042565811349489883,0.2328767123287671,0.2080536912751678,0.3132510360422851,0.0003812164068222046,0.0002896096557378769
persistent_positioned,scene_action,clean,60,0,B,1,0.10378124488186127,0.12149408911456196,0.2328767123287671,0.16129032258064516,0.2308213878020455,0.0003294050693511963,0.000269278883934021
persistent_output,scene_action,clean,60,0,B,1,0.09897084534438187,0.04406523232643839,0.25,0.2080536912751678,0.272178754609522,0.0012022033333778381,0.0008756592869758606
prompt_history_excess,scene_action,clean,75,0,B,0,0.3690369967593723,0.3425924044459797,0.2949640287769784,0.25874125874125875,0.12391471218558062,0.38041162863373756,0.3413185141980648
policy_prompt_score,scene_action,clean,75,0,B,0,0.5881100162121412,0.14332736513224484,0.40625,0.22448979591836735,0.6766652401059581,0.5849697752678549,0.29289080511779036
persistent_content,scene_action,clean,75,0,B,0,0.15843776454773445,0.0010337394127876577,0.22448979591836735,0.16883116883116883,0.2983941027729129,0.00038780272006988525,0.0002946779131889343
persistent_positioned,scene_action,clean,75,0,B,0,0.07852150304794334,0.02478736836798551,0.16883116883116883,0.17647058823529413,0.3375483082104898,0.0003079921007156372,0.0002777986228466034
persistent_output,scene_action,clean,75,0,B,0,0.16603832404703525,0.15738688990019362,0.22448979591836735,0.2080536912751678,0.14997585159315954,0.0009307116270065308,0.0008009951561689377
prompt_history_excess,scene_action,clean,78,0,B,0,0.33473351566311976,0.30648714564717,0.25874125874125875,0.21621621621621623,0.12350893323670036,0.341589679941535,0.2918736906722188
policy_prompt_score,scene_action,clean,78,0,B,0,0.4816780684943029,0.03625572845705326,0.25874125874125875,0.1464968152866242,0.6323559947134862,0.5416981639270944,0.31286877813512803
persistent_content,scene_action,clean,78,0,B,0,0.23625511114563486,0.04294301161034172,0.22448979591836735,0.2,0.3279200689796012,0.00044620782136917114,0.0003207772970199585
persistent_positioned,scene_action,clean,78,0,B,0,0.1351336109734845,0.07387468629648387,0.25,0.17647058823529413,0.26106791402086565,0.0003670006990432739,0.0003167092800140381
persistent_output,scene_action,clean,78,0,B,0,-0.019441452734487247,-0.003923014064154604,0.2,0.16129032258064516,0.11095389204404275,0.0008495450019836426,0.0007254034280776978
prompt_history_excess,scene_action,clean,117,0,B,0,0.29946625711483565,0.30102162467620086,0.25,0.2413793103448276,0.100662289971748,0.34250458888709545,0.3162717903032899
policy_prompt_score,scene_action,clean,117,0,B,0,0.430906519245841,0.13505024786339515,0.34328358208955223,0.2,0.5819146100887859,0.49190127831839525,0.2939419018980528
persistent_content,scene_action,clean,117,0,B,0,0.25718330390922234,0.10863603463735619,0.30434782608695654,0.2080536912751678,0.3862624019698205,0.00038039684295654297,0.0002706628292798996
persistent_positioned,scene_action,clean,117,0,B,0,0.25623671012110366,0.14351050085304723,0.25874125874125875,0.22448979591836735,0.27155667637513603,0.0003424808382987976,0.0002820658264681697
persistent_output,scene_action,clean,117,0,B,0,-0.006651531389067957,-0.03479746331272756,0.2328767123287671,0.16883116883116883,0.16253808102224646,0.0009126141667366028,0.0006813518702983856
prompt_history_excess,scene_action,noisy,54,500,A,1,0.2440512399342872,0.1457901804787096,0.2413793103448276,0.19205298013245034,0.19968369260317856,0.2911407873034477,0.2290423670783639
policy_prompt_score,scene_action,noisy,54,500,A,1,0.24917819593043655,0.0379060076490029,0.2080536912751678,0.16129032258064516,0.4024256710794974,0.4133827977276324,0.28133492758829126
persistent_content,scene_action,noisy,54,500,A,1,0.25793791750507417,0.20530543154312164,0.2765957446808511,0.21621621621621623,0.28111988562467743,0.0009095743298530579,0.0007862318307161331
persistent_positioned,scene_action,noisy,54,500,A,1,0.1874396674543389,0.16441549482525844,0.22448979591836735,0.2328767123287671,0.24103106573872587,0.000809207558631897,0.0006859544664621353
persistent_output,scene_action,noisy,54,500,A,1,0.18721281754646127,0.09435887965179521,0.25,0.16883116883116883,0.2419278982466365,0.003222949802875519,0.0026776790618896484
prompt_history_excess,scene_action,noisy,54,1000,A,1,0.18735530156048613,0.24601171811400044,0.21621621621621623,0.21621621621621623,0.08218472374630902,0.2950741648674011,0.2501205652952194
policy_prompt_score,scene_action,noisy,54,1000,A,1,0.15519133244919733,0.07771616381078685,0.17647058823529413,0.18421052631578946,0.2650691761161311,0.3789974098574904,0.3086588844141112
persistent_content,scene_action,noisy,54,1000,A,1,0.326928405438849,0.2460127786052202,0.25874125874125875,0.2413793103448276,0.3038100529995582,0.002722419798374176,0.0021339384838938713
persistent_positioned,scene_action,noisy,54,1000,A,1,0.22393511851221778,0.12091587408596115,0.2328767123287671,0.2328767123287671,0.26363097426617776,0.0027233511209487915,0.0019947662949562073
persistent_output,scene_action,noisy,54,1000,A,1,0.26692494290512414,0.19053316929997144,0.2328767123287671,0.18421052631578946,0.18819701565954677,0.00877910852432251,0.007673710584640503
prompt_history_excess,scene_action,noisy,57,500,B,1,0.206492469958154,0.15175906746879428,0.22448979591836735,0.2,0.1845027784166013,0.30744752287864685,0.26514418609440327
policy_prompt_score,scene_action,noisy,57,500,B,1,0.38986230730687993,0.1560385788770951,0.25,0.15384615384615385,0.4025769038555558,0.5149516993475619,0.3059625529182522
stale_a_mass,scene_action,noisy,57,500,B,1,0.08353902687438125,0.08353902687438125,0.8,0.8,0.0,0.0,0.0
persistent_content,scene_action,noisy,57,500,B,1,0.2009603437190203,0.1092170510673443,0.18421052631578946,0.17647058823529413,0.32411938640061294,0.0009425655007362366,0.0008120797574520111
persistent_positioned,scene_action,noisy,57,500,B,1,0.1590014369211191,0.09613545047143301,0.2080536912751678,0.15384615384615385,0.2939075299069461,0.0009497925639152527,0.0007662549614906311
persistent_output,scene_action,noisy,57,500,B,1,0.13125429706620179,0.11989911073718044,0.2857142857142857,0.2080536912751678,0.2528707683954554,0.0028273239731788635,0.0022263936698436737
prompt_history_excess,scene_action,noisy,57,1000,B,1,0.05404304255307656,0.016756661240327826,0.18421052631578946,0.16883116883116883,0.14749141490876835,0.25470180064439774,0.22765378281474113
policy_prompt_score,scene_action,noisy,57,1000,B,1,0.2574502414845105,0.1889641694447824,0.16129032258064516,0.16129032258064516,0.22528319487466164,0.4022501440027444,0.3189872546268643
stale_a_mass,scene_action,noisy,57,1000,B,1,0.07613642968130263,0.07613642968130263,0.8,0.8,0.0,0.0,0.0
persistent_content,scene_action,noisy,57,1000,B,1,0.1192864368248922,0.11019831900956498,0.17647058823529413,0.22448979591836735,0.199503924729379,0.0022101998329162598,0.0018092356622219086
persistent_positioned,scene_action,noisy,57,1000,B,1,0.06306787827750567,0.10174038093773206,0.125,0.16883116883116883,0.15317129832793178,0.0023340731859207153,0.0019921641796827316
persistent_output,scene_action,noisy,57,1000,B,1,0.29508926194504026,0.2563977255160788,0.30434782608695654,0.30434782608695654,0.1466317030653362,0.008984267711639404,0.007811393588781357
prompt_history_excess,scene_action,noisy,60,500,B,1,0.21640674855131156,0.14676604694601894,0.2676056338028169,0.15384615384615385,0.24458377330326053,0.2862827628850937,0.24663323909044266
policy_prompt_score,scene_action,noisy,60,500,B,1,0.24775785099393283,0.043716965801204634,0.17647058823529413,0.16129032258064516,0.39615416816492,0.4159016893504636,0.2823129783774018
stale_a_mass,scene_action,noisy,60,500,B,1,0.9217306203494368,0.9077621483704864,0.7821782178217822,0.7307692307692307,0.19412609063769407,0.3225737512111664,0.2395437564700842
persistent_content,scene_action,noisy,60,500,B,1,0.12708681013113587,-0.0008484174352676612,0.2,0.16129032258064516,0.39405226448808583,0.0008034110069274902,0.0006847567856311798
persistent_positioned,scene_action,noisy,60,500,B,1,0.0688270168434734,0.06969728848531584,0.2,0.17647058823529413,0.22437903540112566,0.0008100196719169617,0.0006921850144863129
persistent_output,scene_action,noisy,60,500,B,1,0.1606501523858958,0.10905706452473324,0.30434782608695654,0.25874125874125875,0.29478075226361583,0.0030229315161705017,0.0022341497242450714
prompt_history_excess,scene_action,noisy,60,1000,B,1,0.07109575606116218,0.04698177156545289,0.16883116883116883,0.1464968152866242,0.1427253597578484,0.26456665620207787,0.23915903270244598
policy_prompt_score,scene_action,noisy,60,1000,B,1,0.20502146829064152,0.09384522510903906,0.18421052631578946,0.1320754716981132,0.2590887024504325,0.4024869158939767,0.3288029222164093
stale_a_mass,scene_action,noisy,60,1000,B,1,0.9462122229731874,0.9359719169625761,0.8181818181818182,0.8,0.20724535284890938,0.33689292147755623,0.24652130529284477
persistent_content,scene_action,noisy,60,1000,B,1,0.019447624598522516,0.0671686309067143,0.1320754716981132,0.16883116883116883,0.23728251008815343,0.0026022791862487793,0.0019333548843860626
persistent_positioned,scene_action,noisy,60,1000,B,1,0.0051751273912136525,0.08023916702054902,0.10429447852760736,0.17647058823529413,0.18946866157413217,0.002496924251317978,0.0019628070294857025
persistent_output,scene_action,noisy,60,1000,B,1,0.1713391568091893,0.16117435266538352,0.25,0.25,0.19152056020443356,0.008946754038333893,0.00735410675406456
prompt_history_excess,scene_action,noisy,75,500,B,0,0.1943437812433527,0.14294000221717684,0.22448979591836735,0.2,0.14057026537771874,0.31763153802603483,0.25407069618813694
policy_prompt_score,scene_action,noisy,75,500,B,0,0.31265850915739235,0.05921276846937892,0.18421052631578946,0.16883116883116883,0.4162098437446081,0.4638939989853579,0.32471308706572577
persistent_content,scene_action,noisy,75,500,B,0,0.2164411004168336,0.11627858674515291,0.25874125874125875,0.25,0.39240674902474226,0.000830523669719696,0.0006912760436534882
persistent_positioned,scene_action,noisy,75,500,B,0,0.128608354268873,0.11963406033975175,0.19205298013245034,0.2080536912751678,0.30875271274647664,0.0009019598364830017,0.0006955927237868309
persistent_output,scene_action,noisy,75,500,B,0,0.26623741231284215,0.24563748886186915,0.31386861313868614,0.31386861313868614,0.18502003367639128,0.0025610998272895813,0.002418890595436096
prompt_history_excess,scene_action,noisy,75,1000,B,0,0.0017310441025282246,-0.02620744184347709,0.16129032258064516,0.1320754716981132,0.17203317600704734,0.2639976814389229,0.235559799708426
policy_prompt_score,scene_action,noisy,75,1000,B,0,0.15803712459427852,0.08938540732393699,0.16129032258064516,0.1464968152866242,0.2239060012169467,0.3820934879294228,0.3233707006386696
persistent_content,scene_action,noisy,75,1000,B,0,0.23143853880329554,0.14153484710096412,0.2080536912751678,0.22448979591836735,0.3055126248447437,0.00222962349653244,0.0019080210477113724
persistent_positioned,scene_action,noisy,75,1000,B,0,0.13357667406497256,0.056048533023717366,0.125,0.1320754716981132,0.22456064326414596,0.0021470896899700165,0.0016540661454200745
persistent_output,scene_action,noisy,75,1000,B,0,0.06920755476002405,0.0927582425864114,0.2328767123287671,0.2413793103448276,0.14181847092205987,0.0059214308857917786,0.005189988762140274
prompt_history_excess,scene_action,noisy,78,500,B,0,0.16704858523797486,0.11033026932525548,0.18421052631578946,0.15384615384615385,0.19673590260262408,0.3223567605018616,0.26204716810025275
policy_prompt_score,scene_action,noisy,78,500,B,0,0.380954156965349,0.1116207074028757,0.2413793103448276,0.16883116883116883,0.43207012634656555,0.5256719700196946,0.31986774886651814
persistent_content,scene_action,noisy,78,500,B,0,0.17184595688145665,-0.008306440095356632,0.16883116883116883,0.17647058823529413,0.41001892763369224,0.0007389970123767853,0.000637812539935112
persistent_positioned,scene_action,noisy,78,500,B,0,0.14860718780743026,0.09648783861060702,0.19205298013245034,0.18421052631578946,0.1724916153628676,0.0007789880037307739,0.0006085522472858429
persistent_output,scene_action,noisy,78,500,B,0,0.13004179455515896,0.07809683918548845,0.2765957446808511,0.2413793103448276,0.22141276078189578,0.0025956332683563232,0.002012249082326889
prompt_history_excess,scene_action,noisy,78,1000,B,0,0.2295403061916078,0.15823286375654064,0.2413793103448276,0.17647058823529413,0.23788913963435757,0.2703311089426279,0.22069407533854246
policy_prompt_score,scene_action,noisy,78,1000,B,0,0.1800986802995795,0.0942176696648282,0.2080536912751678,0.21621621621621623,0.23096604608056545,0.3975234439812254,0.3183191781226787
persistent_content,scene_action,noisy,78,1000,B,0,0.17072698965257455,0.1414463657976551,0.19205298013245034,0.16883116883116883,0.2310283658788822,0.0021181218326091766,0.0017308928072452545
persistent_positioned,scene_action,noisy,78,1000,B,0,0.16194856406933744,0.17554819183055212,0.21621621621621623,0.21621621621621623,0.15247438278276162,0.001919027417898178,0.0017375312745571136
persistent_output,scene_action,noisy,78,1000,B,0,0.1239129210224632,0.1753727725024802,0.2328767123287671,0.2328767123287671,0.16050857785089792,0.005988426506519318,0.00548563152551651
prompt_history_excess,scene_action,noisy,117,500,B,0,0.16453818546967242,0.12001228449722687,0.2080536912751678,0.16883116883116883,0.15542757443513322,0.29449884593486786,0.2659882274456322
policy_prompt_score,scene_action,noisy,117,500,B,0,0.3138187783256622,0.14857554104130663,0.2328767123287671,0.22448979591836735,0.37664175111527903,0.4079773140538117,0.29977310979851735
persistent_content,scene_action,noisy,117,500,B,0,0.24534621079412877,0.13221718277441274,0.2413793103448276,0.18421052631578946,0.38603471175906867,0.0009356588125228882,0.0006881877779960632
persistent_positioned,scene_action,noisy,117,500,B,0,0.17072313145620935,0.1528571101543356,0.2413793103448276,0.2080536912751678,0.2180927155075974,0.0008426010608673096,0.0007333606481552124
persistent_output,scene_action,noisy,117,500,B,0,0.12400436825020585,0.08447598105574143,0.25,0.19205298013245034,0.18584129888672343,0.002576664090156555,0.001837402582168579
prompt_history_excess,scene_action,noisy,117,1000,B,0,0.08691847656801602,-0.008528414458770929,0.19205298013245034,0.13924050632911392,0.21930332714480064,0.3021815037354827,0.20502163283526897
policy_prompt_score,scene_action,noisy,117,1000,B,0,0.17306463861918664,0.1116893832981766,0.13924050632911392,0.1464968152866242,0.2610719574982607,0.37846436639025205,0.3195139352823215
persistent_content,scene_action,noisy,117,1000,B,0,0.18488682752601904,0.09631987225769047,0.17647058823529413,0.18421052631578946,0.22321902637152913,0.0020648501813411713,0.0016448646783828735
persistent_positioned,scene_action,noisy,117,1000,B,0,0.21213623960119626,0.16541747905819137,0.22448979591836735,0.18421052631578946,0.14295014314432786,0.002037275582551956,0.0016455277800559998
persistent_output,scene_action,noisy,117,1000,B,0,0.12137911486287842,0.10333047226638428,0.2328767123287671,0.17647058823529413,0.15885556161818395,0.005814030766487122,0.0051625631749629974
