layer,head,discovery_best,discovery_margin,coverage_gain,episode_gain,stability_frequency,supported_nonlocal,assigned_policy
0,0,recent,4.216926359303108,-4.216926359303108,-4.2643300945104805,1.0,False,recent
0,1,recent,4.8218289847044575,-4.823182995683411,-4.8218289847044575,1.0,False,recent
0,2,coverage,0.08959296870626376,0.31654781315015956,0.2269548444438958,1.0,False,recent
0,3,recent,0.048819439237968165,-0.048819439237968165,-0.0637474466190815,0.9166666666666666,False,recent
0,4,recent,2.7411720193477684,-2.7478264059290485,-2.7411720193477684,1.0,False,recent
0,5,recent,4.564019733674682,-4.581284450975495,-4.564019733674682,1.0,False,recent
0,6,recent,2.7603128330493742,-2.7603128330493742,-2.7620445568236835,1.0,False,recent
0,7,recent,3.719748740103748,-3.719748740103748,-3.7331024300993354,1.0,False,recent
0,8,coverage,0.009716181302639626,0.009716181302639626,-0.030420607572591685,0.5833333333333334,False,recent
0,9,coverage,0.24787594152875503,1.428204781106857,1.180328839578102,1.0,False,recent
0,10,coverage,0.7936617646189674,5.1003863593096215,4.306724594690654,1.0,True,coverage
0,11,recent,3.2936452284708118,-3.2936452284708118,-3.300600540004975,1.0,False,recent
1,0,recent,1.9057150861757322,-1.9057150861757322,-1.946462935326287,1.0,False,recent
1,1,recent,4.662008161899903,-4.824820494533753,-4.662008161899903,1.0,False,recent
1,2,recent,2.608701570109692,-2.608701570109692,-2.6332987427885675,1.0,False,recent
1,3,recent,1.353683522335869,-1.353683522335869,-1.4132585025421909,1.0,False,recent
1,4,recent,2.6599630134027183,-2.6599630134027183,-2.6665907048856967,1.0,False,recent
1,5,coverage,0.09541021126542715,0.09541021126542715,-0.092812552214939,1.0,False,recent
1,6,coverage,0.08045651142984944,0.08045651142984944,-0.08984641358108414,1.0,False,recent
1,7,recent,1.398460709356347,-1.4610876251759315,-1.398460709356347,1.0,False,recent
1,8,recent,3.2625067918286756,-3.3038598239611403,-3.2625067918286756,1.0,False,recent
1,9,recent,3.2104458719612623,-3.2104458719612623,-3.2395085829886296,1.0,False,recent
1,10,coverage,0.07049378745693069,0.6841635142525786,0.6136697267956479,1.0,False,recent
1,11,recent,2.524468976136676,-2.524468976136676,-2.5343030776710354,1.0,False,recent
2,0,recent,0.8261230826832189,-0.9103164499727492,-0.8261230826832189,1.0,False,recent
2,1,recent,0.8543552514555284,-0.8543552514555284,-0.891363203099877,1.0,False,recent
2,2,recent,1.8558817780116619,-1.9725762035344085,-1.8558817780116619,1.0,False,recent
2,3,recent,2.5279835419152814,-2.5330589643096726,-2.5279835419152814,1.0,False,recent
2,4,recent,11.571517803343028,-11.571517803343028,-11.573308965637834,1.0,False,recent
2,5,recent,0.4068133293776217,-0.4068133293776217,-0.44345263670051693,1.0,False,recent
2,6,coverage,0.07343269711372846,0.2612056832227436,0.18777298610901516,1.0,False,recent
2,7,recent,0.5926346721791074,-0.5926346721791074,-0.6431791721801439,1.0,False,recent
2,8,recent,1.4325402431601493,-1.4325402431601493,-1.4624385848033992,1.0,False,recent
2,9,recent,0.09591113112493543,-0.09591113112493543,-0.4200112354517538,0.9166666666666666,False,recent
2,10,episode,0.008313441343766215,-0.030077445946105286,0.008313441343766215,0.5,False,recent
2,11,recent,0.8781945032662613,-0.8885581827081985,-0.8781945032662613,1.0,False,recent
3,0,recent,4.203617232516688,-4.203617232516688,-4.211995994978455,1.0,False,recent
3,1,recent,2.147953210220548,-2.147953210220548,-2.210406576292694,1.0,False,recent
3,2,recent,2.7879475183616336,-2.886790321959154,-2.7879475183616336,1.0,False,recent
3,3,recent,0.09502547627608138,-0.1292755919750359,-0.09502547627608138,1.0,False,recent
3,4,recent,1.7152129748964349,-1.7230122302605473,-1.7152129748964349,1.0,False,recent
3,5,recent,2.1003090633516948,-2.183191675721087,-2.1003090633516948,1.0,False,recent
3,6,recent,1.0603574307941939,-1.142382497560698,-1.0603574307941939,1.0,False,recent
3,7,coverage,0.06417893804608887,0.11535113305086142,0.05117219500477255,1.0,False,recent
3,8,recent,1.7326212196082222,-1.7326212196082222,-1.7712615952058055,1.0,False,recent
3,9,recent,0.5666634789995504,-0.5843595679190976,-0.5666634789995504,1.0,False,recent
3,10,recent,0.46891807477214087,-0.46891807477214087,-0.49610448652339034,1.0,False,recent
3,11,recent,1.691961634977428,-1.691961634977428,-1.728125702469418,1.0,False,recent
4,0,recent,1.633697875045181,-1.633697875045181,-1.673244231255664,1.0,False,recent
4,1,recent,2.397756883503739,-2.516947423424969,-2.397756883503739,1.0,False,recent
4,2,recent,2.6627206582981717,-2.6695339118962416,-2.6627206582981717,1.0,False,recent
4,3,recent,2.6306402662933444,-2.6306402662933444,-2.6801638323553583,1.0,False,recent
4,4,recent,1.98007557025067,-1.98007557025067,-1.9900059325930712,1.0,False,recent
4,5,recent,0.9892750423369652,-0.9892750423369652,-1.0275308841062927,1.0,False,recent
4,6,recent,1.4659428521750963,-1.4659428521750963,-1.5660204587153759,1.0,False,recent
4,7,recent,1.6097871909962431,-1.6097871909962431,-1.612578170980143,1.0,False,recent
4,8,coverage,0.10424073147066615,0.5673110423251595,0.46307031085449335,1.0,False,recent
4,9,recent,0.33041577145801515,-0.33041577145801515,-0.46700006363463986,1.0,False,recent
4,10,recent,1.837276816288528,-1.837276816288528,-1.8560353827510587,1.0,False,recent
4,11,recent,1.137545634787399,-1.1800794313726826,-1.137545634787399,1.0,False,recent
5,0,recent,4.89726562774351,-4.89726562774351,-4.920100045142119,1.0,False,recent
5,1,recent,1.9087479743399296,-1.9087479743399296,-1.92863404627008,1.0,False,recent
5,2,recent,2.0805078571741475,-2.1062311872449726,-2.0805078571741475,1.0,False,recent
5,3,coverage,0.261359085506478,0.345028057019495,0.083668971513017,1.0,True,coverage
5,4,recent,1.27344510339055,-1.3094394687424238,-1.27344510339055,1.0,False,recent
5,5,recent,1.2714461981538854,-1.2714461981538854,-1.35494751258073,1.0,False,recent
5,6,recent,2.5090387396477087,-2.5090387396477087,-2.5277760927239363,1.0,False,recent
5,7,recent,2.256959979737184,-2.256959979737184,-2.2575230416249483,1.0,False,recent
5,8,coverage,0.06012419575078454,0.06012419575078454,-0.09762951336490833,1.0,False,recent
5,9,recent,5.279545874098824,-5.279545874098824,-5.318538705876945,1.0,False,recent
5,10,recent,1.2426631919405273,-1.2426631919405273,-1.3085030758335547,1.0,False,recent
5,11,recent,2.257998708079743,-2.268542879929612,-2.257998708079743,1.0,False,recent
6,0,recent,1.0192169994502889,-1.0374629765115975,-1.0192169994502889,1.0,False,recent
6,1,recent,0.8004215379677757,-0.8004215379677757,-0.9264100359716125,1.0,False,recent
6,2,recent,1.7703892008596558,-1.78772459697075,-1.7703892008596558,1.0,False,recent
6,3,recent,0.33797098679875903,-0.33797098679875903,-0.44157533090428736,1.0,False,recent
6,4,recent,1.6236966240952255,-1.653477916678479,-1.6236966240952255,1.0,False,recent
6,5,recent,0.18357008971903532,-0.18357008971903532,-0.27846099309633976,1.0,False,recent
6,6,coverage,0.2543680280903189,0.2543680280903189,-0.08066014831413915,1.0,True,coverage
6,7,recent,0.2747538086101402,-0.36044111427292513,-0.2747538086101402,1.0,False,recent
6,8,recent,0.7471080007789599,-0.7789632729955498,-0.7471080007789599,1.0,False,recent
6,9,recent,1.0348567594383455,-1.0348567594383455,-1.0522033957406922,1.0,False,recent
6,10,recent,0.91269656054134,-0.9225301306519338,-0.91269656054134,1.0,False,recent
6,11,recent,0.17746814629545504,-0.18539900092142503,-0.17746814629545504,0.9166666666666666,False,recent
7,0,recent,2.239511457171986,-2.257112680297384,-2.239511457171986,1.0,False,recent
7,1,recent,3.4457730590524402,-3.4457730590524402,-3.4723784636003083,1.0,False,recent
7,2,recent,0.7939255661342823,-0.7939255661342823,-0.8533885373770342,1.0,False,recent
7,3,recent,2.2393829785271038,-2.2393829785271038,-2.262288927882093,1.0,False,recent
7,4,recent,2.4319888708724937,-2.4319888708724937,-2.4359082831453174,1.0,False,recent
7,5,recent,1.3856648649677834,-1.4640155794222984,-1.3856648649677834,1.0,False,recent
7,6,recent,1.4637993389674455,-1.4637993389674455,-1.5992491569998268,1.0,False,recent
7,7,recent,4.426266922353729,-4.426266922353729,-4.435854281249542,1.0,False,recent
7,8,recent,3.636533088236485,-3.636533088236485,-3.6589779635767687,1.0,False,recent
7,9,recent,1.7489648685086348,-1.803456993876595,-1.7489648685086348,1.0,False,recent
7,10,recent,0.2764812288985987,-0.2764812288985987,-0.2933649964379237,1.0,False,recent
7,11,recent,1.5871650236475938,-1.6432579893199608,-1.5871650236475938,1.0,False,recent
8,0,recent,3.4496933408183343,-3.4566994876468335,-3.4496933408183343,1.0,False,recent
8,1,recent,5.118920813506717,-5.129510098476988,-5.118920813506717,1.0,False,recent
8,2,recent,0.7151741678414147,-0.7199151403269743,-0.7151741678414147,1.0,False,recent
8,3,recent,1.8994657785499305,-1.913207739351904,-1.8994657785499305,1.0,False,recent
8,4,recent,1.7298374986693172,-1.732455959886928,-1.7298374986693172,1.0,False,recent
8,5,recent,3.3179251039140123,-3.329574948048556,-3.3179251039140123,1.0,False,recent
8,6,coverage,0.42442666922038885,1.4370886696424323,1.0126620004220435,1.0,True,coverage
8,7,recent,3.156065891965853,-3.156065891965853,-3.1686704543197495,1.0,False,recent
8,8,recent,3.181630151655816,-3.181630151655816,-3.2043406505419987,1.0,False,recent
8,9,recent,0.966639857338587,-0.966639857338587,-1.014491370724489,1.0,False,recent
8,10,recent,3.045413760434739,-3.045413760434739,-3.053260033362039,1.0,False,recent
8,11,recent,6.084893646329276,-6.091487203333542,-6.084893646329276,1.0,False,recent
9,0,recent,1.4353580538013055,-1.4965982129272843,-1.4353580538013055,1.0,False,recent
9,1,recent,0.6347526861281745,-0.6639941132908178,-0.6347526861281745,1.0,False,recent
9,2,recent,0.5315998787041067,-0.6388613407380248,-0.5315998787041067,1.0,False,recent
9,3,recent,1.1539109114712591,-1.2031357599383574,-1.1539109114712591,1.0,False,recent
9,4,recent,1.8210627808096707,-1.8433422533582657,-1.8210627808096707,1.0,False,recent
9,5,recent,0.6931312055474215,-0.6931312055474215,-0.735135571504482,1.0,False,recent
9,6,recent,1.1387090981062946,-1.2540407855881832,-1.1387090981062946,1.0,False,recent
9,7,recent,2.937245426565168,-2.937245426565168,-2.965529676176067,1.0,False,recent
9,8,recent,2.0546485455483827,-2.132337425843481,-2.0546485455483827,1.0,False,recent
9,9,recent,2.481417245126165,-2.5003308401138016,-2.481417245126165,1.0,False,recent
9,10,recent,1.530727333936916,-1.5739137154088017,-1.530727333936916,1.0,False,recent
9,11,recent,0.1154539613385479,-0.1950616199132149,-0.1154539613385479,1.0,False,recent
10,0,recent,2.36562864750203,-2.4334698014413756,-2.36562864750203,1.0,False,recent
10,1,recent,1.1308390040545544,-1.2813573063924872,-1.1308390040545544,1.0,False,recent
10,2,recent,0.958866482871374,-1.069689437864426,-0.958866482871374,1.0,False,recent
10,3,recent,0.9715217133338703,-1.0410551523008351,-0.9715217133338703,1.0,False,recent
10,4,episode,0.02351100196918665,-0.07288689260572978,0.02351100196918665,0.6666666666666666,False,recent
10,5,recent,0.613659845950878,-0.7353191081127379,-0.613659845950878,1.0,False,recent
10,6,recent,0.7930334456061559,-0.8661276586094511,-0.7930334456061559,1.0,False,recent
10,7,recent,0.034453958865542145,-0.034453958865542145,-0.06810470039463601,1.0,False,recent
10,8,coverage,0.08500201472074753,0.10473548701423585,0.01973347229348832,1.0,False,recent
10,9,recent,0.6473688276517873,-0.7609026709914302,-0.6473688276517873,1.0,False,recent
10,10,recent,1.3431355631995738,-1.494848155672928,-1.3431355631995738,1.0,False,recent
10,11,recent,1.9340658875332428,-1.9761125899260046,-1.9340658875332428,1.0,False,recent
11,0,recent,1.5682202016173594,-1.6981281694016994,-1.5682202016173594,1.0,False,recent
11,1,recent,1.5140515627824565,-1.6577053288412413,-1.5140515627824565,1.0,False,recent
11,2,recent,0.768583484960029,-0.8608873072280447,-0.768583484960029,1.0,False,recent
11,3,recent,2.119765613103313,-2.2227708173520035,-2.119765613103313,1.0,False,recent
11,4,recent,1.6040934325913723,-1.670470088953678,-1.6040934325913723,1.0,False,recent
11,5,recent,1.7968557990927483,-1.8547208536796598,-1.7968557990927483,1.0,False,recent
11,6,recent,1.4447285766075249,-1.5769660044214548,-1.4447285766075249,1.0,False,recent
11,7,recent,1.576286054114417,-1.6735679350660644,-1.576286054114417,1.0,False,recent
11,8,recent,0.5423354126711795,-0.5423354126711795,-0.550510411388859,1.0,False,recent
11,9,recent,1.7651936947837568,-1.8690315400858308,-1.7651936947837568,1.0,False,recent
11,10,coverage,0.068029044199716,0.15847830755368708,0.09044926335397108,1.0,False,recent
11,11,recent,0.41616032636460076,-0.49729033338567596,-0.41616032636460076,1.0,False,recent
12,0,recent,2.5613608720522762,-2.6255867842964546,-2.5613608720522762,1.0,False,recent
12,1,recent,1.2958099372641394,-1.3992532950387266,-1.2958099372641394,1.0,False,recent
12,2,recent,2.3215385824570918,-2.3215385824570918,-2.3464653594120115,1.0,False,recent
12,3,recent,0.28913095707420844,-0.45734855837051036,-0.28913095707420844,1.0,False,recent
12,4,recent,0.2806160370340747,-0.3301043698330348,-0.2806160370340747,1.0,False,recent
12,5,recent,0.014756070336281457,-0.014756070336281457,-0.0434895841176397,0.75,False,recent
12,6,recent,3.3276394655221804,-3.380420154124315,-3.3276394655221804,1.0,False,recent
12,7,recent,3.4529729965402325,-3.518152166892995,-3.4529729965402325,1.0,False,recent
12,8,recent,3.3832987245988306,-3.400280563213623,-3.3832987245988306,1.0,False,recent
12,9,recent,2.906086124142834,-2.9352544610072995,-2.906086124142834,1.0,False,recent
12,10,recent,1.4379736436510893,-1.592852556175644,-1.4379736436510893,1.0,False,recent
12,11,recent,1.882312191267168,-1.9617980058845275,-1.882312191267168,1.0,False,recent
13,0,recent,0.6558779109349455,-0.7986448444977805,-0.6558779109349455,1.0,False,recent
13,1,recent,1.6201636951569487,-1.7623205861635598,-1.6201636951569487,1.0,False,recent
13,2,recent,0.829766714582437,-0.9218343351958964,-0.829766714582437,1.0,False,recent
13,3,recent,0.9566870744291363,-0.9981134667518461,-0.9566870744291363,1.0,False,recent
13,4,recent,0.642697767151144,-0.7333578887807666,-0.642697767151144,1.0,False,recent
13,5,recent,1.5294782507394968,-1.6893543912813578,-1.5294782507394968,1.0,False,recent
13,6,recent,0.7360939294137223,-0.8272115683733503,-0.7360939294137223,1.0,False,recent
13,7,recent,1.5603107781533656,-1.6973683131822157,-1.5603107781533656,1.0,False,recent
13,8,recent,1.4472224847234303,-1.4922963797530775,-1.4472224847234303,1.0,False,recent
13,9,recent,2.18879098799649,-2.3135787248107307,-2.18879098799649,1.0,False,recent
13,10,recent,0.539813908042702,-0.7048301024394226,-0.539813908042702,1.0,False,recent
13,11,recent,1.7928772470567216,-1.8562939839423152,-1.7928772470567216,1.0,False,recent
14,0,recent,1.8914328032525596,-1.9382905268118842,-1.8914328032525596,1.0,False,recent
14,1,recent,1.3599190121032003,-1.5130784308210385,-1.3599190121032003,1.0,False,recent
14,2,recent,0.9024258925654673,-1.0037719997736807,-0.9024258925654673,1.0,False,recent
14,3,recent,3.0245671991201286,-3.073507058075273,-3.0245671991201286,1.0,False,recent
14,4,recent,1.8978800309090982,-1.9642661518679372,-1.8978800309090982,1.0,False,recent
14,5,recent,2.868317803189804,-2.9341507976715935,-2.868317803189804,1.0,False,recent
14,6,recent,0.7309253412232009,-0.7608232934176122,-0.7309253412232009,1.0,False,recent
14,7,recent,1.2780601154727669,-1.3584257372381185,-1.2780601154727669,1.0,False,recent
14,8,recent,2.7365330515159147,-2.8174335124750876,-2.7365330515159147,1.0,False,recent
14,9,recent,0.21615392439811565,-0.21615392439811565,-0.2513956075769075,1.0,False,recent
14,10,recent,2.906703497034103,-2.9544904062094934,-2.906703497034103,1.0,False,recent
14,11,recent,0.7152067541973253,-0.8380103164131989,-0.7152067541973253,1.0,False,recent
15,0,recent,0.8230632606639254,-0.8859556807492446,-0.8230632606639254,1.0,False,recent
15,1,recent,1.260813250642708,-1.4052158764788372,-1.260813250642708,1.0,False,recent
15,2,recent,1.0433138116381055,-1.162758021089528,-1.0433138116381055,1.0,False,recent
15,3,recent,0.5035303920891412,-0.5443724230556595,-0.5035303920891412,1.0,False,recent
15,4,recent,1.5770762661846027,-1.7162575032447722,-1.5770762661846027,1.0,False,recent
15,5,recent,1.1474223364527965,-1.2360847388676905,-1.1474223364527965,1.0,False,recent
15,6,recent,0.4284815219595264,-0.523139795049679,-0.4284815219595264,1.0,False,recent
15,7,recent,0.5239842488602551,-0.6907183591494275,-0.5239842488602551,1.0,False,recent
15,8,recent,1.1137754442502903,-1.1918409608779026,-1.1137754442502903,1.0,False,recent
15,9,recent,0.5586272798698997,-0.5586272798698997,-0.5769589718428505,1.0,False,recent
15,10,recent,0.9355376630463996,-0.9355376630463996,-0.94593298691718,1.0,False,recent
15,11,recent,1.796218485605924,-1.8052156693842516,-1.796218485605924,1.0,False,recent
16,0,recent,2.2889958526342635,-2.4655591113114896,-2.2889958526342635,1.0,False,recent
16,1,recent,0.7208338527827918,-0.8259772767192675,-0.7208338527827918,1.0,False,recent
16,2,recent,3.763429279310893,-3.7784246539753763,-3.763429279310893,1.0,False,recent
16,3,recent,0.37818432332233254,-0.41796932556727295,-0.37818432332233254,1.0,False,recent
16,4,recent,1.5632827020980526,-1.6279520437855055,-1.5632827020980526,1.0,False,recent
16,5,recent,2.3929759722690536,-2.4491658191254992,-2.3929759722690536,1.0,False,recent
16,6,recent,2.268601939062977,-2.2984959773447935,-2.268601939062977,1.0,False,recent
16,7,recent,0.634483584319558,-0.7794606130136974,-0.634483584319558,1.0,False,recent
16,8,recent,2.4441587888245886,-2.4441587888245886,-2.4604576790535684,1.0,False,recent
16,9,recent,4.428271268376349,-4.446696257797017,-4.428271268376349,1.0,False,recent
16,10,recent,0.5476104952498075,-0.6798872611373876,-0.5476104952498075,1.0,False,recent
16,11,recent,1.0340827461166668,-1.068273884547045,-1.0340827461166668,1.0,False,recent
17,0,recent,1.62506457549409,-1.7582408350359213,-1.62506457549409,1.0,False,recent
17,1,recent,2.045008981875057,-2.05772468981764,-2.045008981875057,1.0,False,recent
17,2,recent,1.0088528167153745,-1.1173465080242027,-1.0088528167153745,1.0,False,recent
17,3,recent,2.770764127984119,-2.7874172996975703,-2.770764127984119,1.0,False,recent
17,4,recent,1.1603614572951484,-1.1603614572951484,-1.1794903658009082,1.0,False,recent
17,5,recent,2.7007471547120527,-2.7257726919787872,-2.7007471547120527,1.0,False,recent
17,6,recent,1.558957411370403,-1.6922507620335472,-1.558957411370403,1.0,False,recent
17,7,recent,4.027945012177453,-4.027945012177453,-4.028056712292257,1.0,False,recent
17,8,recent,4.061174132249968,-4.070030126260316,-4.061174132249968,1.0,False,recent
17,9,recent,0.5885265491695346,-0.736549131092251,-0.5885265491695346,1.0,False,recent
17,10,recent,3.3380684938517775,-3.3729301939646286,-3.3380684938517775,1.0,False,recent
17,11,recent,1.1047414677436396,-1.145589577006254,-1.1047414677436396,1.0,False,recent
18,0,recent,0.502612563471716,-0.502612563471716,-0.5864584843370984,1.0,False,recent
18,1,recent,2.6458607408044292,-2.805107615265865,-2.6458607408044292,1.0,False,recent
18,2,recent,2.575975803963596,-2.7172362882108283,-2.575975803963596,1.0,False,recent
18,3,recent,2.6294019567236617,-2.7789040674462973,-2.6294019567236617,1.0,False,recent
18,4,recent,1.0285782718020506,-1.1895635300856773,-1.0285782718020506,1.0,False,recent
18,5,recent,2.434804152910167,-2.5681044763515164,-2.434804152910167,1.0,False,recent
18,6,recent,2.4650109946177006,-2.5745593841755934,-2.4650109946177006,1.0,False,recent
18,7,recent,2.0519139695065167,-2.1920044222320856,-2.0519139695065167,1.0,False,recent
18,8,recent,2.784212139735698,-2.924583000212865,-2.784212139735698,1.0,False,recent
18,9,recent,0.31723983411475754,-0.31723983411475754,-0.42039504189375654,1.0,False,recent
18,10,recent,2.4118992474234364,-2.552661324676501,-2.4118992474234364,1.0,False,recent
18,11,recent,1.773215194137098,-1.907140879779572,-1.773215194137098,1.0,False,recent
19,0,recent,0.4761323402755444,-0.4761323402755444,-0.5496489388656314,1.0,False,recent
19,1,recent,2.901008221216215,-2.98501194670426,-2.901008221216215,1.0,False,recent
19,2,recent,3.551116284315029,-3.5625997598690518,-3.551116284315029,1.0,False,recent
19,3,recent,3.119403811754551,-3.1845600453943135,-3.119403811754551,1.0,False,recent
19,4,recent,1.7861696169659078,-1.8572212953270286,-1.7861696169659078,1.0,False,recent
19,5,recent,3.721558483147075,-3.729015505829725,-3.721558483147075,1.0,False,recent
19,6,recent,1.111616541635291,-1.111616541635291,-1.178147988176808,1.0,False,recent
19,7,recent,1.90855293530114,-1.9151983651514044,-1.90855293530114,1.0,False,recent
19,8,recent,0.5638958066141462,-0.5638958066141462,-0.6369190339499307,1.0,False,recent
19,9,recent,2.2124995169809094,-2.249208961534732,-2.2124995169809094,1.0,False,recent
19,10,recent,1.9366007262541398,-1.9366007262541398,-1.9373273365187869,1.0,False,recent
19,11,recent,3.39077434671801,-3.459461483539871,-3.39077434671801,1.0,False,recent
20,0,recent,2.141313400700516,-2.156249332883173,-2.141313400700516,1.0,False,recent
20,1,recent,1.8369548752562093,-1.8369548752562093,-1.867065063375085,1.0,False,recent
20,2,recent,2.919176817796407,-2.919176817796407,-2.9288481748562187,1.0,False,recent
20,3,recent,1.6307926381695363,-1.6307926381695363,-1.6654663737159456,1.0,False,recent
20,4,recent,1.3520058175314458,-1.4354002090310303,-1.3520058175314458,1.0,False,recent
20,5,recent,3.6778819765503847,-3.6778819765503847,-3.687407587352867,1.0,False,recent
20,6,recent,0.8608349651917226,-0.9602105968054504,-0.8608349651917226,1.0,False,recent
20,7,recent,7.346520372469303,-7.346520372469303,-7.355567052072702,1.0,False,recent
20,8,recent,3.318245999259733,-3.318245999259733,-3.32481772804004,1.0,False,recent
20,9,recent,1.8096643759291116,-1.8096643759291116,-1.8556365164926412,1.0,False,recent
20,10,recent,0.5928808571459268,-0.5928808571459268,-0.6608187270917636,1.0,False,recent
20,11,recent,3.758375651845416,-3.758375651845416,-3.7815850932816852,1.0,False,recent
21,0,recent,3.83463220961084,-3.83463220961084,-3.8378384609697704,1.0,False,recent
21,1,recent,2.6039853853502195,-2.6620493312482854,-2.6039853853502195,1.0,False,recent
21,2,recent,1.38453787995652,-1.4218170674557276,-1.38453787995652,1.0,False,recent
21,3,recent,1.7554400467086442,-1.7554400467086442,-1.7698735681321818,1.0,False,recent
21,4,recent,1.651041996358964,-1.651041996358964,-1.668851999477039,1.0,False,recent
21,5,recent,0.7301179675386429,-0.7301179675386429,-0.8558624583199252,1.0,False,recent
21,6,recent,1.6272647060557741,-1.690981156200833,-1.6272647060557741,1.0,False,recent
21,7,recent,2.570301103096783,-2.6222030087679316,-2.570301103096783,1.0,False,recent
21,8,recent,6.660572064381402,-6.660572064381402,-6.664211385920471,1.0,False,recent
21,9,recent,1.7019790989724903,-1.7019790989724903,-1.737885083576895,1.0,False,recent
21,10,recent,3.1535253632654836,-3.1535253632654836,-3.1717314310233746,1.0,False,recent
21,11,recent,3.7302611863552286,-3.7302611863552286,-3.734237416630961,1.0,False,recent
22,0,recent,1.053693435337335,-1.1691969309498216,-1.053693435337335,1.0,False,recent
22,1,recent,1.7443242833725,-1.8363676893670169,-1.7443242833725,1.0,False,recent
22,2,recent,2.1447507645197867,-2.155548606969971,-2.1447507645197867,1.0,False,recent
22,3,recent,2.4586122737862652,-2.54590949832413,-2.4586122737862652,1.0,False,recent
22,4,recent,1.4755933206690184,-1.5612391829503607,-1.4755933206690184,1.0,False,recent
22,5,recent,2.8835613637055015,-2.9619704816603147,-2.8835613637055015,1.0,False,recent
22,6,recent,1.011994636517144,-1.0280296035453893,-1.011994636517144,1.0,False,recent
22,7,recent,0.9340431781567506,-0.9580753465175684,-0.9340431781567506,1.0,False,recent
22,8,recent,3.4400377017355765,-3.4824326393853924,-3.4400377017355765,1.0,False,recent
22,9,recent,0.3176237706892233,-0.3176237706892233,-0.40543379264454504,1.0,False,recent
22,10,recent,2.248060171455691,-2.317902058221105,-2.248060171455691,1.0,False,recent
22,11,recent,1.9721957322119348,-1.9788868105262534,-1.9721957322119348,1.0,False,recent
23,0,recent,1.9204192194923486,-2.014030172155779,-1.9204192194923486,1.0,False,recent
23,1,recent,3.9705935862922273,-3.9705935862922273,-3.9828272257983013,1.0,False,recent
23,2,coverage,0.08524312476672735,0.5197978389988984,0.43455471423217107,1.0,False,recent
23,3,recent,2.2826719151150003,-2.350349324382644,-2.2826719151150003,1.0,False,recent
23,4,recent,1.7743994994572252,-1.90755190262304,-1.7743994994572252,1.0,False,recent
23,5,recent,1.8432773524835173,-1.8764875801242291,-1.8432773524835173,1.0,False,recent
23,6,recent,1.0599188888629771,-1.1586868204370133,-1.0599188888629771,1.0,False,recent
23,7,recent,2.3518945598904226,-2.3518945598904226,-2.3584955867645183,1.0,False,recent
23,8,recent,1.3667006548475338,-1.5007699376701749,-1.3667006548475338,1.0,False,recent
23,9,recent,3.0130726214789707,-3.090906587235557,-3.0130726214789707,1.0,False,recent
23,10,recent,3.297090957615449,-3.352274495884469,-3.297090957615449,1.0,False,recent
23,11,recent,2.8505362134260817,-2.914867152058476,-2.8505362134260817,1.0,False,recent
24,0,recent,2.876578462462882,-2.9922276748915393,-2.876578462462882,1.0,False,recent
24,1,recent,2.9431357909483493,-3.0320046264286233,-2.9431357909483493,1.0,False,recent
24,2,recent,2.693382197255673,-2.7459477957990295,-2.693382197255673,1.0,False,recent
24,3,recent,0.44843053755368034,-0.47438018074195965,-0.44843053755368034,1.0,False,recent
24,4,recent,0.7863528102589501,-0.8916957265755157,-0.7863528102589501,1.0,False,recent
24,5,recent,2.6557230953935287,-2.6923099802942354,-2.6557230953935287,1.0,False,recent
24,6,recent,3.017856184895024,-3.1096523651290475,-3.017856184895024,1.0,False,recent
24,7,recent,3.809905591557332,-3.8872421681160834,-3.809905591557332,1.0,False,recent
24,8,recent,2.4242580676739243,-2.467495918792583,-2.4242580676739243,1.0,False,recent
24,9,recent,1.6040414946258403,-1.6502601511036943,-1.6040414946258403,1.0,False,recent
24,10,recent,2.0129440873535254,-2.0591841246350713,-2.0129440873535254,1.0,False,recent
24,11,recent,3.5427977814713536,-3.6057485585636257,-3.5427977814713536,1.0,False,recent
25,0,recent,1.467185802502009,-1.5676222381606593,-1.467185802502009,1.0,False,recent
25,1,recent,2.5179624239848586,-2.6234938160680614,-2.5179624239848586,1.0,False,recent
25,2,recent,2.459841168506828,-2.56330780469384,-2.459841168506828,1.0,False,recent
25,3,recent,2.143846942646225,-2.22849836234074,-2.143846942646225,1.0,False,recent
25,4,recent,1.6741708548985232,-1.779502398959048,-1.6741708548985232,1.0,False,recent
25,5,recent,0.6682967070907306,-0.7647802377256565,-0.6682967070907306,1.0,False,recent
25,6,recent,2.457532030267182,-2.555118777674677,-2.457532030267182,1.0,False,recent
25,7,recent,1.0705218624409465,-1.4081917403033248,-1.0705218624409465,1.0,False,recent
25,8,recent,1.8368719484030294,-1.9515868488352837,-1.8368719484030294,1.0,False,recent
25,9,recent,1.4755119227887086,-1.4755119227887086,-1.4764102441380906,1.0,False,recent
25,10,recent,0.8936192624409731,-0.9443439753978007,-0.8936192624409731,1.0,False,recent
25,11,recent,2.3102365974276946,-2.320035623112603,-2.3102365974276946,1.0,False,recent
26,0,recent,0.4647762872491672,-0.4647762872491672,-0.47630869995658065,1.0,False,recent
26,1,recent,2.2235860767672806,-2.2235860767672806,-2.228853861468819,1.0,False,recent
26,2,recent,3.3143297400352907,-3.378399711617198,-3.3143297400352907,1.0,False,recent
26,3,recent,0.789931569981456,-0.789931569981456,-0.9248788503244691,1.0,False,recent
26,4,recent,1.6727893378809764,-1.6922389129196205,-1.6727893378809764,1.0,False,recent
26,5,recent,1.9861425742821757,-1.9861425742821757,-1.9941362870794963,1.0,False,recent
26,6,recent,2.174613582737792,-2.2874698121170742,-2.174613582737792,1.0,False,recent
26,7,recent,2.3084303105193014,-2.33326659869896,-2.3084303105193014,1.0,False,recent
26,8,recent,3.518659868238273,-3.5973724678326726,-3.518659868238273,1.0,False,recent
26,9,recent,2.2016142845774276,-2.3186016514278966,-2.2016142845774276,1.0,False,recent
26,10,recent,2.917018578514261,-2.917018578514261,-2.950764797369226,1.0,False,recent
26,11,recent,1.1105683264632829,-1.230370226681078,-1.1105683264632829,1.0,False,recent
27,0,recent,0.4902739093103303,-0.4902739093103303,-0.5023275639124858,1.0,False,recent
27,1,recent,1.6402641877100828,-1.6402641877100828,-1.6732375266856283,1.0,False,recent
27,2,recent,3.890689884769404,-3.9359159866698024,-3.890689884769404,1.0,False,recent
27,3,recent,2.9513209315819475,-2.9513209315819475,-2.9528251285317335,1.0,False,recent
27,4,recent,0.8432622269752996,-0.8432622269752996,-0.9085267987924346,1.0,False,recent
27,5,recent,0.5670758860229199,-0.5670758860229199,-0.617722630909129,1.0,False,recent
27,6,recent,3.142129046992604,-3.142129046992604,-3.161624828908632,1.0,False,recent
27,7,recent,0.49469924302347223,-0.49469924302347223,-0.5540166711650691,1.0,False,recent
27,8,recent,2.120286656572007,-2.207653000030169,-2.120286656572007,1.0,False,recent
27,9,recent,2.693103958672042,-2.693103958672042,-2.700742497454872,1.0,False,recent
27,10,recent,1.4442334991952155,-1.4551428982478871,-1.4442334991952155,1.0,False,recent
27,11,recent,2.2484761466663734,-2.2691754806974007,-2.2484761466663734,1.0,False,recent
28,0,recent,11.275798690138718,-11.275798690138718,-11.276723714110952,1.0,False,recent
28,1,recent,6.544370449705262,-6.547572278211784,-6.544370449705262,1.0,False,recent
28,2,recent,3.798604072857179,-3.840943464621726,-3.798604072857179,1.0,False,recent
28,3,recent,1.6884772268426977,-1.6884772268426977,-1.7261023082040015,1.0,False,recent
28,4,recent,2.1306641993308717,-2.358558589054475,-2.1306641993308717,1.0,False,recent
28,5,recent,2.028095346398077,-2.1173255753541635,-2.028095346398077,1.0,False,recent
28,6,recent,1.9356432517242261,-1.9356432517242261,-1.9843428481299394,1.0,False,recent
28,7,episode,0.10531829661438197,-0.2867775144056366,0.10531829661438197,0.9166666666666666,False,recent
28,8,recent,1.0537431933382564,-1.0936038392860077,-1.0537431933382564,1.0,False,recent
28,9,recent,2.1157219096420325,-2.140245453253029,-2.1157219096420325,1.0,False,recent
28,10,recent,3.543779162644052,-3.633694541992348,-3.543779162644052,1.0,False,recent
28,11,recent,1.0287542686102817,-1.0287542686102817,-1.0772811950044652,1.0,False,recent
29,0,recent,6.57202994067341,-6.572595192669615,-6.57202994067341,1.0,False,recent
29,1,recent,1.2424671675178844,-1.2424671675178844,-1.2782455636552212,1.0,False,recent
29,2,recent,0.20446153311983295,-0.20446153311983295,-0.2751344066091619,1.0,False,recent
29,3,recent,3.28032357465072,-3.3239400103316736,-3.28032357465072,1.0,False,recent
29,4,recent,2.8809484913502414,-2.8809484913502414,-2.898059015466951,1.0,False,recent
29,5,recent,1.9067206983992762,-1.9067206983992762,-2.0332001152383037,1.0,False,recent
29,6,recent,1.3186056940753241,-1.3186056940753241,-1.334707974786669,1.0,False,recent
29,7,recent,0.2507228884436996,-0.2507228884436996,-0.3200828871678345,1.0,False,recent
29,8,recent,2.236534548234493,-2.290050173841273,-2.236534548234493,1.0,False,recent
29,9,coverage,0.029264956122929675,0.029264956122929675,-1.471471138246974,0.6666666666666666,False,recent
29,10,recent,0.29739730267080056,-0.29739730267080056,-0.3685122474256488,1.0,False,recent
29,11,recent,2.8203843668240935,-2.8203843668240935,-2.8297817895494877,1.0,False,recent
