comparison,group,context,metric,unit_count,prompt_count,mean_effect,median_effect,positive_fraction,prompt_bootstrap_mean_ci_low,prompt_bootstrap_mean_ci_high,seed_replicate_spearman
mass_recent4:uniform_over_recent:x0,mass_recent4,noisy_f117_t1000,uniform_advantage_x0,128,64,-0.04931504957721047,-0.054556884846930304,0.40625,-0.08699590524317095,-0.013003870229349603,0.3322802197802197
mass_recent4:preferred_policy:x0,mass_recent4,noisy_f117_t1000,preferred_advantage_x0,128,64,0.04931504957721047,0.054556884846930304,0.59375,0.012648802535443041,0.08541153351916846,0.3322802197802197
mass_recent4:uniform_over_recent:x0,mass_recent4,noisy_f117_t750,uniform_advantage_x0,128,64,-0.03138846333427374,-0.00015420354630324236,0.5,-0.06980607318462978,0.0074585500467633705,0.38406593406593403
mass_recent4:preferred_policy:x0,mass_recent4,noisy_f117_t750,preferred_advantage_x0,128,64,0.03138846333427374,0.00015420354630324236,0.5,-0.0043335958804944855,0.0699782008916418,0.38406593406593403
mass_recent4:uniform_over_recent:x0,mass_recent4,noisy_f117_t500,uniform_advantage_x0,128,64,-0.010121040648398423,0.023591306202016514,0.5859375,-0.04550762337303589,0.02050772350802305,0.1927197802197802
mass_recent4:preferred_policy:x0,mass_recent4,noisy_f117_t500,preferred_advantage_x0,128,64,0.010121040648398423,-0.023591306202016514,0.4140625,-0.022942110912250967,0.044711992595937715,0.1927197802197802
mass_recent4:uniform_over_recent:x0,mass_recent4,noisy_f117_t250,uniform_advantage_x0,128,64,0.022670604416408193,0.03856083505180122,0.6875,-0.0036947918850461143,0.04532232649444758,0.26108058608058604
mass_recent4:preferred_policy:x0,mass_recent4,noisy_f117_t250,preferred_advantage_x0,128,64,-0.022670604416408193,-0.03856083505180122,0.3125,-0.04682064082783726,0.0037311880039415514,0.26108058608058604
mass_uniform4:uniform_over_recent:x0,mass_uniform4,noisy_f117_t1000,uniform_advantage_x0,128,64,0.4376257903309101,0.42195594601132247,0.96875,0.37293609013159046,0.5032775615179238,0.26675824175824175
mass_uniform4:preferred_policy:x0,mass_uniform4,noisy_f117_t1000,preferred_advantage_x0,128,64,0.4376257903309101,0.42195594601132247,0.96875,0.37254418610652756,0.5031664722434984,0.26675824175824175
mass_uniform4:uniform_over_recent:x0,mass_uniform4,noisy_f117_t750,uniform_advantage_x0,128,64,0.38419331360157793,0.26617844506966415,0.9140625,0.29690526655010474,0.4837083625458528,0.4121336996336996
mass_uniform4:preferred_policy:x0,mass_uniform4,noisy_f117_t750,preferred_advantage_x0,128,64,0.38419331360157793,0.26617844506966415,0.9140625,0.30319869469265204,0.47667131245637023,0.4121336996336996
mass_uniform4:uniform_over_recent:x0,mass_uniform4,noisy_f117_t500,uniform_advantage_x0,128,64,0.36265020973404943,0.23298923546002437,0.921875,0.2711819840190907,0.4627062348414323,0.509065934065934
mass_uniform4:preferred_policy:x0,mass_uniform4,noisy_f117_t500,preferred_advantage_x0,128,64,0.36265020973404943,0.23298923546002437,0.921875,0.2748047442068374,0.4674320823012254,0.509065934065934
mass_uniform4:uniform_over_recent:x0,mass_uniform4,noisy_f117_t250,uniform_advantage_x0,128,64,0.3674470682203014,0.29307071809781055,0.9765625,0.3056383223919891,0.43735828760677964,0.2583333333333333
mass_uniform4:preferred_policy:x0,mass_uniform4,noisy_f117_t250,preferred_advantage_x0,128,64,0.3674470682203014,0.29307071809781055,0.9765625,0.30561185218404824,0.4367846594479304,0.2583333333333333
oracle_recent4:uniform_over_recent:x0,oracle_recent4,noisy_f117_t1000,uniform_advantage_x0,128,64,-0.1566612952142514,-0.14963617823560518,0.1953125,-0.20051000416198406,-0.11403240830590201,0.28946886446886444
oracle_recent4:preferred_policy:x0,oracle_recent4,noisy_f117_t1000,preferred_advantage_x0,128,64,0.1566612952142514,0.14963617823560518,0.8046875,0.11289589320355195,0.19663511088001334,0.28946886446886444
oracle_recent4:uniform_over_recent:x0,oracle_recent4,noisy_f117_t750,uniform_advantage_x0,128,64,-0.10637726407933182,-0.08535469516403425,0.28125,-0.14438670250831603,-0.06976337586698689,0.25586080586080584
oracle_recent4:preferred_policy:x0,oracle_recent4,noisy_f117_t750,preferred_advantage_x0,128,64,0.10637726407933182,0.08535469516403425,0.71875,0.06786466136787277,0.14338229682148187,0.25586080586080584
oracle_recent4:uniform_over_recent:x0,oracle_recent4,noisy_f117_t500,uniform_advantage_x0,128,64,-0.051464649839868336,-0.029074147855852384,0.4296875,-0.08551578262008697,-0.021698024331767853,0.22477106227106222
oracle_recent4:preferred_policy:x0,oracle_recent4,noisy_f117_t500,preferred_advantage_x0,128,64,0.051464649839868336,0.029074147855852384,0.5703125,0.020717788197864802,0.08583854852418502,0.22477106227106222
oracle_recent4:uniform_over_recent:x0,oracle_recent4,noisy_f117_t250,uniform_advantage_x0,128,64,-0.012834287078614816,0.008587968618580823,0.5390625,-0.032067784046009164,0.0065679878335140945,0.12774725274725274
oracle_recent4:preferred_policy:x0,oracle_recent4,noisy_f117_t250,preferred_advantage_x0,128,64,0.012834287078614816,-0.008587968618580823,0.4609375,-0.005226611042843614,0.03318572376334132,0.12774725274725274
oracle_uniform4:uniform_over_recent:x0,oracle_uniform4,noisy_f117_t1000,uniform_advantage_x0,128,64,0.5130157176264893,0.42545716904705455,0.953125,0.4411296575612526,0.5869609654069582,0.3119505494505494
oracle_uniform4:preferred_policy:x0,oracle_uniform4,noisy_f117_t1000,preferred_advantage_x0,128,64,0.5130157176264893,0.42545716904705455,0.953125,0.44232155314498794,0.5914465500587408,0.3119505494505494
oracle_uniform4:uniform_over_recent:x0,oracle_uniform4,noisy_f117_t750,uniform_advantage_x0,128,64,0.5183697524802249,0.38373467989359344,0.984375,0.439647629971583,0.6096536798224356,0.19212454212454208
oracle_uniform4:preferred_policy:x0,oracle_uniform4,noisy_f117_t750,preferred_advantage_x0,128,64,0.5183697524802249,0.38373467989359344,0.984375,0.44265565165693893,0.6051855856684383,0.19212454212454208
oracle_uniform4:uniform_over_recent:x0,oracle_uniform4,noisy_f117_t500,uniform_advantage_x0,128,64,0.48961495207014305,0.36453514861254654,0.96875,0.40598631687765885,0.5827693030454234,0.36506410256410254
oracle_uniform4:preferred_policy:x0,oracle_uniform4,noisy_f117_t500,preferred_advantage_x0,128,64,0.48961495207014305,0.36453514861254654,0.96875,0.4030706084858333,0.5790623851009842,0.36506410256410254
oracle_uniform4:uniform_over_recent:x0,oracle_uniform4,noisy_f117_t250,uniform_advantage_x0,128,64,0.4803519035247299,0.4089221517668078,1.0,0.4230084640952581,0.5453770181751331,0.2228021978021978
oracle_uniform4:preferred_policy:x0,oracle_uniform4,noisy_f117_t250,preferred_advantage_x0,128,64,0.4803519035247299,0.4089221517668078,1.0,0.4246105495276338,0.5471342494877899,0.2228021978021978
qk_recent4:uniform_over_recent:x0,qk_recent4,noisy_f117_t1000,uniform_advantage_x0,128,64,-0.055332444718739125,-0.0363996297369998,0.4140625,-0.10146507917619181,-0.014082522276707187,0.1875
qk_recent4:preferred_policy:x0,qk_recent4,noisy_f117_t1000,preferred_advantage_x0,128,64,0.055332444718739125,0.0363996297369998,0.5859375,0.011724067602748892,0.09941369996541655,0.1875
qk_recent4:uniform_over_recent:x0,qk_recent4,noisy_f117_t750,uniform_advantage_x0,128,64,-0.0021642916318243086,0.019965169819135757,0.53125,-0.04187654820918101,0.0381596479962174,0.186996336996337
qk_recent4:preferred_policy:x0,qk_recent4,noisy_f117_t750,preferred_advantage_x0,128,64,0.0021642916318243086,-0.019965169819135757,0.46875,-0.03643380346844027,0.04209719503102493,0.186996336996337
qk_recent4:uniform_over_recent:x0,qk_recent4,noisy_f117_t500,uniform_advantage_x0,128,64,0.04440818493866079,0.051297465580422426,0.65625,0.013835850839178073,0.07409220626665489,0.060714285714285714
qk_recent4:preferred_policy:x0,qk_recent4,noisy_f117_t500,preferred_advantage_x0,128,64,-0.04440818493866079,-0.051297465580422426,0.34375,-0.07366493585866288,-0.014468060691150988,0.060714285714285714
qk_recent4:uniform_over_recent:x0,qk_recent4,noisy_f117_t250,uniform_advantage_x0,128,64,0.0661967265782097,0.07370021949764319,0.78125,0.040750434523111834,0.08826864286856274,-0.0007326007326007325
qk_recent4:preferred_policy:x0,qk_recent4,noisy_f117_t250,preferred_advantage_x0,128,64,-0.0661967265782097,-0.07370021949764319,0.21875,-0.08918844660206651,-0.042149467586845436,-0.0007326007326007325
qk_uniform4:uniform_over_recent:x0,qk_uniform4,noisy_f117_t1000,uniform_advantage_x0,128,64,0.44378422431389225,0.372277646523485,0.96875,0.37306312247067824,0.518195417215794,0.32499999999999996
qk_uniform4:preferred_policy:x0,qk_uniform4,noisy_f117_t1000,preferred_advantage_x0,128,64,0.44378422431389225,0.372277646523485,0.96875,0.37539854998662364,0.5196626857562888,0.32499999999999996
qk_uniform4:uniform_over_recent:x0,qk_uniform4,noisy_f117_t750,uniform_advantage_x0,128,64,0.35648338310840993,0.2239687418883918,0.8671875,0.26697787484411667,0.4542980951834545,0.3858516483516483
qk_uniform4:preferred_policy:x0,qk_uniform4,noisy_f117_t750,preferred_advantage_x0,128,64,0.35648338310840993,0.2239687418883918,0.8671875,0.2694774868183588,0.4524315640483804,0.3858516483516483
qk_uniform4:uniform_over_recent:x0,qk_uniform4,noisy_f117_t500,uniform_advantage_x0,128,64,0.3263517680527395,0.1993588788796889,0.859375,0.22537074172740468,0.43399089442756444,0.6573260073260072
qk_uniform4:preferred_policy:x0,qk_uniform4,noisy_f117_t500,preferred_advantage_x0,128,64,0.3263517680527395,0.1993588788796889,0.859375,0.22761005566377362,0.44455352307407814,0.6573260073260072
qk_uniform4:uniform_over_recent:x0,qk_uniform4,noisy_f117_t250,uniform_advantage_x0,128,64,0.33784799428566037,0.2567195533127116,0.984375,0.2798650146291041,0.3970760766237873,0.28827838827838825
qk_uniform4:preferred_policy:x0,qk_uniform4,noisy_f117_t250,preferred_advantage_x0,128,64,0.33784799428566037,0.2567195533127116,0.984375,0.28014324169737886,0.4001752399746187,0.28827838827838825
random0:uniform_over_recent:x0,random0,noisy_f117_t1000,uniform_advantage_x0,128,64,0.26209946371107773,0.21600332683962048,0.8984375,0.21448713144931525,0.3136041135686974,0.20105311355311353
random0:uniform_over_recent:x0,random0,noisy_f117_t750,uniform_advantage_x0,128,64,0.2536278812947067,0.22906063591199144,0.90625,0.21194121482729136,0.29770625454672534,0.16135531135531136
random0:uniform_over_recent:x0,random0,noisy_f117_t500,uniform_advantage_x0,128,64,0.2756765561560586,0.25751140385468974,0.96875,0.24427351663216762,0.30853684886176674,0.2944139194139194
random0:uniform_over_recent:x0,random0,noisy_f117_t250,uniform_advantage_x0,128,64,0.25316772328669,0.22555718874754366,0.984375,0.22700310520626,0.2807342132294137,0.3013736263736263
random1:uniform_over_recent:x0,random1,noisy_f117_t1000,uniform_advantage_x0,128,64,0.03180552176514703,0.03551275878257162,0.578125,-0.014398853583888807,0.0786866659992159,0.1822344322344322
random1:uniform_over_recent:x0,random1,noisy_f117_t750,uniform_advantage_x0,128,64,0.0709437560394,0.08765000312265885,0.6796875,0.023469784628574294,0.11686932100005346,0.228525641025641
random1:uniform_over_recent:x0,random1,noisy_f117_t500,uniform_advantage_x0,128,64,0.0994821956663644,0.11072080122009126,0.7578125,0.054485195542277855,0.14510908177032983,0.2432234432234432
random1:uniform_over_recent:x0,random1,noisy_f117_t250,uniform_advantage_x0,128,64,0.11364024872585042,0.10944117268189571,0.828125,0.08271547945627593,0.1472156728155974,0.3241300366300366
random2:uniform_over_recent:x0,random2,noisy_f117_t1000,uniform_advantage_x0,128,64,0.3543000413415579,0.3061629013592959,0.9453125,0.30416301840860244,0.40896303969401093,0.19931318681318677
random2:uniform_over_recent:x0,random2,noisy_f117_t750,uniform_advantage_x0,128,64,0.27860103812776,0.18701547102034013,0.9140625,0.2203663453862038,0.34644733297770025,0.3315934065934066
random2:uniform_over_recent:x0,random2,noisy_f117_t500,uniform_advantage_x0,128,64,0.21248907214310206,0.13354645546562727,0.8984375,0.16093683749340798,0.2672075668328427,0.4753663003663003
random2:uniform_over_recent:x0,random2,noisy_f117_t250,uniform_advantage_x0,128,64,0.2225413693959415,0.1750658426834524,0.9765625,0.18958085307396855,0.2592539004142239,0.27509157509157506
random3:uniform_over_recent:x0,random3,noisy_f117_t1000,uniform_advantage_x0,128,64,0.20227900672108115,0.1788172886131329,0.84375,0.16019493689643596,0.24158254848718771,0.036538461538461534
random3:uniform_over_recent:x0,random3,noisy_f117_t750,uniform_advantage_x0,128,64,0.21452819805281348,0.20083464282563301,0.8984375,0.17376894629548384,0.2568646763793661,0.06021062271062271
random3:uniform_over_recent:x0,random3,noisy_f117_t500,uniform_advantage_x0,128,64,0.2306580688219912,0.2034440093836716,0.9453125,0.19913031447751028,0.2669785830176634,0.10256410256410256
random3:uniform_over_recent:x0,random3,noisy_f117_t250,uniform_advantage_x0,128,64,0.22443675100461438,0.20812843602501474,0.984375,0.19900592962915112,0.2537656805692026,0.19757326007326007
signed_high4:uniform_over_recent:x0,signed_high4,noisy_f117_t1000,uniform_advantage_x0,128,64,0.27603415608050114,0.21932434212652252,0.8828125,0.2128451333470873,0.33394562433353164,0.4188644688644688
signed_high4:uniform_over_recent:x0,signed_high4,noisy_f117_t750,uniform_advantage_x0,128,64,0.27376269407209886,0.20241265730814778,0.8671875,0.20787548327392238,0.34639711345301355,0.2933608058608059
signed_high4:uniform_over_recent:x0,signed_high4,noisy_f117_t500,uniform_advantage_x0,128,64,0.27311497776158034,0.17094807742763724,0.9296875,0.20594351881831532,0.35093264917690264,0.4209249084249084
signed_high4:uniform_over_recent:x0,signed_high4,noisy_f117_t250,uniform_advantage_x0,128,64,0.2555107519873176,0.22546730704821882,0.9609375,0.2151441968799249,0.3016574922735116,0.22454212454212452
signed_low4:uniform_over_recent:x0,signed_low4,noisy_f117_t1000,uniform_advantage_x0,128,64,0.2280668158361172,0.20521016329602712,0.9296875,0.19672636528211437,0.26043528669165555,0.020283882783882785
signed_low4:uniform_over_recent:x0,signed_low4,noisy_f117_t750,uniform_advantage_x0,128,64,0.20085194979019727,0.15742806202243886,0.9609375,0.17097834445849164,0.23860451697955082,0.16918498168498167
signed_low4:uniform_over_recent:x0,signed_low4,noisy_f117_t500,uniform_advantage_x0,128,64,0.21279718424798197,0.16499515091295394,0.9609375,0.17833158247680228,0.25064639592200927,0.36607142857142855
signed_low4:uniform_over_recent:x0,signed_low4,noisy_f117_t250,uniform_advantage_x0,128,64,0.1593311303875266,0.13879264788854984,1.0,0.13652662843611757,0.18636314430829168,0.3927197802197802
