layer,head,policy_prompt_score_discovery,policy_prompt_score_validation,policy_prompt_bootstrap_agreement,policy_prompt_A1,policy_prompt_B,policy_prompt_A2,persistent_content_discovery,persistent_content_validation,persistent_content_bootstrap_agreement,persistent_content_B,persistent_content_A2,persistent_positioned,persistent_output
0,0,0.0,0.0,0.0,0.0,0.0,0.0,0.0,0.0,0.0,0.0,0.0,0.0,0.0
0,1,0.0,0.0,0.0,0.0,0.0,0.0,0.0,0.0,0.0,0.0,0.0,0.0,0.0
0,2,0.0,0.0,0.0,0.0,0.0,0.0,0.0,0.0,0.0,0.0,0.0,0.0,0.0
0,3,0.0,0.0,0.0,0.0,0.0,0.0,0.0,0.0,0.0,0.0,0.0,0.0,0.0
0,4,0.0,0.0,0.0,0.0,0.0,0.0,0.0,0.0,0.0,0.0,0.0,0.0,0.0
0,5,0.0,0.0,0.0,0.0,0.0,0.0,0.0,0.0,0.0,0.0,0.0,0.0,0.0
0,6,0.0,0.0,0.0,0.0,0.0,0.0,0.0,0.0,0.0,0.0,0.0,0.0,0.0
0,7,0.0,0.0,0.0,0.0,0.0,0.0,0.0,0.0,0.0,0.0,0.0,0.0,0.0
0,8,0.0,0.0,0.0,0.0,0.0,0.0,0.0,0.0,0.0,0.0,0.0,0.0,0.0
0,9,0.0,0.0,0.0,0.0,0.0,0.0,0.0,0.0,0.0,0.0,0.0,0.0,0.0
0,10,0.0,0.0,0.0,0.0,0.0,0.0,0.0,0.0,0.0,0.0,0.0,0.0,0.0
0,11,0.0,0.0,0.0,0.0,0.0,0.0,0.0,0.0,0.0,0.0,0.0,0.0,0.0
1,0,0.7587754181244905,0.5251656133445921,1.0,0.7127368036330417,0.7109226687881711,0.4117029513388784,-0.0016359612345695496,-0.0007874667644500732,0.932,-0.0008981227874755859,-0.001357346773147583,-0.0006628632545471191,0.000898897647857666
1,1,0.6174281132540175,0.43304223050052265,0.974,0.2774908900104853,0.4818704054853007,0.3285635541583073,0.0004296153783798218,0.0006039440631866455,0.874,0.00042235851287841797,0.0006119012832641602,4.172325134277344e-05,0.0004528164863586426
1,2,0.46042275432247415,0.7448775049573029,1.0,0.8162485683784271,0.6627964190222342,0.5635539983073278,-0.0009468644857406616,-0.0005917325615882874,1.0,-0.000670313835144043,-0.0008125007152557373,-0.0007152259349822998,0.0005473494529724121
1,3,0.6999034801950786,0.5586071320228444,1.0,0.7644245287038026,0.7155567908577602,0.602033244029654,-0.0003222227096557617,-0.0031788423657417297,0.974,-0.0007011592388153076,-0.0009701550006866455,-2.5331974029541016e-07,0.002425074577331543
1,4,0.5032679208704122,0.2549382635549091,0.998,0.6157322225352116,0.35651098949972154,0.2654759060113828,0.0008135139942169189,0.0012629106640815735,1.0,0.0007621049880981445,0.000858008861541748,0.00028973817825317383,0.0008202791213989258
1,5,0.2908479771415013,0.3539800025607771,0.994,0.3853013563007429,0.3532595951128562,0.26766893834812944,-0.00035708025097846985,0.00027272850275039673,0.616,1.704692840576172e-05,-0.0001312345266342163,0.00015088915824890137,-0.00026370584964752197
1,6,0.2586351015353572,0.05536016283194298,0.894,0.10416345339039215,0.0436174150083328,0.104832800498641,-0.0016372408717870712,-0.0016084648668766022,1.0,-0.0015535205602645874,-0.0016060173511505127,-0.00030416250228881836,0.001986578106880188
1,7,0.4891529178978578,0.4407130276426069,1.0,0.5442623391987252,0.5394252337839147,0.4639323637498931,-0.0007618814706802368,-0.001070067286491394,0.784,-0.0006614029407501221,-0.0008662641048431396,-0.0006764531135559082,0.0002412348985671997
1,8,0.0910082788147615,0.3146769602834699,0.894,-0.37176845147720655,0.12434518534362132,0.16139004936295598,-0.004739716649055481,-0.0015016421675682068,0.992,-0.003102809190750122,-0.003450334072113037,-0.002413935959339142,0.00916627049446106
1,9,0.5935909399215595,0.24058654405469762,0.986,0.2468413616314919,0.32891827242640026,0.372698216071094,-2.4013221263885498e-05,-0.0005875155329704285,0.656,-0.00011599063873291016,-0.0003121793270111084,-0.0007948726415634155,-4.881620407104492e-05
1,10,0.7070709101461032,0.6677251308829526,1.0,0.6678865406841993,0.6274581274884355,0.7272351440064165,-0.0006875023245811462,-0.002921469509601593,0.95,-0.0016319453716278076,-0.0021491944789886475,-0.00115106999874115,0.001299738883972168
1,11,0.34356109615667396,0.34410199529992463,0.91,0.304434405118282,0.2994193884022804,0.3225358510224916,-0.0032236799597740173,-0.0010927990078926086,0.974,-0.0025943219661712646,-0.0025481879711151123,0.0009765326976776123,0.002793341875076294
2,0,0.8264398728008389,0.4257485599096515,1.0,0.6320193564119441,0.7392091122671122,0.671041986489463,-0.00016552209854125977,-0.0009131878614425659,0.796,-0.0004787743091583252,-0.0006336569786071777,-0.0003521144390106201,0.00267753005027771
2,1,0.7895172485587768,0.8819354491415492,1.0,0.9990833454468354,0.879333495493803,0.8895675114957173,-0.0025615394115448,-0.0015403181314468384,0.99,-0.0015420317649841309,-0.0019284188747406006,-0.0003956034779548645,0.002292439341545105
2,2,0.17422072485526235,0.12928215565562087,0.792,0.1443571936385616,0.23009350456097488,0.09786676079953238,-0.0008375123143196106,-0.003109484910964966,0.952,-0.002353578805923462,-0.0021820664405822754,-0.0022580474615097046,0.0002539306879043579
2,3,0.015427556898206907,0.28957391476799976,0.968,0.18357917806878776,0.10726485583941933,0.10622583443309928,-0.00013927370309829712,0.00013518333435058594,0.534,1.582503318786621e-05,-0.00017547607421875,-6.020069122314453e-05,0.00013893842697143555
2,4,0.35253335005698416,0.2763181531111447,1.0,0.3457071183468168,0.35501130426731264,0.3735176833205538,-0.0008918344974517822,-0.00019163638353347778,0.986,-0.0006541609764099121,-0.0005655586719512939,-0.0006010383367538452,-0.0004888772964477539
2,5,0.5162743141174463,-0.1543329602942881,0.892,0.11448769469098644,0.4798257126747608,0.30423817802707287,0.0003721378743648529,-0.0001768302172422409,0.586,8.960068225860596e-05,2.467632293701172e-05,-0.001110076904296875,-0.005488216876983643
2,6,-0.026142020387969978,0.6194464134747664,0.996,0.658920270644744,0.27339331376360426,0.3271019904405464,-0.00043792277574539185,-0.0001065284013748169,0.908,-0.00015974044799804688,-0.0004506707191467285,1.7955899238586426e-05,0.0017421245574951172
2,7,0.310577240303216,0.22551955181831085,0.992,-0.011888016993723079,0.23564569253267376,0.26574410171159135,-0.0016972720623016357,0.0004367940127849579,0.97,-0.000646740198135376,-0.0006985664367675781,-0.0006768926978111267,0.0009650886058807373
2,8,0.507727685525386,0.2970982051128729,1.0,0.48976685431331735,0.3681862569561295,0.42775282561071853,-0.001332104206085205,-0.00037960708141326904,0.998,-0.0006718039512634277,-0.0005260109901428223,0.00028727948665618896,0.003216177225112915
2,9,0.6948578563480087,0.35892106191183215,1.0,0.5139098058393075,0.7600205104257463,0.4104072066829107,-0.0006616711616516113,-0.002169933170080185,0.772,-0.0016957521438598633,-0.000986054539680481,-0.000275343656539917,-0.0007349550724029541
2,10,0.41023297348296484,0.4419644712997445,0.99,0.5317346706473858,0.2807035719846256,0.3906305704270877,-0.0020178258419036865,-5.0187110900878906e-05,0.97,-0.0012496113777160645,-0.0006878376007080078,-0.0007399693131446838,0.002059042453765869
2,11,0.17558564262377388,-0.12538315346481116,0.818,0.1917230560359317,0.03545614096954282,0.024208827829092512,-0.003993511199951172,5.8144330978393555e-05,0.862,-0.000782400369644165,-0.0009272098541259766,-0.00027811527252197266,0.0007472634315490723
3,0,0.25625678700778387,0.4232615154354618,1.0,0.38055005374699813,0.4172672702317374,0.3558256489752817,-0.002631157636642456,-0.0011582449078559875,0.998,-0.0017435252666473389,-0.0022560060024261475,0.0006689727306365967,0.0003706812858581543
3,1,0.4448625375383085,0.5013854008988987,0.998,0.3779231292078901,0.5764689149838325,0.3690745247958064,0.00021519139409065247,-0.0010786019265651703,0.884,-0.0007633864879608154,-0.0006707310676574707,0.0009329169988632202,0.0014870762825012207
3,2,0.5575027235452279,0.46725061576895555,1.0,0.6912953218392822,0.5426591448379009,0.520308035084447,-0.0009026303887367249,-0.0007837638258934021,0.892,-0.0010148882865905762,-0.0007971823215484619,0.00014745444059371948,-0.00037679076194763184
3,3,0.7062682563011946,0.6116828020524238,1.0,0.9008955108692512,0.5982404155911439,0.5059355255507381,-0.0007799454033374786,-0.0006262660026550293,1.0,-0.0006219744682312012,-0.0008370876312255859,-0.0006292611360549927,0.0006871074438095093
3,4,0.6051165475949669,0.7638640229457034,1.0,0.6351591306773379,0.6405709771521504,0.4517380566506558,-0.0009782835841178894,-0.0006651505827903748,0.986,-0.00047284364700317383,-0.001040428876876831,-0.00020475685596466064,0.0011576265096664429
3,5,0.557566541269471,0.6316983982740301,1.0,0.7600357271630866,0.48155688606601343,0.5371962125020311,-0.0001273825764656067,-0.0005464404821395874,0.9,-0.0006383657455444336,-0.0006980001926422119,-0.0006780326366424561,7.942318916320801e-05
3,6,0.42948022029565747,0.4109141302921957,1.0,0.4310319170845056,0.46832850350007726,0.4263043231093755,0.0002225339412689209,-0.0013193339109420776,0.964,-0.0006425082683563232,-0.0009992718696594238,-0.0005278512835502625,-0.00045578181743621826
3,7,0.22032198673476916,0.3189769812817845,1.0,0.30509239058965404,0.26980477969944056,0.1948209776098532,0.001634441316127777,-0.00022548437118530273,0.664,0.0001436471939086914,0.0003177523612976074,4.6446919441223145e-05,-0.00015729665756225586
3,8,0.5709955864165847,0.5511467754697025,1.0,0.6961446392762569,0.5717463778866534,0.5631209188139259,-0.0005013570189476013,-0.0003382489085197449,0.878,-7.304549217224121e-05,-0.0006605386734008789,-0.0001211017370223999,0.0005676448345184326
3,9,0.3577878079171237,0.07263868377820928,0.934,0.13329663215839538,0.3294841299704351,0.12362000306820645,-0.00031727924942970276,-0.001992449164390564,0.976,-0.000539243221282959,-0.00109785795211792,-0.0005797892808914185,-0.00012758374214172363
3,10,0.6070535470830176,0.6104057995704097,1.0,0.521201197389414,0.6606436335040029,0.7596474267690901,7.427483797073364e-05,-0.001139722764492035,0.934,-0.00024497509002685547,-0.0010021328926086426,0.00028583407402038574,0.0007919669151306152
3,11,0.638433205543939,0.5044150253198454,1.0,0.5706361416444017,0.5050074499369555,0.5515204047142309,0.0011850222945213318,-0.0009876713156700134,0.598,0.00013327598571777344,0.0001730024814605713,0.0001208186149597168,9.313225746154785e-05
4,0,0.5370789522210503,0.5127748765450595,1.0,0.5891979905511947,0.389993087751083,0.552316990851256,-0.0007975921034812927,0.0005419328808784485,0.602,-0.00015777349472045898,-0.0005617737770080566,-0.00013096630573272705,-0.0003973841667175293
4,1,0.3780079696722434,0.48702137196987805,1.0,0.4286896778250392,0.36099604936576846,0.45301886785224543,0.0009409487247467041,0.0006580129265785217,0.914,0.0006181597709655762,0.0007573068141937256,-5.193054676055908e-06,-0.0003978908061981201
4,2,0.5040539771520463,0.5312882996161984,1.0,0.4132700198875562,0.46411018172917573,0.5459387894058353,-0.0011216402053833008,0.0002876296639442444,0.82,-0.0007330477237701416,-0.00033715367317199707,-0.00011719763278961182,-0.0012883245944976807
4,3,0.1459630353582803,-0.2969120701921546,0.736,0.15016263876630484,-0.07525867362064942,-0.24300754201864777,0.00022349506616592407,0.0002264454960823059,0.802,0.00026425719261169434,0.0001525282859802246,0.0007606670260429382,-0.0003643333911895752
4,4,-0.06645294329012259,0.32278751499532754,0.68,0.19280926176707075,-0.03179875070064062,0.0859561032023668,0.0027444586157798767,0.00042188167572021484,0.982,0.0015394389629364014,0.002137094736099243,0.0019688233733177185,-6.403028964996338e-05
4,5,0.23165448372124764,0.27041838064358065,1.0,0.2769225609496016,0.34308120725930635,0.2672325180706645,0.00017970427870750427,-0.0008245483040809631,0.58,-0.00045439600944519043,-0.0009360015392303467,8.721649646759033e-05,0.00038060545921325684
4,6,0.18678830056570112,0.745924355351095,1.0,0.3766728581670146,0.38059555965718067,0.5723705177191694,-0.0002927929162979126,0.00011076778173446655,0.556,-7.31348991394043e-05,-8.118152618408203e-05,0.0002707839012145996,0.0005710422992706299
4,7,0.4402164590407723,0.48677594861942064,1.0,0.4919116675903805,0.4992491473310512,0.43201085075355533,-5.02467155456543e-05,-1.2695789337158203e-05,0.572,-0.00017121434211730957,4.83095645904541e-05,2.2485852241516113e-05,-0.0007455646991729736
4,8,0.5307817145804852,0.5403775359048277,1.0,0.487514906008663,0.5109929345734925,0.4484614475023222,-0.0005381926894187927,-0.0006722807884216309,0.932,-0.0005627572536468506,-0.0009489506483078003,-0.0005406662821769714,-0.0008731335401535034
4,9,0.5469895581172759,0.2663962049823529,0.998,0.0664867310508297,0.4269910816276029,0.4396705793870732,-0.0008197352290153503,-0.0009898599237203598,0.878,-0.0012478083372116089,-0.0009109228849411011,-0.002079591155052185,-0.00267636775970459
4,10,0.45097946557051616,0.8039059822228277,1.0,0.8676543724705765,0.48585547708780497,0.5301863784523883,-0.000505983829498291,-0.0006686076521873474,0.988,-0.0004463493824005127,-0.0007850825786590576,-0.0002886354923248291,-0.0010285228490829468
4,11,0.642327391849179,0.4001107948951249,1.0,0.4442887044199353,0.4884254224443229,0.6275402361142707,0.0007491037249565125,0.00045846402645111084,0.844,0.0005249679088592529,0.0005238354206085205,-0.00022191554307937622,-0.00040449202060699463
5,0,0.511804081304422,0.3910521911762608,1.0,0.4530612855211835,0.2639098977924974,0.5524654368568096,-0.0005532130599021912,0.0009198710322380066,0.616,0.0002542436122894287,0.0005270838737487793,0.0006859451532363892,0.0010841786861419678
5,1,0.25028703181076656,0.1612597281680043,1.0,0.1963389145256672,0.18871980635470226,0.23411685819935826,0.00010220706462860107,0.00034449249505996704,0.718,0.0003662407398223877,-6.315112113952637e-05,-0.0002533942461013794,0.000661313533782959
5,2,0.45989422015899695,0.26683411255330286,1.0,0.4082187493244115,0.3106957223742288,0.4386210028288112,0.001199282705783844,0.0002559870481491089,0.972,0.0005384087562561035,0.0006534755229949951,0.00022608041763305664,-1.2487173080444336e-05
5,3,0.5787324993413863,0.4435166335657325,1.0,0.6248859710946599,0.3644706651733109,0.5850591392938996,-0.0009214207530021667,-0.00025245919823646545,0.908,-0.0005037486553192139,-0.00029709935188293457,-0.0005628839135169983,0.001198500394821167
5,4,0.3007688572166563,0.322452208449246,0.996,0.09224340382173135,0.2881696044214627,0.441340958194153,-0.0002951323986053467,-0.0011982321739196777,0.91,-0.0007044374942779541,-0.00042000412940979004,-0.0006716698408126831,-0.002314925193786621
5,5,0.7940870674712133,0.6758958498797196,1.0,0.7320992461124756,0.773495450503755,0.6200673216461057,0.0016067177057266235,-0.0019917339086532593,0.516,-5.120038986206055e-05,0.000235825777053833,0.000590100884437561,0.0005494356155395508
5,6,0.36534963696835776,0.10848784093283223,0.98,0.2272923681419076,0.25232123813451623,0.31725355639389874,-0.0010484382510185242,-0.0011583566665649414,1.0,-0.0007380247116088867,-0.0009069442749023438,9.73045825958252e-06,-0.00023561716079711914
5,7,0.3836670985298106,0.23071556651373776,1.0,0.6511714743753652,0.35448008624258165,0.2993865631003748,-0.00046672672033309937,0.0007132887840270996,0.742,-0.00036910176277160645,-0.00020384788513183594,-0.0002916008234024048,0.0007595717906951904
5,8,0.585413137351864,0.7105097246406655,1.0,0.7463923048459109,0.4742669817372215,0.7171704771589253,0.0012437328696250916,-0.0006971731781959534,0.698,9.933114051818848e-05,0.000287473201751709,0.0003604590892791748,6.625056266784668e-05
5,9,0.4366820661760822,0.3515588173390579,1.0,0.37609384767082427,0.365338530330199,0.44322802892610247,-2.9005110263824463e-05,-0.00016023218631744385,0.622,-3.889203071594238e-05,-0.00013187527656555176,0.0001285076141357422,0.0004812180995941162
5,10,0.48240569030116975,0.2298095396820744,0.998,0.3232789006703556,0.2017050950393481,0.49338426011516073,-0.0003390386700630188,0.00030065327882766724,0.558,-8.285045623779297e-05,-0.00011014938354492188,0.00029812753200531006,0.00064048171043396
5,11,0.614329214951862,0.4518165517355239,1.0,0.5698314105665843,0.5518296859518305,0.5506714950523621,-0.0009558945894241333,-0.0007655024528503418,0.998,-0.0006668567657470703,-0.0006162524223327637,-0.0006882250308990479,-0.00035481154918670654
6,0,0.5504973813100941,0.34831989501265115,1.0,0.4263713227847331,0.5594174032055006,0.737528798469504,0.00018977373838424683,0.00017200782895088196,0.584,5.9098005294799805e-05,-0.0003133714199066162,-0.0004325062036514282,-0.0007198750972747803
6,1,0.5297274240417269,0.49181890093309116,1.0,0.6011651005925327,0.5931314777502474,0.3672269878614167,-0.00026862695813179016,0.00046624988317489624,0.574,0.0005414187908172607,0.00013813376426696777,0.00036804378032684326,0.0004516094923019409
6,2,0.47667212428052597,0.666173982430871,1.0,0.6844473140033969,0.6501325551016082,0.6313654194245291,0.0005446895956993103,0.0004682391881942749,1.0,0.0006526708602905273,0.0003725588321685791,0.0005903914570808411,0.0004412233829498291
6,3,0.7780322801646138,0.7354844126713991,1.0,0.7759145163286686,0.7252033291150781,0.761643824490214,0.0013465359807014465,0.001218218356370926,0.966,0.0011280179023742676,0.0008867383003234863,0.0005640536546707153,0.008949190378189087
6,4,0.5275367097453885,0.44267143715983737,1.0,0.5904334026217013,0.5552522900292627,0.4439522168534391,-0.00040636584162712097,7.671117782592773e-05,0.9,-1.9490718841552734e-05,-0.0003816187381744385,0.00028033554553985596,-0.00036685168743133545
6,5,0.7159800332755222,0.5121374611519028,1.0,0.446696159536341,0.6933442858782211,0.46582241153822446,0.0008738040924072266,0.0002802610397338867,0.946,0.0008525252342224121,0.0007536411285400391,0.0013537704944610596,0.0008423328399658203
6,6,0.7788441271317195,0.8318488810134423,1.0,0.6180434731806455,0.8123698931720493,0.6995635307412535,0.0006093345582485199,-0.0005389191210269928,0.506,0.0009791702032089233,-0.0007997751235961914,0.0006918758153915405,0.002951681613922119
6,7,0.7388963615697868,0.495126156892857,1.0,0.8197033911521894,0.5414249283550121,0.7321697450589213,0.00121404230594635,-0.0004420429468154907,0.566,0.00040787458419799805,3.147125244140625e-05,0.0004128292202949524,0.0009656995534896851
6,8,0.6217938065410867,0.6141390656180745,1.0,0.47644006582257337,0.6824274111287502,0.5693653991560707,0.0010322555899620056,0.00073976069688797,0.934,0.0007259249687194824,0.00029218196868896484,0.00027818232774734497,1.1175870895385742e-06
6,9,0.6299548242582487,0.4203783168974241,1.0,0.4949337101851848,0.5968087294784881,0.4156368918907549,-0.0002605840563774109,0.0010445192456245422,0.768,0.00047850608825683594,0.0005116760730743408,0.00043717026710510254,0.002034008502960205
6,10,0.5265481991564198,0.44673240271062026,1.0,0.2671251553991454,0.46940187905904773,0.517264283345499,-9.597092866897583e-05,0.0008505992591381073,0.66,0.0004068911075592041,-0.0002734661102294922,0.00038439780473709106,0.0008301138877868652
6,11,0.3023278677660076,0.5380403477227067,1.0,0.43079157282486724,0.5021148727112246,0.36761113431068704,0.00034200120717287064,0.00024056993424892426,0.824,0.00041024014353752136,0.00015360303223133087,0.0011724887299351394,0.0017244517803192139
7,0,0.6098562678238718,0.7586531322666074,1.0,0.6165576229538725,0.6364795337453188,0.6781985191896144,-0.0005678534507751465,0.000541292130947113,0.53,-0.00028711557388305664,0.0002626180648803711,6.463378667831421e-05,0.0019013583660125732
7,1,0.5325172924719307,0.6195875656329526,1.0,0.5296858051304196,0.5361552983466467,0.5021534899890193,0.00038239359855651855,-4.29004430770874e-05,0.784,0.00011274218559265137,-2.8401613235473633e-05,0.0003879070281982422,0.002055943012237549
7,2,0.6514783978623646,0.5898825714280626,1.0,0.7106886817304296,0.6337999621599331,0.6183625737135745,0.00021752715110778809,4.2065978050231934e-05,0.544,-9.468197822570801e-05,0.0003706812858581543,-0.00011017918586730957,0.005501061677932739
7,3,0.334606609515651,0.2756734331684845,1.0,0.4550276316687515,0.3648215622824977,0.38090294270415326,0.0007751397788524628,0.0009712353348731995,0.964,0.0008278116583824158,0.0009232610464096069,0.000541025772690773,0.0008123517036437988
7,4,0.5166857867983412,0.4603972090184528,1.0,0.46852520088234884,0.5915838810123226,0.6049883447883084,-0.0005445703864097595,0.00032714009284973145,0.566,-0.00013753771781921387,0.00011783838272094727,0.0005080029368400574,0.009536415338516235
7,5,0.5616630455540839,0.4526911018062766,1.0,0.6310466975592401,0.5714341525619111,0.4957909484902142,0.0003039911389350891,0.0011371299624443054,0.996,0.0008925199508666992,0.000730663537979126,0.000827595591545105,-0.0001996457576751709
7,6,0.6705227728689583,0.5229526719358506,1.0,0.5250821955904728,0.562630813940122,0.602120861143756,0.0013310126960277557,0.0011276155710220337,0.904,0.0012867152690887451,0.0010485351085662842,0.0013858377933502197,0.003368377685546875
7,7,0.5358356365950374,0.43514734434752267,1.0,0.42141576598636243,0.40023443193828345,0.695776515414173,0.0009251609444618225,0.00042204558849334717,0.902,0.00037723779678344727,0.0007121562957763672,0.0010060817003250122,0.0037233084440231323
7,8,0.5863198950187454,0.5739926887665922,1.0,0.5996054959457849,0.5851655018381967,0.48369574814899907,0.00042688101530075073,0.0013703927397727966,0.994,0.0004979372024536133,0.0008324384689331055,0.0004776418209075928,0.0025044679641723633
7,9,0.605920913221025,0.5847849978597179,1.0,0.6338090099867895,0.525737172489112,0.6282002354082167,-0.00037919729948043823,0.00020819157361984253,0.746,0.0003362596035003662,0.00026747584342956543,0.0008724331855773926,0.0007061213254928589
7,10,0.7117367715526031,0.7248491336434424,1.0,0.6913968734277445,0.7441110767028822,0.7562456614500318,0.001147255301475525,-8.264929056167603e-05,0.872,0.0006512999534606934,0.0015102028846740723,0.00013490021228790283,0.003518417477607727
7,11,0.6270502922068758,0.49831926464277904,1.0,0.46551830278492706,0.5934518230919482,0.6126203047992739,0.0016121044754981995,0.0015224814414978027,1.0,0.0016470551490783691,0.0016137361526489258,0.001746252179145813,-2.2426247596740723e-05
8,0,0.49962480387126984,0.28890048045115435,1.0,0.3219705137237772,0.4056460249464161,0.43828214955442135,-0.0010743215680122375,0.0007042139768600464,0.626,0.00013527274131774902,-0.0003978312015533447,-0.00013209879398345947,0.001331716775894165
8,1,0.604570152033312,0.5862664175445955,1.0,0.21682948115684825,0.7070173085666669,0.5643375034053739,0.0015427395701408386,0.00043742358684539795,0.97,0.0009273290634155273,0.0008012950420379639,0.000748172402381897,0.0015370547771453857
8,2,0.7919670475923511,0.5418558073312145,1.0,0.43787710238516614,0.7270499606324334,0.7051597382549009,0.0004454180598258972,0.0002154037356376648,0.656,0.0006344616413116455,-0.0002143383026123047,0.001554444432258606,0.00707930326461792
8,3,0.4904828310243153,0.6721523021899682,1.0,0.5790786518573557,0.5941358637454142,0.6532384374697828,0.0003930404782295227,0.00017976760864257812,0.882,0.0002837181091308594,0.0003165304660797119,0.000256560742855072,0.0027284622192382812
8,4,0.5599273424849384,0.5554955651250777,1.0,0.44046626982049597,0.4808099321676669,0.5075140347980305,-0.000522322952747345,-0.000612013041973114,0.89,-0.0005682408809661865,-0.0007015466690063477,-0.0007917657494544983,0.001079857349395752
8,5,0.5216459458632547,0.4231601701316111,1.0,0.6080874239027871,0.6013233352758713,0.5851541641431484,-0.0007577314972877502,-9.355694055557251e-05,0.922,-0.00017496943473815918,-0.00029149651527404785,-7.99223780632019e-05,0.00103798508644104
8,6,0.6129054091638891,0.7098347475242303,1.0,0.5688384778474327,0.7724013443024319,0.7935357166639907,-0.001306578516960144,0.00044118985533714294,0.574,-0.00039061903953552246,-0.00013498961925506592,-0.00025869160890579224,0.002324700355529785
8,7,0.5447970937839467,0.6888921869030734,1.0,0.6169249766206317,0.7079585170212337,0.7480162497349979,-9.412318468093872e-05,-0.0004886314272880554,0.78,0.00016444921493530273,-9.086728096008301e-05,-0.00039267539978027344,-0.002274751663208008
8,8,0.6805099642953697,0.5997619396446522,1.0,0.6623010476756679,0.6077817630039293,0.6853700917898929,0.001342780888080597,0.0001227855682373047,0.944,0.000571131706237793,0.0008745193481445312,0.0003920719027519226,0.0007911920547485352
8,9,0.7089048375020648,0.38867330732885363,1.0,0.7159926225316036,0.5201738943885701,0.6017412537844288,-0.00047019124031066895,-0.0009565800428390503,0.79,-0.0004926621913909912,-0.0006368160247802734,3.548711538314819e-05,0.006965935230255127
8,10,0.4727462335639648,0.6205047017716542,1.0,0.7010653894568413,0.5365103251090028,0.5353844997277002,-0.0006851553916931152,0.001573324203491211,0.862,0.0008968710899353027,0.00048479437828063965,0.00022631138563156128,0.0010880529880523682
8,11,0.555182799342109,0.35298762513809384,1.0,0.47210503432624007,0.49567612452554655,0.41997818401145615,5.5320560932159424e-05,5.163997411727905e-05,0.6,0.0003389120101928711,0.00042515993118286133,0.00047410279512405396,7.56382942199707e-05
9,0,0.5780922027697422,0.648541376803021,1.0,0.927427029461707,0.5866078270333557,0.5698454002671438,-0.0007976740598678589,-0.0002484545111656189,0.884,-0.00026786327362060547,-0.0005622208118438721,-0.00018915534019470215,0.0012520551681518555
9,1,0.7452365824010379,0.9385940226564737,1.0,0.6945606734724206,0.9396096065854079,0.8342400865066635,0.0012684687972068787,0.00019366294145584106,0.75,0.00045293569564819336,0.0002964437007904053,0.0013331100344657898,0.011531025171279907
9,2,0.6056443758880568,0.7981695988699264,1.0,0.8155341821427882,0.7554609478779035,0.6648903771140441,0.0010626539587974548,0.0002722516655921936,0.918,0.00037172436714172363,0.00043714046478271484,-0.0002783089876174927,0.0008821338415145874
9,3,0.7503518961561211,0.5236723860027223,1.0,0.41105334069522415,0.6664754339605266,0.5023938223413316,0.001329675316810608,0.0006108134984970093,1.0,0.0009034574031829834,0.0012648403644561768,0.00023159384727478027,0.001310974359512329
9,4,0.7003718659128834,0.5904978595350114,1.0,0.5331838869815195,0.6457390243406484,0.6764649314683344,6.321072578430176e-05,0.0007149279117584229,0.752,0.0003396272659301758,0.00040289759635925293,0.0003766939043998718,0.007978111505508423
9,5,0.7649854994893603,0.5783767179290428,1.0,0.6091787266215933,0.7383937591150322,0.712478597341462,0.0008494332432746887,-7.931888103485107e-05,0.736,0.00022579729557037354,0.0002868175506591797,-0.00021730363368988037,0.0021719634532928467
9,6,0.6958027738637155,0.5224955736678261,1.0,0.6086145971730428,0.5307349499933622,0.6191649856318593,0.0007349923253059387,0.0009044408798217773,0.97,0.0009081661701202393,0.0004737377166748047,2.039968967437744e-05,-0.00016358494758605957
9,7,0.7896900849376283,0.7412116896240618,1.0,0.7261623891803459,0.6250943631148216,0.7934798815303028,0.000614359974861145,0.00015866756439208984,0.926,0.00022676587104797363,0.000376284122467041,0.00023356080055236816,-0.0019122064113616943
9,8,0.6568117072846552,0.7181395372920913,1.0,0.8414459952039492,0.664054915005486,0.7536412662040117,-0.0002599358558654785,0.0005398020148277283,0.624,-0.00017330050468444824,0.0003274083137512207,0.00044889748096466064,0.0015918910503387451
9,9,0.7931948759060008,0.6745790402654063,1.0,0.6730604329085759,0.761196128625115,0.7646582841379435,0.0005918070673942566,-0.00020569562911987305,0.548,0.0001735687255859375,0.00013205409049987793,-0.00018306821584701538,0.0030888617038726807
9,10,0.7125362283765252,0.7506442720266961,1.0,0.45746302705634323,0.8251610982465597,0.5884848181601363,-0.000154152512550354,0.0005924999713897705,0.956,0.00038626790046691895,0.0004298388957977295,0.00024709105491638184,0.0005140304565429688
9,11,0.8977613069564767,0.9405784339620604,1.0,0.6999452762943028,0.9438957006457307,0.9441822090891003,0.0010181441903114319,-0.0001437664031982422,0.868,0.0003841817378997803,0.001204758882522583,-0.00021088868379592896,0.0020917654037475586
10,0,0.6830824356576877,0.6382831694171925,1.0,0.6727683472085648,0.7161976167443286,0.5790173959843482,0.0004287213087081909,0.0017672926187515259,1.0,0.0007967948913574219,0.0013713687658309937,0.00012564659118652344,0.0017631351947784424
10,1,0.5247630788102291,0.5531783354742996,1.0,0.4793697390830452,0.5784436851859264,0.6507577097276287,-0.00040271133184432983,0.00025759637355804443,0.78,0.00043827295303344727,0.00012618303298950195,7.382780313491821e-05,0.00020867586135864258
10,2,0.7084124525287837,0.6361191146365405,1.0,0.7983184183635661,0.6183386285587887,0.6880663642557971,0.0016797780990600586,0.00328933447599411,1.0,0.0019767284393310547,0.0026170015335083008,0.0018701553344726562,0.0027064383029937744
10,3,0.6570129634616644,0.6569302756122735,1.0,0.4572181435764992,0.7225652751714399,0.6918676411429682,0.0007279440760612488,0.0008924230933189392,0.894,0.000809013843536377,0.0007944405078887939,-0.0006455332040786743,0.0015186816453933716
10,4,0.691095118444778,0.7005289023181247,1.0,0.6541849884250007,0.6105284320963187,0.6364943540198005,-0.00021693110466003418,0.001966722309589386,0.872,0.000619351863861084,0.0007537007331848145,0.0007770955562591553,0.00040408968925476074
10,5,0.5576537349052744,0.5519930090502595,1.0,0.6889063070860464,0.5396451553722061,0.5234158541073994,0.0008375942707061768,0.0018483847379684448,1.0,0.001100391149520874,0.0013323724269866943,0.0004558935761451721,0.000804603099822998
10,6,0.6456503169158427,0.7279024862586438,1.0,0.8055895583812118,0.6472357974430243,0.640207296965599,0.0010676570236682892,0.001546412706375122,1.0,0.0007505714893341064,0.0013041198253631592,0.0006915628910064697,0.00357171893119812
10,7,0.7463320106658982,0.8911884931287484,1.0,0.6492335368229989,0.8700976014315545,0.911435701463002,0.0012322962284088135,0.0012588128447532654,0.998,0.0013557970523834229,0.0009446144104003906,0.0008141025900840759,0.008041054010391235
10,8,0.8260291065286092,0.8026934270965856,1.0,0.6631316625467502,0.6875629037517001,0.8410636037304026,0.0013703033328056335,0.0018230676651000977,1.0,0.0018242597579956055,0.0019640326499938965,0.001397445797920227,0.016716957092285156
10,9,0.7204427466179182,0.6931025897185332,1.0,0.6527879910201171,0.7610094182272704,0.740753253079763,0.0015753358602523804,0.0021413713693618774,1.0,0.0014719367027282715,0.0016952753067016602,0.0011460334062576294,0.002476617693901062
10,10,0.6416308878918046,0.5892975235554372,1.0,0.6251865037198265,0.5230348578435302,0.6153922288338085,0.0004189983010292053,0.0008900836110115051,0.992,0.00034987926483154297,0.00044655799865722656,7.769465446472168e-05,0.0012116581201553345
10,11,0.6052801661674971,0.7139992447612203,1.0,0.9260786125388345,0.6559906274579097,0.6702048481272442,0.0004738904535770416,0.0013504177331924438,0.988,0.0007826387882232666,0.0008635520935058594,0.0003946647047996521,0.0018631219863891602
11,0,0.6552870764406526,0.4262681003520561,1.0,0.747304183488757,0.5375251486989763,0.5816535446067983,0.00022692233324050903,0.0010079294443130493,0.982,0.0004094541072845459,0.0008440613746643066,0.0003816336393356323,-0.002946823835372925
11,1,0.5731248623677335,0.6153874436403725,1.0,0.593057604843538,0.5785906148279129,0.5374136528048181,0.0006482601165771484,0.0012541040778160095,0.954,0.0009792745113372803,0.0005653202533721924,0.0003429800271987915,-0.00033929944038391113
11,2,0.797111213438628,0.6171092180551578,1.0,0.5778234189593834,0.7239906337892525,0.8238474243925191,-0.00029102712869644165,0.0005814433097839355,0.572,-0.00017896294593811035,0.00036263465881347656,-0.00028017908334732056,0.00016254186630249023
11,3,0.7297782379865856,0.7591240169104122,1.0,0.73902605627051,0.6572322882435211,0.5861477103579921,0.0006080418825149536,-1.9818544387817383e-05,0.834,0.00023347139358520508,-5.8025121688842773e-05,-0.00033761560916900635,0.0020811259746551514
11,4,0.5883170586812054,0.5875142246434888,1.0,0.5997691677629298,0.6634679070536877,0.5068399315583952,0.00011210143566131592,0.0008976459503173828,0.928,0.0002894401550292969,0.0007351040840148926,-9.180605411529541e-05,0.0011234432458877563
11,5,0.7238065648103319,0.7633236525197895,1.0,0.614053492201899,0.7198923095698289,0.7036763194360882,0.00014542043209075928,0.0002597421407699585,0.88,7.423758506774902e-05,2.518296241760254e-05,-0.00027389824390411377,0.001958310604095459
11,6,0.6319930790306502,0.4957096477512679,1.0,0.6132629068292368,0.5531520858578176,0.5419566260185882,-0.0002657361328601837,0.0011548250913619995,0.542,0.0002945065498352051,0.00040668249130249023,-0.00017113983631134033,0.001516595482826233
11,7,0.6961072951310574,0.5469555470703112,1.0,0.530424009372327,0.5476099567469461,0.6389911146781908,-0.0009483024477958679,0.0009054318070411682,0.718,-0.0004955828189849854,-0.00020059943199157715,-0.0005835443735122681,-0.0001525580883026123
11,8,0.9431390225368612,0.7048155079316006,1.0,0.9820479893922942,0.7405484849698567,0.7270459495142383,-0.0002570301294326782,0.0005867928266525269,0.604,0.00032776594161987305,0.00043314695358276367,0.000893719494342804,0.008053779602050781
11,9,0.49470851305648017,0.5990300660127743,1.0,0.4907317474086994,0.5708608983802195,0.7474750324485429,0.0009558200836181641,0.0005512069910764694,0.974,0.000623263418674469,0.0007727593183517456,0.0007357075810432434,2.238154411315918e-05
11,10,0.8831195507104262,0.8275375602602518,1.0,0.8639105162570169,0.813800308561216,0.7609621292105293,-1.7464160919189453e-05,0.0005457475781440735,0.67,0.0006196498870849609,0.000844120979309082,0.0003024190664291382,0.0023671984672546387
11,11,0.6674129479327914,0.5319289975689316,1.0,0.3587016046674226,0.5508860801555968,0.7200813773953041,0.0008192956447601318,0.00022897869348526,0.924,0.0004939138889312744,0.00024563074111938477,0.0004679858684539795,0.0035649538040161133
12,0,0.6527961495720267,0.5096752830941937,1.0,0.64068323793722,0.6255969751170923,0.6249303627377764,0.0011092275381088257,0.0004966855049133301,0.998,0.000768810510635376,0.0006998181343078613,-0.00013678520917892456,0.0011100918054580688
12,1,0.631522300911748,0.6461659346093858,1.0,0.7561716496070933,0.5364317319074553,0.6149405691217111,0.00042282044887542725,0.0008481070399284363,1.0,0.0006422698497772217,0.0007948577404022217,-0.0002851039171218872,0.0007933974266052246
12,2,0.5234371418458346,0.5963877933313533,1.0,0.523488666478126,0.5690990023240587,0.650804738092646,0.0010046996176242828,0.001504966989159584,0.926,0.0014240667223930359,0.00022008270025253296,0.00033387914299964905,0.00021982192993164062
12,3,0.7364797689796688,0.7576148942105749,1.0,0.7742195620748629,0.7785792887615048,0.7023633375353435,0.00022708624601364136,-0.00033710896968841553,0.574,0.00017121434211730957,-0.00018581748008728027,0.0003092065453529358,0.0036404430866241455
12,4,0.578406131702464,0.7653325335471127,1.0,0.624860025490483,0.6278470681328203,0.6969573211463298,0.0010252520442008972,0.0007303506135940552,0.982,0.0009620487689971924,0.0008863508701324463,0.0004018843173980713,0.0016823112964630127
12,5,0.8767602813261147,0.6312685363679712,1.0,0.765456180958064,0.7629437499301153,0.6767201922150665,8.856505155563354e-05,-5.527585744857788e-05,0.514,0.0002397596836090088,0.0001806020736694336,0.0002081543207168579,0.0009710788726806641
12,6,0.5552697891709663,0.6056148589608439,1.0,0.6638353795207632,0.5871272279678204,0.6189846201034784,0.0007836893200874329,0.000141046941280365,0.988,0.0006941556930541992,0.0005267858505249023,-0.00012911856174468994,0.0002301335334777832
12,7,0.7439857205874547,0.6778340871008496,1.0,0.46638715441944445,0.6356961271838195,0.6712627542285435,0.0007760226726531982,-0.0005427002906799316,0.59,0.00021776556968688965,-9.161233901977539e-05,-8.890032768249512e-05,-0.0001338571310043335
12,8,0.5996345645398664,0.31328639336455694,1.0,0.4841988208158104,0.5456754415046636,0.4107421315502532,0.000751938670873642,0.000528968870639801,0.94,0.0005543231964111328,0.0004089772701263428,0.00022795423865318298,-0.0003662705421447754
12,9,0.7561793175409356,0.6731473829572433,1.0,0.7030512274583252,0.60042956704018,0.680583425925363,2.7645379304885864e-05,-1.484900712966919e-05,0.512,0.0005370974540710449,3.170967102050781e-05,-0.00028145313262939453,-0.0006024837493896484
12,10,0.7264424808096169,0.6951708815920956,1.0,0.6541668712962365,0.6450134204339788,0.724414355171383,-0.0005316585302352905,-2.0995736122131348e-05,0.826,8.535385131835938e-05,-0.0003616511821746826,0.0003760233521461487,0.0014222562313079834
12,11,0.5762380212369309,0.5598820872027379,1.0,0.8471536646323743,0.6784331963166665,0.589582051607174,-1.3150274753570557e-05,0.0005421191453933716,0.682,0.00030612945556640625,0.00017213821411132812,0.0002305060625076294,-0.000551074743270874
13,0,0.6653050188949144,0.5959491297044223,1.0,0.537583956807415,0.5812564725246634,0.696212520321918,-1.3314187526702881e-05,0.0006773844361305237,0.836,0.0003143996000289917,0.0004887431859970093,0.0002873539924621582,0.00010722875595092773
13,1,0.5671201028773213,0.41108024929915316,1.0,0.561472109165229,0.5300368517202292,0.5044047320792902,0.0003582611680030823,0.0007062852382659912,0.936,0.0004741549491882324,0.0003924369812011719,0.00016048550605773926,0.00047059357166290283
13,2,0.6277520370490732,0.5914421429024865,1.0,0.7543873505376328,0.6654526812809305,0.5897043804032551,0.0010729655623435974,0.00016029924154281616,0.862,0.00041750073432922363,0.0006784498691558838,0.00034721940755844116,0.0030716508626937866
13,3,0.7445500366015161,0.5629449742281598,1.0,0.840527647494935,0.5703000054625228,0.6815728564715582,0.0005491003394126892,0.00035872310400009155,0.996,0.0005840659141540527,0.0005594491958618164,0.0005809366703033447,0.0023595988750457764
13,4,0.5678292385950771,0.6942258911653807,1.0,0.8607826919717763,0.6294489532150357,0.6063623410828831,0.0009479448199272156,0.0010020732879638672,0.968,0.0013825595378875732,0.000830531120300293,0.0008695200085639954,0.0006828457117080688
13,5,0.5206406875014054,0.5806207464986524,1.0,0.4533563277271285,0.6047606554631009,0.6580992835943603,0.0006757676601409912,0.0012813806533813477,1.0,0.000960230827331543,0.0008178949356079102,0.0003492087125778198,-0.0012689083814620972
13,6,0.5703860094433477,0.5408851196707057,1.0,0.5468753585332089,0.6332389967478147,0.5928622105692688,0.0009465962648391724,0.001333080232143402,0.978,0.0005594193935394287,0.0011619031429290771,0.0013300329446792603,0.0011931955814361572
13,7,0.5072950130211797,0.5329250669618626,1.0,0.39463115030804186,0.509236578784776,0.5651177383937733,0.0005345270037651062,0.0007926672697067261,0.95,0.0003266632556915283,0.0008367002010345459,0.00033527612686157227,0.0006338357925415039
13,8,0.5678519056068068,0.6567874149725114,1.0,0.781824086143327,0.6910508813480742,0.7009181193793135,0.0005035959184169769,0.0008948072791099548,0.996,0.0008867383003234863,0.0009150505065917969,0.0006075873970985413,-0.0006791055202484131
13,9,0.6222675744006589,0.40228518869392327,1.0,0.5382742173728569,0.5259850018299344,0.48820449299026786,0.0010600313544273376,0.0015299245715141296,1.0,0.001130610704421997,0.0010879039764404297,0.0005794614553451538,0.0004000067710876465
13,10,0.584161939354692,0.6253608478115745,1.0,0.6571291805812084,0.6148927741351357,0.6012089931459166,0.0018978491425514221,0.00115203857421875,1.0,0.0012049674987792969,0.0012884438037872314,0.0010257214307785034,0.0033122748136520386
13,11,0.5376479660995379,0.6073363784906574,1.0,0.3536469186641164,0.6834973825684901,0.5800497508523461,6.625056266784668e-05,0.000785045325756073,0.766,0.00048038363456726074,0.0006535351276397705,0.0006133392453193665,7.31348991394043e-05
14,0,0.6550450478788934,0.5223260399780312,1.0,0.519017606122476,0.6122734724054059,0.5301802904105118,-0.0004391297698020935,-0.00034525245428085327,0.992,-0.00013774633407592773,-0.0003220885992050171,-0.00022336840629577637,0.0009421110153198242
14,1,0.490939216451297,0.5841613309446518,1.0,0.4908970897815326,0.6452692769457631,0.5226491203397674,0.0003578886389732361,0.0008843988180160522,0.87,0.0005266815423965454,0.00021466612815856934,0.00039924681186676025,0.0013744831085205078
14,2,0.6421508292047446,0.5414846515241768,1.0,0.5817457699245375,0.500145532629252,0.491814191679672,0.0006083324551582336,0.001708984375,0.998,0.001213371753692627,0.0010441839694976807,0.0005907267332077026,-0.000708162784576416
14,3,0.6335888655713183,0.6786696218964705,1.0,0.6976315188264761,0.6886732058211932,0.7337355951180118,0.0006491020321846008,-7.91400671005249e-05,0.902,0.0006164908409118652,0.0003756880760192871,7.097423076629639e-05,0.000982731580734253
14,4,0.5600938748522204,0.4211541226519735,1.0,0.4177729401860252,0.43048398794403736,0.5641282685715308,0.00021630153059959412,0.00038852356374263763,0.984,0.0003558248281478882,0.0006384849548339844,0.00034543871879577637,0.0005144476890563965
14,5,0.6394397768289006,0.757273864868582,1.0,0.7278112987858277,0.6081081608977855,0.6562829331898158,0.0003994181752204895,-0.0008324310183525085,0.51,0.00022554397583007812,-0.00044593214988708496,0.0002892836928367615,0.0004284381866455078
14,6,0.7209334960920322,0.6277706027342168,1.0,0.6224772231003777,0.60606540297895,0.7636087977343158,0.0008159428834915161,8.311867713928223e-05,0.996,0.000825345516204834,0.0004439055919647217,0.00026308000087738037,0.001325160264968872
14,7,0.5508725891033555,0.6823705798098181,1.0,0.7909505681342415,0.4969322545597969,0.691095821536438,2.6613473892211914e-05,0.00017850100994110107,0.826,0.00042703747749328613,0.00036850571632385254,8.441507816314697e-05,0.00021949410438537598
14,8,0.7114893518975252,0.5964831076443696,1.0,0.6020911399640767,0.6915341960629522,0.5672294207871513,0.0011044591665267944,-0.00019931048154830933,0.868,0.0002612173557281494,0.0005332231521606445,-9.930133819580078e-05,4.203617572784424e-05
14,9,0.7005132088093647,0.5645709676806463,1.0,0.33153151061066205,0.7292626394689072,0.5775766807804151,-0.0003082156181335449,0.0005663111805915833,0.58,0.0003409087657928467,0.00025159120559692383,0.0005514919757843018,0.0017230510711669922
14,10,0.697351203914281,0.6489330694000541,1.0,0.5324642319735817,0.7468160042416301,0.7140682848156354,-7.949769496917725e-06,0.00038380175828933716,0.532,0.0009089112281799316,-0.00012499094009399414,0.0004035532474517822,1.8298625946044922e-05
14,11,0.5820816297268283,0.44205649086544,1.0,0.4205501561926903,0.4330102793648626,0.6068407404362739,0.0002387315034866333,0.0004792138934135437,0.99,0.000713050365447998,0.0004194676876068115,0.00038351863622665405,0.0005622208118438721
15,0,0.6344275394689431,0.5770374170519292,1.0,0.5098877628454288,0.5889539414827375,0.638560728194079,0.0005371049046516418,0.0011878982186317444,1.0,0.0009205937385559082,0.0008895695209503174,0.0006997436285018921,0.0018309056758880615
15,1,0.4903071747934724,0.49223120002539755,1.0,0.46358920214802696,0.5515379044347386,0.5555880100730319,0.00010934844613075256,0.0019474923610687256,0.992,0.0008974373340606689,0.0004748404026031494,0.001028597354888916,0.00018644332885742188
15,2,0.5419089864901949,0.5372583800676796,1.0,0.45382896704185344,0.6727978802078342,0.559090423205664,0.0007288642227649689,0.0007333233952522278,1.0,0.0004901289939880371,0.0009452104568481445,0.0005996972322463989,0.00018186867237091064
15,3,0.6267120537638158,0.5251623668316785,1.0,0.8472638067548264,0.525995472756976,0.5209632177887258,0.0006458461284637451,0.0009419545531272888,0.994,0.0008918642997741699,0.00044733285903930664,0.0006501376628875732,0.0008470118045806885
15,4,0.6453730597830691,0.5457763254882276,1.0,0.8273560466595664,0.654853979624411,0.3987156492171784,0.0003168471157550812,0.0018537379801273346,0.98,0.000880122184753418,0.0007534027099609375,0.0007156059145927429,8.422136306762695e-05
15,5,0.549449745875078,0.47116493658777014,1.0,0.3074191116229913,0.5909711996957163,0.5437447593501992,0.0003192722797393799,0.000851459801197052,0.968,9.527802467346191e-05,0.0003329366445541382,0.0003460347652435303,0.0006271600723266602
15,6,0.5534489872635792,0.6822762536162694,1.0,0.6602234931516382,0.667728057685369,0.40867386241021963,-0.00018006563186645508,0.0007645264267921448,0.564,0.00024503469467163086,0.0002427995204925537,0.00019716471433639526,-0.0023354291915893555
15,7,0.4133215378108682,0.37583875285993856,1.0,0.5443261608866887,0.46474353728806606,0.4105567282431422,0.0006087049841880798,0.0013039559125900269,0.896,0.00041028857231140137,0.000728905200958252,0.0005033537745475769,0.0015104860067367554
15,8,0.6639625994424543,0.7539621389666022,1.0,0.7487513051244046,0.6803150322358488,0.5964178984721193,0.0006997399032115936,0.000619102269411087,0.926,0.0007868558168411255,0.0006282627582550049,0.0003325268626213074,0.0029018819332122803
15,9,0.6203481083904698,0.5086734957601711,1.0,0.3548103801270565,0.5789867197498787,0.552553404037466,0.00013745948672294617,0.0003806650638580322,0.85,0.0003007054328918457,4.544854164123535e-05,1.5035271644592285e-05,0.0006725192070007324
15,10,0.6482146162367051,0.48134034582213153,1.0,0.5172246210931988,0.620423196088685,0.49546038689499344,0.0005796477198600769,0.0010528340935707092,1.0,0.0004903078079223633,0.0008993148803710938,0.0006622970104217529,0.0007148683071136475
15,11,0.6202354367826697,0.4511777680923883,1.0,0.566922156613509,0.780410937699048,0.4907630484732529,0.00042754411697387695,0.0003756210207939148,0.664,0.0006162524223327637,4.5746564865112305e-05,0.0004018545150756836,0.0006060302257537842
16,0,0.4268189787514499,0.4405575067831684,1.0,0.3695913126111146,0.5031429934384727,0.45484976813141065,-9.378045797348022e-05,0.00022176653146743774,0.622,0.0001742541790008545,7.730722427368164e-05,-0.000135079026222229,0.0005799829959869385
16,1,0.5762816964727829,0.6939372469137804,1.0,0.6003490962886062,0.6719724667763697,0.6066391014656881,0.000530637800693512,0.0003205612301826477,0.904,0.00029271841049194336,0.00035950541496276855,0.0007762610912322998,2.2143125534057617e-05
16,2,0.532825154832063,0.35210930416364317,1.0,0.5287805547812716,0.35298587417527083,0.4985427921958268,0.0006111711263656616,-0.0009072348475456238,0.87,0.000519096851348877,-0.0001525580883026123,0.000417269766330719,0.0014513283967971802
16,3,0.6366594953998995,0.4882178621695209,1.0,0.5135034119603377,0.5490549386343377,0.6365084840152082,0.0003201588988304138,0.0010528117418289185,1.0,0.0010398924350738525,0.000835031270980835,0.0005875527858734131,0.0017376691102981567
16,4,0.5339406880055668,0.5378076945196533,1.0,0.49298361726226375,0.6499118565423322,0.4251359652415534,0.00011205673217773438,0.000178508460521698,0.878,0.00022938847541809082,4.309415817260742e-05,8.527189493179321e-05,0.0009101629257202148
16,5,0.6694771216580924,0.49940663787335526,1.0,0.5384342425565103,0.5759839978762229,0.5577056616335758,0.0008217096328735352,0.0004128962755203247,1.0,0.0005143284797668457,0.0006584823131561279,0.0003168731927871704,0.0006194263696670532
16,6,0.5018703798758035,0.48738709233269384,1.0,0.4421297298079758,0.5486644166431934,0.4280297768789858,0.0003097355365753174,-0.000176992267370224,0.63,-4.2751431465148926e-05,8.946657180786133e-05,3.829598426818848e-06,0.002164795994758606
16,7,0.5353644457469346,0.4416467590264241,1.0,0.5686704261588738,0.5522995738664831,0.439169465073301,0.0002846568822860718,0.0009431168437004089,1.0,0.0006973743438720703,0.0006089210510253906,0.0004871487617492676,-0.00025260448455810547
16,8,0.7350379629855109,0.6055857143789721,1.0,0.7894862679503964,0.6425209191941772,0.5182079337547386,0.0002905428409576416,0.0002703666687011719,0.998,0.00018483400344848633,0.00026351213455200195,5.327165126800537e-05,0.0033762454986572266
16,9,0.4818173584141153,0.5606608037418426,1.0,0.415599346942944,0.49313957755687843,0.5221133095289002,0.0008333846926689148,-0.0004156827926635742,0.908,0.0003567337989807129,0.00037938356399536133,0.0002648010849952698,0.0010961145162582397
16,10,0.5110878014316141,0.5575434739524356,1.0,0.5635161188084012,0.5892071627059261,0.5791059587814142,0.0012551546096801758,0.001311764121055603,1.0,0.0012819170951843262,0.0013444721698760986,0.0010466128587722778,0.00022938847541809082
16,11,0.4662052559728664,0.6510321722179807,1.0,0.5558512364801715,0.5376369577340774,0.5994688614332364,0.0008186548948287964,0.0013072565197944641,1.0,0.0011603236198425293,0.0009881705045700073,0.000648893415927887,0.00547027587890625
17,0,0.4632254832498546,0.3950009948538254,1.0,0.5055168497575087,0.5223244312461766,0.4566874384422707,0.00015519559383392334,0.0004824995994567871,0.92,0.0001709461212158203,0.00037297606468200684,0.00012458860874176025,0.0005206465721130371
17,1,0.49489393164694073,0.6045770206657597,1.0,0.4961324959527945,0.6172789016429658,0.5641750516048687,-0.0001328587532043457,0.00012727081775665283,0.568,0.00018486380577087402,-0.00016957521438598633,5.8904290199279785e-05,0.000896841287612915
17,2,0.7465635880629762,0.4433731348637239,1.0,0.7099433898269982,0.6203310968121727,0.5159903639119678,0.0009398981928825378,-5.603581666946411e-05,0.834,0.0003541111946105957,0.0001672506332397461,0.00024274736642837524,0.004249662160873413
17,3,0.5006406393763677,0.41298853560724125,1.0,0.4734373251150993,0.4005490309414588,0.4871565755750912,-1.1391937732696533e-05,0.00034127384424209595,0.79,0.0005126893520355225,-7.262825965881348e-05,9.867548942565918e-05,0.001659691333770752
17,4,0.565978959620427,0.5859856293467995,1.0,0.5624402474172003,0.4860393310670972,0.5218988705716021,0.00010757893323898315,6.396323442459106e-05,0.796,-1.5497207641601562e-05,0.00029987096786499023,0.00015550851821899414,0.0007512867450714111
17,5,0.45059436095219985,0.43384315601648116,1.0,0.2125337272167392,0.4082036800021124,0.6018169413179696,-3.8508325815200806e-05,0.0010255351662635803,0.684,0.0002631545066833496,0.0002422928810119629,0.00035215169191360474,0.0017006397247314453
17,6,0.6784433167160134,0.52656492874342,1.0,0.44113025588598864,0.5000573536295205,0.5723117139510425,0.00015137344598770142,0.0004370063543319702,0.954,0.00045362114906311035,4.208087921142578e-05,0.00023917853832244873,8.779764175415039e-05
17,7,0.5067138238991022,0.6436707263079556,1.0,0.5603164975005874,0.6038769401783615,0.5480321705637596,0.0001930147409439087,0.00039818882942199707,1.0,0.000268399715423584,0.0003730356693267822,8.221715688705444e-05,-0.0001302659511566162
17,8,0.6365468554034462,0.5491271198331451,1.0,0.4424328670740135,0.5550873581184707,0.392537407291474,0.0006440132856369019,0.0005668699741363525,0.992,0.0005099773406982422,0.0005378425121307373,0.0004908442497253418,0.001634746789932251
17,9,0.5735100698881737,0.4497395487779786,1.0,0.3772400854789994,0.5191977239141123,0.5977922498961512,0.0002475231885910034,0.0008497312664985657,1.0,0.0003978908061981201,0.0007555186748504639,0.0006301999092102051,0.00018510222434997559
17,10,0.6173749369710623,0.662946954331162,1.0,0.5531297433241118,0.5736179225133172,0.6372144495831006,0.0004745796322822571,0.0001478046178817749,0.994,0.00021898746490478516,0.0004755556583404541,0.00022399425506591797,0.0007581114768981934
17,11,0.5705179617908205,0.5938154128512624,1.0,0.18094787492886466,0.6405697911231875,0.5314956521776077,0.0009393692016601562,-1.7061829566955566e-05,0.816,0.0005481839179992676,0.00014987587928771973,0.00026798248291015625,-8.001923561096191e-06
18,0,0.4146574591812003,0.4120068132546246,1.0,0.37588408541478946,0.4531585067976587,0.4097664479542681,-0.0003659389913082123,0.00016430020332336426,0.62,0.0005611032247543335,-0.00021734833717346191,0.000178508460521698,0.0036045312881469727
18,1,0.4494691636032578,0.30275457530977057,1.0,0.3483390338337279,0.401945523467519,0.4468251184372388,-1.4685094356536865e-05,-0.00019222497940063477,0.862,-2.4437904357910156e-06,-0.0001379847526550293,9.149312973022461e-05,-0.00036200881004333496
18,2,0.41577074080510895,0.3815843044033342,1.0,0.33491516871797034,0.48225917095257265,0.41627962953142145,5.862489342689514e-05,-8.813291788101196e-05,0.502,-3.904104232788086e-06,-3.795325756072998e-05,0.00013724714517593384,-0.0003447234630584717
18,3,0.4070323641520329,0.4498157614491891,1.0,0.6248650036598675,0.5571228301190487,0.416782411406606,-4.557520151138306e-05,-0.00035644322633743286,0.778,-7.87973403930664e-05,-0.00010535120964050293,-0.00019850581884384155,-0.0003180503845214844
18,4,0.4107482566094026,0.44420252197999976,1.0,0.3893790119577273,0.48683580394490067,0.42530464583942196,-1.9118189811706543e-05,9.526312351226807e-05,0.62,-2.586841583251953e-05,-1.049041748046875e-05,9.93385910987854e-05,-0.0002818256616592407
18,5,0.5072212531511741,0.4546370118037799,1.0,0.36735053497336767,0.39282693692018256,0.5707988121523948,0.00021176785230636597,-2.9630959033966064e-05,0.762,0.00029206275939941406,-9.5367431640625e-07,0.00020386278629302979,-0.0003121495246887207
18,6,0.4382368171351029,0.43401343949501425,1.0,0.46638171993404237,0.4513680479745639,0.34422246681305646,0.0002613663673400879,5.9120357036590576e-05,0.92,0.00011751055717468262,0.00013196468353271484,0.000141143798828125,-9.542703628540039e-05
18,7,0.4716136344645121,0.41201303081059887,1.0,0.43926525876996075,0.4399924458599809,0.4917831292733721,-0.0004453025758266449,-0.0001957714557647705,0.878,-5.462765693664551e-05,-0.0002269744873046875,-0.00021015852689743042,-0.0008817464113235474
18,8,0.45042390678311583,0.4889698160462721,1.0,0.4845460090517558,0.38281933207440877,0.6036678177368648,0.00028417259454727173,-2.059340476989746e-05,0.648,-2.03549861907959e-05,0.0002910196781158447,-6.0074031352996826e-05,0.00036850571632385254
18,9,0.6189715361063146,0.5555160825981298,1.0,0.6128638851721127,0.6626574299050519,0.6693126186888885,0.0019779056310653687,0.0013644248247146606,1.0,0.001648738980293274,0.001771390438079834,0.0011522173881530762,-0.00031438469886779785
18,10,0.6352565814512071,0.44680454804643555,1.0,0.6616448221219535,0.4340723545161673,0.48428019158882707,0.0006370358169078827,0.0002698451280593872,0.962,0.0005723237991333008,0.0005467385053634644,0.000681854784488678,-5.905330181121826e-05
18,11,0.4806154056506674,0.5486703291786995,1.0,0.5574682063572658,0.5112330374891237,0.45869670161805143,0.00016123801469802856,0.00030984729528427124,0.922,6.258487701416016e-07,0.00042173266410827637,8.273124694824219e-05,0.0003186464309692383
19,0,0.2697727460380809,0.2813080855409439,0.994,0.24321705399061821,0.24064040324231906,0.29979735827917586,-0.00010525062680244446,0.0007641538977622986,0.812,0.00026661157608032227,0.0001536160707473755,0.00013490021228790283,-0.0004811584949493408
19,1,0.3754438429301098,0.2927542304058146,1.0,0.41945789477998596,0.36333913886541336,0.30910574034507626,0.00039027631282806396,0.00049629807472229,0.982,0.0005186498165130615,0.0002225935459136963,0.00014293193817138672,0.0013240426778793335
19,2,0.2624323545675221,0.19083857797425063,1.0,0.10494758082219005,0.18478116508316977,0.26740825052174777,0.00015885476022958755,0.0011631669476628304,1.0,0.000410277396440506,0.0006001591682434082,0.00028991326689720154,0.0005075335502624512
19,3,0.3955665083270413,0.25831308372279005,1.0,0.22902653542366225,0.17069004531076398,0.4362118209081169,3.1970441341400146e-05,0.00029234588146209717,0.966,0.0004254579544067383,0.0005519986152648926,0.00015804171562194824,0.0009506940841674805
19,4,0.3630411279848489,0.1692760704005794,1.0,0.18896044428020387,0.23848239945096655,0.37442790205995113,0.0004323534667491913,0.00011647865176200867,0.976,0.00027048587799072266,0.00024044513702392578,-5.113333463668823e-05,-0.00043463706970214844
19,5,0.41376520415824547,0.37718096721018063,1.0,0.4862456601278976,0.5049709698716667,0.353577986012433,-0.0002246573567390442,0.00013893097639083862,0.6,7.602572441101074e-05,0.00022524595260620117,3.534555435180664e-05,0.00020068883895874023
19,6,0.3309499961182344,0.40037978110447875,1.0,0.12955069494332822,0.4136049517318252,0.4300847725755925,0.00020148605108261108,0.0004326850175857544,0.882,0.0002472400665283203,0.00019216537475585938,0.00020620226860046387,0.00046828389167785645
19,7,0.3706314925175564,0.30090161836830587,1.0,0.3308230775737509,0.3010289646565898,0.35505327739898823,0.0003792494535446167,0.0002577155828475952,1.0,0.00034606456756591797,0.0002874135971069336,-0.00017886608839035034,0.0005786418914794922
19,8,0.15226372138068411,0.3043572617944744,1.0,0.35987637921116844,0.28845636810542696,0.281904043604166,0.0002719983458518982,0.0002535507082939148,0.964,0.0003472268581390381,0.00027632713317871094,0.0001278221607208252,-0.0006104111671447754
19,9,0.33118906101491713,0.36388465195898567,1.0,0.13377174506696088,0.40357111301331033,0.3069009159357111,0.00018470734357833862,0.00020530074834823608,0.568,-4.741549491882324e-05,-8.186697959899902e-05,-4.7147274017333984e-05,0.00014983117580413818
19,10,0.3141331955705542,0.4434948844596996,1.0,0.21041142308535488,0.3430072556486318,0.27682261577886286,0.0002785436809062958,-0.0004946105182170868,0.618,-3.357231616973877e-05,5.9992074966430664e-05,8.559226989746094e-05,-0.0008361786603927612
19,11,0.4196604866927428,0.4495482300134771,1.0,0.5181162774556749,0.33818845925039154,0.4158615100431041,8.34539532661438e-05,4.535168409347534e-05,0.674,-7.969141006469727e-05,0.0001411736011505127,9.681284427642822e-05,0.00011889636516571045
20,0,0.3584700458140082,0.2801593167500843,1.0,0.38994709470784605,0.36248612617282616,0.29027812688540827,0.0002757757902145386,-3.7536025047302246e-05,0.628,-0.00014582276344299316,0.00017318129539489746,6.889551877975464e-05,0.0003180950880050659
20,1,0.10404012658598925,0.38895698444334204,1.0,0.2993929800641747,0.39498123959153003,0.38820255495013317,0.00017753243446350098,0.0004270002245903015,0.804,0.0006924867630004883,0.0005281269550323486,0.000483490526676178,0.0013701915740966797
20,2,0.29963791448398935,0.34251227088395786,1.0,0.24214758295482403,0.3668833910735675,0.3698671154665075,-1.078099012374878e-05,-6.340444087982178e-05,0.532,9.140372276306152e-05,-0.00032323598861694336,-0.00028733909130096436,-0.00041615962982177734
20,3,0.3901978027446085,0.29411656495495186,1.0,0.49501428903642314,0.383260900620681,0.25966842133238,0.00020328164100646973,0.0003962889313697815,0.994,0.0002651810646057129,0.00023359060287475586,0.00032605230808258057,0.0007846653461456299
20,4,0.46016137904205834,0.25422432067409106,1.0,0.2819905983853386,0.43455518219243305,0.3667474804284064,0.00011137127876281738,0.0003645792603492737,0.918,0.00025916099548339844,0.0002314448356628418,-7.510185241699219e-06,0.0002830326557159424
20,5,0.25527753318543056,0.2175298647528688,1.0,0.15827268115857934,0.3570086634429809,0.21687398330896995,0.0005118399858474731,0.0009531304240226746,0.888,0.0009258389472961426,0.0006759464740753174,0.0004029124975204468,0.0007035434246063232
20,6,0.47499965124676347,0.18207794844206204,0.966,0.1739343179298804,0.35992318191522826,0.3727099861595516,0.0001709386706352234,0.000154837965965271,0.934,0.00017952919006347656,0.00046709179878234863,0.00032357871532440186,0.0006040632724761963
20,7,0.17873688200821675,0.2298681494165728,0.998,0.27769269548304254,0.2296983955620542,0.2171673442261005,-0.00016307085752487183,0.0003583058714866638,0.568,0.00026848912239074707,-0.00017827749252319336,3.0741095542907715e-05,0.0011881589889526367
20,8,0.18450438637953132,0.26047536100696583,1.0,0.14180759394636022,0.2723676874411174,0.14419949435043738,-0.0002827867865562439,-0.00016339123249053955,0.882,-7.641315460205078e-05,-0.00017321109771728516,-6.280839443206787e-05,0.0004946291446685791
20,9,0.2958909836516088,0.35683473967551543,1.0,0.45989060398778947,0.31281678277678004,0.21059727437769202,-3.7729740142822266e-05,-0.0002858564257621765,0.74,1.7762184143066406e-05,-0.00018233060836791992,-7.936358451843262e-05,0.0011248141527175903
20,10,0.5989802816816977,0.25914752604695895,1.0,0.22261754838764672,0.41748432016213555,0.4792755028675795,6.188452243804932e-05,0.0003116875886917114,0.96,0.00010779500007629395,0.0004585385322570801,0.00015200674533843994,0.0014551281929016113
20,11,0.2695949428888993,0.3305637770433181,1.0,0.17658454728053619,0.2738325955103626,0.33796028360128705,0.00019203871488571167,6.161630153656006e-06,0.736,0.00018015503883361816,-6.428360939025879e-05,-0.00016142427921295166,0.0012387335300445557
21,0,0.26076518227371237,0.35744368863240294,1.0,0.4630892004163074,0.30145469719150086,0.297767303110854,0.00016736984252929688,0.00010135024785995483,0.846,6.535649299621582e-05,0.000178605318069458,3.094971179962158e-05,0.00011929869651794434
21,1,0.29898080631155155,0.36049893740155964,1.0,0.4957379396780791,0.33789932572663267,0.44478043569369574,0.0004186481237411499,-0.0005682185292243958,0.592,1.385807991027832e-05,-0.00019446015357971191,7.383525371551514e-05,0.00019948184490203857
21,2,0.284039143133729,0.3748255616391828,1.0,0.25552744442496034,0.3377298757815166,0.34166867559365033,0.00011804699897766113,0.00011547654867172241,0.964,7.69197940826416e-05,0.0001964271068572998,7.079541683197021e-05,8.600950241088867e-05
21,3,0.36115927560256456,0.2615604485623022,1.0,0.14454928804740438,0.3308668166632369,0.23280805552537304,0.00041362643241882324,-3.0875205993652344e-05,0.648,0.00014981627464294434,0.00017833709716796875,0.00037751346826553345,0.00011628866195678711
21,4,0.2940619759124924,0.31314939481250703,1.0,0.38981909432392325,0.3714703651206484,0.23162804684859725,-1.6614794731140137e-05,-0.00035152584314346313,0.702,-0.0002932250499725342,-0.00014090538024902344,-0.00023239105939865112,-4.585087299346924e-05
21,5,0.23485433803832156,0.18916031035123504,1.0,0.19766349730902733,0.17207486132154043,0.28837149633252934,0.00014644116163253784,0.0004609823226928711,0.892,0.0005282461643218994,4.470348358154297e-05,0.000424899160861969,-0.0033696740865707397
21,6,0.4283837667093674,0.3783089587339137,1.0,0.3637406158631063,0.3954333408327759,0.453021516330796,0.0005465224385261536,0.0005684643983840942,0.994,0.0006529390811920166,0.0006344616413116455,0.0004284381866455078,0.0006121844053268433
21,7,0.2873258503692717,0.394425146819788,1.0,0.46066376528048836,0.45989380012933695,0.31593561579179297,0.0003237500786781311,0.000625908374786377,0.976,0.0005311965942382812,0.00046938657760620117,0.00039698928594589233,0.001162111759185791
21,8,0.2538546770430288,0.0831572688940954,0.998,0.2698902074937787,0.14712642306591273,0.32529163054915805,8.231401443481445e-05,-0.00010992959141731262,0.548,0.0002638697624206543,5.960464477539062e-07,0.00018778443336486816,0.0007957816123962402
21,9,0.3062204478199113,0.30805273614430084,0.99,0.44177187823031017,0.383836164215952,0.36332834018716237,-0.00016417354345321655,-0.0001331418752670288,0.666,-2.0116567611694336e-05,-0.00023999810218811035,5.684792995452881e-05,0.0016211271286010742
21,10,0.28752952240665086,-0.1528678005837289,0.92,0.09098758412076634,0.15867891304521464,0.1731619679846914,0.00031233206391334534,-0.0006822273135185242,0.658,-0.0002122819423675537,0.00030231475830078125,-6.92903995513916e-05,0.0003432631492614746
21,11,0.27268198248623343,0.24003346834559605,1.0,0.18272551874347515,0.33914819535804763,0.23747951346599888,-3.619492053985596e-05,0.0003045499324798584,0.706,0.00011342763900756836,0.00013959407806396484,0.00024365633726119995,-0.0003893226385116577
22,0,0.322339798481221,0.3998922932287583,1.0,0.2663854083681112,0.32973575926881266,0.39760700373284874,0.0006715878844261169,0.00046197324991226196,1.0,0.0005669891834259033,0.0005498230457305908,0.0006937235593795776,0.00027535855770111084
22,1,0.28454881895677786,0.1518387802088486,1.0,0.26162591408311836,0.22129514197752387,0.2338104122332529,-3.8817524909973145e-06,5.758553743362427e-05,0.618,0.0001983046531677246,2.3692846298217773e-05,3.5762786865234375e-05,9.363889694213867e-05
22,2,0.28410559554705417,0.17315922763863328,1.0,0.07426278587019242,0.3308781113807867,0.3227737809255684,0.00033992528915405273,0.0005040690302848816,0.798,0.0005050301551818848,0.00026172399520874023,0.0003094226121902466,0.0006135851144790649
22,3,0.3863319165744128,0.41252462061720974,1.0,0.31748742836963534,0.42227500607073276,0.39605769824856873,0.0002963840961456299,2.4322420358657837e-05,0.782,0.00011041760444641113,9.115040302276611e-05,-5.5909156799316406e-05,-0.00014191865921020508
22,4,0.3512071533602108,0.3121949257500066,1.0,0.4246688365186757,0.2453081022165513,0.4300335475205718,0.0006827116012573242,0.00015296787023544312,0.98,0.0004958212375640869,0.0002783238887786865,0.0003535524010658264,0.0011747032403945923
22,5,0.2608117236410271,0.3214026493845433,1.0,0.17923433149871174,0.30960165184417787,0.2745297036957401,0.00018540769815444946,0.0001812949776649475,0.924,0.00030428171157836914,0.00011935830116271973,1.5527009963989258e-05,0.0007549971342086792
22,6,0.2822762194882294,0.25272685535119455,1.0,0.21813633379690883,0.3124517717483628,0.2904341277988122,0.00012337788939476013,0.00044465065002441406,0.982,0.0004246234893798828,0.0002967715263366699,0.00018946081399917603,0.001114875078201294
22,7,0.3107575972304357,0.21728594172297908,1.0,0.28210556599310127,0.2758881439961286,0.20590104414074545,-0.0001985207200050354,0.00040612369775772095,0.614,0.00013834238052368164,-2.9593706130981445e-05,9.146332740783691e-05,-0.0004932880401611328
22,8,0.42183536756344164,0.32554610092521014,1.0,0.26148111272728186,0.42952363308371755,0.28467563569181153,0.0001569315791130066,-1.3764947652816772e-05,0.886,0.00013053417205810547,0.00016476213932037354,-5.4076313972473145e-05,-0.0010473132133483887
22,9,0.43020574825326763,0.16674122853722279,0.998,0.31210830118856747,0.24450854389252255,0.31546298758630975,0.0004843957722187042,0.00034255534410476685,1.0,0.0004899799823760986,0.00035819411277770996,0.00036178529262542725,0.0003508329391479492
22,10,0.43910274125268584,0.39201112213049893,1.0,0.3040920862030597,0.3550726085764446,0.5367534130441438,0.0003463253378868103,0.0005039647221565247,0.926,0.0006698071956634521,0.0003484785556793213,0.00027179718017578125,0.0002222508192062378
22,11,0.31267222463619615,0.33662055656990103,1.0,0.24656406988335644,0.3511049859845388,0.3182696398786118,0.0001491643488407135,0.0002849884331226349,0.882,0.00023958086967468262,0.00025707483291625977,0.0002073533833026886,-0.0007206499576568604
23,0,0.3760265984579544,0.35282120873015776,1.0,0.22632607160498566,0.4164093682233816,0.31512612490178515,0.000413358211517334,0.0008011683821678162,1.0,0.0006927251815795898,0.0004607737064361572,0.0006055459380149841,0.0006495416164398193
23,1,0.360965131090162,0.13910819556584886,0.994,0.3281292268605908,0.15003304055645306,0.28247382480631344,-5.4486095905303955e-05,0.0008542798459529877,0.882,0.00029496103525161743,0.0003305301070213318,0.00047857221215963364,0.0007378607988357544
23,2,0.4843220367159826,0.2784149133852226,1.0,0.09421057606417993,0.2582019844765615,0.39564730209968985,0.00016208738088607788,0.0009922012686729431,0.912,0.0005879998207092285,0.00037804245948791504,0.0003355443477630615,0.001079857349395752
23,3,0.2725357194629766,0.2294642773564225,0.992,0.17966947443294945,0.17472046046312356,0.22968455746220579,0.000100746750831604,-0.0003097951412200928,0.63,-7.387995719909668e-05,-0.00020894408226013184,-0.00011932849884033203,0.00020423531532287598
23,4,0.3474442098353512,0.33670243617788814,1.0,0.3468887637679737,0.3816945398163146,0.4323915203470263,0.0006467550992965698,0.00018531084060668945,0.982,0.0003560781478881836,0.00035902857780456543,0.0005330741405487061,-3.0249357223510742e-06
23,5,0.2598631150822579,0.27181449182565076,0.998,0.3996410014638399,0.19881690166009167,0.29619025547632083,0.0003885403275489807,-4.3958425521850586e-05,0.632,-3.948807716369629e-05,0.00011244416236877441,-9.900331497192383e-05,-0.0016955435276031494
23,6,0.2872193392858454,0.42875280503796687,1.0,0.2983736728590207,0.4133831924536916,0.35332660629016777,0.0005714297294616699,0.00012890249490737915,0.966,0.0003739893436431885,0.0001538991928100586,0.0003869682550430298,0.0006163716316223145
23,7,0.34649603231120374,0.06535814210860325,1.0,0.16979737028881936,0.2982626310162064,0.28848268513933095,0.0002348199486732483,0.00031232088804244995,0.976,0.00018167495727539062,0.00023892521858215332,8.732825517654419e-05,0.0012987852096557617
23,8,0.316284061536511,0.3866752793565261,1.0,0.11633097757281709,0.5705295090326782,0.39998171931980053,0.0009507685899734497,0.0007421150803565979,1.0,0.0007092654705047607,0.0005219578742980957,0.0007725059986114502,4.845857620239258e-05
23,9,0.3113895375914508,0.2457527493492368,1.0,0.23569156796740645,0.3776022062831688,0.3328190163586109,0.00014586374163627625,-5.811452865600586e-07,0.574,0.00019624829292297363,-9.055435657501221e-05,-0.00011445581912994385,-0.0026772618293762207
23,10,0.2551651804000924,0.16302535504169968,1.0,0.28534776165091014,0.2934938497810482,0.20268951332740087,-9.032897651195526e-06,0.0009009828791022301,0.984,0.0001371726393699646,0.0005350857973098755,0.0002359234495088458,0.00021280348300933838
23,11,0.4452375224371433,0.14574228847405046,0.994,0.375163610670612,0.27051589102762474,0.3231318651629913,0.00035409629344940186,0.00022931769490242004,0.89,0.00027129054069519043,-7.271766662597656e-05,7.124990224838257e-05,0.001810610294342041
24,0,0.31120229127120647,0.25941534889922857,1.0,0.2199287213213941,0.31240479734411236,0.3588057925484136,0.00030386075377464294,-0.0002009570598602295,0.85,7.459521293640137e-05,3.886222839355469e-05,-4.64022159576416e-05,-0.0004425644874572754
24,1,0.3713451170011029,0.2196031630699201,1.0,0.45338805606705757,0.1456403575157269,0.30789963270399046,0.000448472797870636,-2.606213092803955e-05,0.722,0.00017565488815307617,0.00018036365509033203,8.940696716308594e-08,0.0002796351909637451
24,2,0.14277214760134183,0.1671971893223123,0.992,0.26566615404315563,0.2644769727573401,0.04265236851228839,-0.00011555105447769165,-0.00045854225754737854,0.854,-9.836256504058838e-05,-0.0003036707639694214,8.846446871757507e-05,0.00031191110610961914
24,3,0.24826391567735595,0.27715853756590203,1.0,0.27531158116401877,0.17816821288089332,0.26924554057254746,0.0005391091108322144,3.715604543685913e-05,0.896,0.000669330358505249,-1.823902130126953e-05,0.0004625245928764343,0.00041903555393218994
24,4,0.34296812098964496,0.2588030332037362,1.0,0.13905010864860984,0.4259612490692943,0.29906114283248636,0.0004016682505607605,0.0003267526626586914,0.988,0.000327378511428833,0.0002828538417816162,0.00044386088848114014,0.0005118399858474731
24,5,0.5222472154003983,0.2728847478430366,1.0,0.4420611099146796,0.33015111259013574,0.3318273378694102,0.0005423948168754578,0.0004930421710014343,0.938,0.0003089308738708496,0.00038242340087890625,0.00020516663789749146,0.0007848441600799561
24,6,0.324675533198022,0.3482894920572854,1.0,0.49227849237446947,0.41927926647346203,0.24911514200837914,0.00023284927010536194,-0.00021308287978172302,0.724,5.2288174629211426e-05,2.1651387214660645e-05,-0.00010706484317779541,-0.0012157261371612549
24,7,0.3635199669103003,0.20298602008095737,1.0,0.06592895180654472,0.24080813196457332,0.3075533051098974,0.00046090781688690186,0.0003205537796020508,0.976,0.00021260976791381836,0.00019231438636779785,0.0002545565366744995,0.002484351396560669
24,8,0.3363895681849579,0.34154320732518123,1.0,0.4000912733206533,0.3380095011903989,0.22742548320446335,-3.708153963088989e-05,-0.0002977140247821808,0.92,-0.00017508864402770996,-8.89599323272705e-06,-3.8817524909973145e-06,-0.00044263899326324463
24,9,0.42277184283551866,0.3227017307870399,1.0,0.2201444924148777,0.44995750506911114,0.419585052041231,0.00011748820543289185,-0.00022658705711364746,0.598,6.502866744995117e-05,-3.916025161743164e-05,-2.9988586902618408e-05,-0.0004964619874954224
24,10,0.17508253864541484,0.3238347800448397,1.0,0.31040776867449515,0.26015511547344417,0.34830896687824847,3.551319241523743e-05,-8.760020136833191e-05,0.59,-8.678436279296875e-05,-3.355741500854492e-05,-9.336322546005249e-05,-2.6211142539978027e-05
24,11,0.2829169184596219,0.2771605838647183,1.0,0.30056042340315037,0.4500671351097437,0.2384624590617843,-4.579499363899231e-05,0.0003083273768424988,0.802,0.00028708577156066895,0.0003166794776916504,0.00016220659017562866,0.0012163221836090088
25,0,0.15354961978556603,0.2815162469927179,0.996,-0.007474162636567021,0.2700630835962017,0.33731594243259244,7.810443639755249e-05,4.789233207702637e-05,0.576,-8.07642936706543e-06,-7.417798042297363e-05,5.8963894844055176e-05,0.0001306980848312378
25,1,0.14575539946258015,0.059019148643136045,0.802,-0.0952341415000269,0.0183042386123937,0.15351039979879877,0.0003906264901161194,0.0002073831856250763,0.97,0.0003444254398345947,0.00011923909187316895,0.00016801059246063232,-0.0001608133316040039
25,2,0.22212658193667995,0.22511871405247763,0.998,0.050607371319770666,0.170584716083514,0.2491878206355003,0.0004715248942375183,-2.0347535610198975e-05,0.82,0.00016811490058898926,-9.754300117492676e-05,0.00013844668865203857,-0.00020372867584228516
25,3,0.37916864910804027,0.31114819143998385,1.0,0.3536956680012109,0.35034002055147606,0.20893790931247785,0.0002495124936103821,-0.000225752592086792,0.492,-2.771615982055664e-06,-0.00020459294319152832,-6.136298179626465e-05,-0.00029118359088897705
25,4,0.19117988602428088,0.2154840541464216,1.0,0.11890663358958134,0.1757995525544767,0.24561956967500662,0.000275246798992157,0.0003343522548675537,0.756,0.0003465116024017334,-3.358721733093262e-05,0.00029943883419036865,0.0003616064786911011
25,5,0.2718760917457161,0.07603465975676718,1.0,0.05870242615620207,0.1638141011229666,0.1122889946339585,0.0005174055695533752,-0.0001922696828842163,0.564,0.00034296512603759766,4.801154136657715e-05,0.0005600452423095703,-2.1010637283325195e-06
25,6,-0.07250688536717226,-0.11768219142378561,0.578,0.08938393665728205,-0.16626817038708763,0.004355686488788849,-3.138929605484009e-05,0.00020535290241241455,0.676,0.00016805529594421387,7.88271427154541e-05,-0.00020219385623931885,-0.0016605854034423828
25,7,0.12743171776824863,0.2223019705472658,0.984,0.028572832844496902,0.18837420660940343,0.05198468258198765,-0.0001851208508014679,2.9813498258590698e-05,0.55,-0.0001475214958190918,0.00014512240886688232,7.892772555351257e-05,-0.0006115585565567017
25,8,0.3868209866553653,0.34336503877582886,1.0,0.5214060336712687,0.441379025392192,0.33939032820697307,0.0002735927700996399,-9.083747863769531e-05,0.784,0.0002608001232147217,5.1587820053100586e-05,0.00017088651657104492,0.0003175288438796997
25,9,0.09711102386406291,-0.02063441397816025,0.876,0.2900647534017514,0.11869105709098374,-0.12267153407197713,-2.7310103178024292e-05,0.00017773360013961792,0.59,1.0594725608825684e-05,0.00017909705638885498,-9.50545072555542e-05,-0.0010813623666763306
25,10,-0.11663551391311656,0.08115207036400723,0.508,0.4082837201196671,0.05701749985410612,0.00664042282067746,5.608797073364258e-05,0.00018455088138580322,0.732,0.00021472573280334473,5.5283308029174805e-05,0.0005673766136169434,0.00015784800052642822
25,11,0.11730126931486971,0.017364976376111584,0.812,0.017489605013876967,-0.09825346420678033,0.19204886898380047,0.00021392107009887695,-0.00044061988592147827,0.756,-0.00011941790580749512,-7.049739360809326e-05,-0.0001207888126373291,0.00022886693477630615
26,0,0.3160001136340028,0.1174046358427831,1.0,0.1689822776614171,0.2544403170737057,0.1992110026190764,5.523860454559326e-05,-0.00011432170867919922,0.51,-0.00013935565948486328,-0.0001728534698486328,-6.507337093353271e-05,-0.00020413100719451904
26,1,0.18878537711504198,0.0773240497736577,0.934,0.41745280093692816,0.1769670637755019,0.22720366600640307,-9.258091449737549e-05,0.00012756139039993286,0.63,1.2695789337158203e-05,-0.00018969178199768066,-8.887797594070435e-05,0.0006635934114456177
26,2,0.23352996398738876,-0.02669861541430186,0.794,0.08041775761540934,0.12926483908968703,0.12932615422437907,0.00018800050020217896,0.0004631802439689636,0.762,0.0004138350486755371,6.729364395141602e-05,0.0004121363162994385,5.626678466796875e-05
26,3,0.1273761228988485,0.027898048642275023,0.748,-0.03863525773905303,-0.006668709719654567,0.18101350380488024,0.00036817044019699097,5.4799020290374756e-05,0.742,0.00020292401313781738,3.603100776672363e-05,0.0001824498176574707,0.0003784596920013428
26,4,0.0911206825566572,0.18512537133065352,0.976,-0.12540571412011767,0.26322851904345623,0.06819279929318921,0.00023553520441055298,-6.842613220214844e-05,0.776,6.866455078125e-05,1.96993350982666e-05,0.0001475214958190918,0.0012939423322677612
26,5,0.21083034507311188,0.14913327919372593,0.986,-0.009067690010890759,0.15240023283976148,0.185371391323497,-0.00012028217315673828,0.0003554001450538635,0.518,0.00018659234046936035,-3.713369369506836e-05,0.00029631704092025757,0.0006669461727142334
26,6,0.1790935579408335,0.0769756461748958,0.896,-0.1973753063000252,0.00020342425846117326,0.14447577385679783,0.0002750605344772339,0.00010810792446136475,0.896,0.00021314620971679688,0.00010898709297180176,0.00027507543563842773,0.00024352967739105225
26,7,0.19501632467544341,-0.11085638901761999,0.828,-0.009700557873378549,0.18714421124555072,0.08324705075572614,-0.00013775378465652466,-3.2395124435424805e-05,0.788,8.228421211242676e-05,-5.0067901611328125e-05,3.781169652938843e-05,0.0005784034729003906
26,8,0.23870108295007186,0.2219594303204843,0.998,0.32921749954947965,0.09168998419649795,0.18827088703022593,0.0003165304660797119,0.0002975389361381531,0.998,0.0003921687602996826,0.0002619326114654541,0.00011590123176574707,0.00030200183391571045
26,9,0.2550701125693416,0.1634972102927705,0.98,0.38069652812590227,0.21584928546708865,0.23224491343377746,5.0634145736694336e-05,0.00022907555103302002,0.766,0.0003866851329803467,-8.228421211242676e-05,0.00016185641288757324,0.0002636462450027466
26,10,0.10317408716380565,0.06455540456967199,0.848,0.08963931965741181,0.1711969497382227,-0.05820480315350319,-0.000745479017496109,0.0011094845831394196,0.818,0.00044527649879455566,0.00021485984325408936,0.0004737190902233124,0.00032320618629455566
26,11,0.2536502487621528,0.17289129620587618,1.0,0.2999860858558223,0.07924354037747688,0.3680059206621793,0.000566333532333374,0.0001598745584487915,0.882,0.00039196014404296875,0.0003318488597869873,0.0003295093774795532,0.0005167871713638306
27,0,-0.18877479859018675,0.09751821853213877,0.596,-0.4401701495273854,-0.043175716999370055,0.07892420839240112,0.00019813328981399536,-0.0006584599614143372,0.696,1.3232231140136719e-05,-0.00034162402153015137,-3.37064266204834e-05,0.0002047419548034668
27,1,0.16952689952761602,-0.01749077153387183,0.7,0.13363279984323828,-0.01511934793172095,-0.09795519847569727,-5.608797073364258e-05,0.0003743171691894531,0.786,0.00011774897575378418,2.0951032638549805e-05,-2.8312206268310547e-06,-0.0017853379249572754
27,2,0.09942329153223053,0.09130242182309492,0.984,0.08456753032560627,0.1821041232702885,0.04090427841811733,-0.00030150264501571655,0.00013125687837600708,0.748,-2.4139881134033203e-05,-0.0001590251922607422,-0.00014509260654449463,-3.17990779876709e-05
27,3,0.14244690659339856,0.16418220048781612,0.976,0.04721042959896528,0.17017357878863051,0.11186704807717687,-5.550682544708252e-06,-9.273737668991089e-05,0.766,-9.673833847045898e-05,4.178285598754883e-05,-0.00013557076454162598,7.921457290649414e-05
27,4,0.22271979949780424,0.0018129065588004568,0.704,-0.21054345952339812,0.15868176546910345,0.14931969309423804,6.917864084243774e-05,-6.38812780380249e-05,0.696,0.0002627372741699219,-5.125999450683594e-05,-4.000961780548096e-06,0.00013113021850585938
27,5,-0.1270891984265364,-0.08024649104571072,0.744,-0.371623092902746,-0.13540045131664796,-0.1578624487590012,0.00024832040071487427,-9.262561798095703e-05,0.716,0.00011116266250610352,7.334351539611816e-05,0.00022804737091064453,-1.6987323760986328e-06
27,6,0.1880171640149278,0.02331135245817833,0.996,0.057628311685218835,0.17701475651523604,0.11489257142408739,5.883723497390747e-05,1.605600118637085e-05,0.868,-5.6177377700805664e-05,4.163384437561035e-05,5.1334500312805176e-05,0.0008732974529266357
27,7,0.13419475279279808,0.2319913575917119,0.978,0.14647790216636478,0.1480399960405619,0.18962156544264852,0.00016802549362182617,0.0008878558874130249,0.988,0.0003954470157623291,0.0003223121166229248,0.0003546103835105896,0.0006905198097229004
27,8,0.17161173950894626,0.1104174266066407,0.994,0.05607902003129543,0.13671396805424285,0.19317907618216945,4.664808511734009e-05,-7.331371307373047e-06,0.516,0.00021129846572875977,7.429718971252441e-05,0.0001417100429534912,0.00045774877071380615
27,9,0.14742816572546652,0.1250835727374745,0.952,0.06076574723630353,0.15224981393245507,0.11466066900827238,0.00013468414545059204,0.00032801181077957153,1.0,0.0003009289503097534,0.0003443509340286255,0.0002842247486114502,0.00034624338150024414
27,10,0.12381086144129039,0.03579367273260203,0.908,0.222984208376464,-0.11535567527392056,0.2473846985347273,0.0003439411520957947,-0.00017464160919189453,0.758,0.0005172193050384521,0.00018703937530517578,0.00021875649690628052,0.00046685338020324707
27,11,0.035434685700945066,-0.024017617328485844,0.53,0.0237512291250467,-0.05213882500432145,0.07141698568690527,-0.00014500692486763,-0.00017626583576202393,0.788,-0.0002276897430419922,-0.00020430982112884521,-0.00011055171489715576,0.0003210008144378662
28,0,0.04063305481934718,-0.022739322136589798,0.538,0.18027128229746614,-0.018012333309448306,-0.08684720998709423,6.163865327835083e-05,0.0001853257417678833,0.842,1.1801719665527344e-05,0.00011816620826721191,5.996227264404297e-05,0.00011195242404937744
28,1,0.260109965902965,0.03213329207931445,0.972,0.2316464057738376,0.13057754337540345,0.13533699630518906,0.0002508386969566345,-0.00021120160818099976,0.804,-0.00011676549911499023,0.0002200007438659668,-5.504488945007324e-05,0.00012476742267608643
28,2,0.21289392146256458,0.07863263181660796,0.984,0.015268458889435304,0.20800412517056854,0.13991805906555668,0.00022608041763305664,6.396323442459106e-05,0.968,-2.2172927856445312e-05,0.00019729137420654297,1.7434358596801758e-06,0.00031335651874542236
28,3,0.06675513275786235,0.08784984383730127,0.956,-0.2029074138991515,0.049083656662936626,0.16208562132816984,0.00030825287103652954,0.00016258656978607178,0.956,9.357929229736328e-05,0.00024572014808654785,0.00021807849407196045,9.550154209136963e-05
28,4,-0.10102294373293849,0.06291278775097217,0.58,-0.1013635178171442,0.12719302471495897,-0.14820780212726334,0.00040777772665023804,2.2813677787780762e-05,0.874,0.00030049681663513184,0.00024273991584777832,8.383393287658691e-05,-0.0002906620502471924
28,5,0.24281067358079633,0.1968751865214394,1.0,0.22213681581221792,0.26116736672584906,0.17487658725187816,0.0002192854881286621,0.0004191175103187561,0.964,0.00039336085319519043,0.00017532706260681152,0.00024937093257904053,0.0004856288433074951
28,6,0.12203727002793907,0.23069359621878077,0.992,-0.0016403473269335275,0.3105740811904846,0.23970641249263888,0.00020925700664520264,0.0006155297160148621,0.84,0.0005942881107330322,0.0007447302341461182,0.0003943443298339844,0.0003803074359893799
28,7,0.06923740017473844,0.054732069872549916,0.938,0.09466807088764556,0.13020459104158283,0.1314718223051153,0.00021735578775405884,-0.0004970207810401917,0.68,-8.940696716308594e-07,-0.00016835331916809082,3.9830803871154785e-05,0.0004025399684906006
28,8,0.07943174373965745,-0.1920772706236758,0.532,-0.2276123066032279,0.017586866878339893,0.11444251976367711,-0.00016561895608901978,4.5962631702423096e-05,0.662,-0.0002244114875793457,-2.35140323638916e-05,-9.636580944061279e-05,0.0003821849822998047
28,9,0.21048537663861625,0.24182708449799997,1.0,0.09093029553348467,0.19380034140777927,0.3138388823608037,0.00016908347606658936,-0.0002911984920501709,0.762,-4.163384437561035e-05,0.00014865398406982422,-7.423758506774902e-05,0.00019699335098266602
28,10,0.18110909229826003,0.08503156149448197,0.968,0.06398743733565543,0.17787001840732197,0.08340737563155598,0.0005657225847244263,0.0005092397332191467,0.978,0.0002231299877166748,0.0005631148815155029,0.00035875290632247925,0.0017566978931427002
28,11,0.135281179831619,0.04594812958110712,0.92,0.17489530025576083,0.03384605965055609,-0.06799505585062818,-1.5757977962493896e-05,7.581710815429688e-05,0.592,4.8726797103881836e-05,-2.5033950805664062e-06,1.4454126358032227e-06,0.0005325078964233398
29,0,0.06285673801600877,-0.06459921956436104,0.582,0.21420187332990734,0.011587945572448702,0.009834727373481702,0.00018713250756263733,0.0005263909697532654,0.962,0.0006020069122314453,0.0002826899290084839,4.454702138900757e-05,0.0003447234630584717
29,1,0.07432072512827721,0.22411281256648485,0.922,0.15129325962903992,0.009519337049330542,0.18882020550967446,0.000185355544090271,-5.461275577545166e-05,0.618,-7.152557373046875e-07,2.09808349609375e-05,-0.00011679530143737793,8.688867092132568e-05
29,2,0.10994397626655385,-0.22842555585096413,0.648,-0.2079201246865765,0.07342751316807297,0.06163597438132902,0.0001606568694114685,2.6263296604156494e-05,0.722,2.1845102310180664e-05,5.695223808288574e-05,4.8741698265075684e-05,0.00021508336067199707
29,3,0.17761730146063992,0.16065732576505193,0.986,-0.12551171245459009,0.15403442419370222,0.13676294617432525,0.0003786832094192505,-3.091990947723389e-05,0.884,0.00014603137969970703,0.00020933151245117188,3.641843795776367e-05,-0.00021170079708099365
29,4,-1.2719356183951702e-05,0.04636307927866079,0.534,-0.13661331524853207,0.1622717823400604,0.01415896911758962,0.0001143142580986023,0.0005119666457176208,0.996,0.00034815073013305664,0.0006198883056640625,9.82135534286499e-05,0.00023759901523590088
29,5,0.02642617624104323,0.14372402221143962,0.764,0.08069614949509868,0.22498946095343964,0.06500082390532713,-0.00018790364265441895,-0.0004335343837738037,0.998,-0.0002903938293457031,-0.00036913156509399414,-0.0004279017448425293,0.0005863308906555176
29,6,0.1322658143345373,-0.09127761366694224,0.69,-0.15237788003407288,0.00733830612182837,0.06452524349261965,8.666515350341797e-05,6.0677528381347656e-05,0.632,3.159046173095703e-05,9.548664093017578e-05,3.713369369506836e-05,-0.00011134147644042969
29,7,0.13049825032628315,0.2034394886238806,0.876,0.03722685838698011,0.17363495640248472,0.055744208408917514,0.0003130584955215454,0.00030313432216644287,0.966,0.00015690922737121582,0.00034248828887939453,5.777180194854736e-05,-0.0008248388767242432
29,8,0.14747654498084029,0.07706820035776762,0.976,0.11576081370232881,0.053566574020290275,0.16889247283780517,0.00030953437089920044,-0.0002734065055847168,0.762,-3.454089164733887e-05,-6.860494613647461e-05,-6.562471389770508e-05,0.00013840198516845703
29,9,0.0,0.0,0.0,-0.02362988944824371,0.0,0.0,-4.325062036514282e-05,-2.4162232875823975e-05,0.812,-5.123019218444824e-05,1.773238182067871e-05,-4.270672798156738e-05,0.0004043877124786377
29,10,0.07224155035296075,-0.10373840111271836,0.604,-0.3318379105261209,-0.044872584229606854,0.023736795123428887,0.0001322031021118164,2.969801425933838e-05,0.82,0.0001519918441772461,1.1593103408813477e-05,0.0002596825361251831,-0.0008935481309890747
29,11,0.019981770681301473,0.12789658488329156,0.786,0.18086271764989456,0.07439126729994838,0.15668098766174626,-0.00022135674953460693,-0.0002303197979927063,0.934,-0.00023666024208068848,-0.00031495094299316406,-0.0003073662519454956,0.0004406869411468506
