probe_name,context,unit_count,selected_head_count,mean_x0_relative_rms,mean_raw_projected_relative_rms,mean_projected_relative_rms,mean_calibration_scale,max_calibration_relative_error,calibration_clipped_count,calibration_degenerate_count
native_replay,noisy_t1000,64,0,0.0,0.0,0.0,1.0,0.0,0,0
native_replay,noisy_t250,64,0,0.0,0.0,0.0,1.0,0.0,0,0
native_replay,noisy_t500,64,0,0.0,0.0,0.0,1.0,0.0,0,0
native_replay,noisy_t750,64,0,0.0,0.0,0.0,1.0,0.0,0,0
random0_uniform_t020,noisy_t1000,64,120,0.041340234311064705,0.0632625807823691,0.02000004816024254,0.5594298092687193,0.015123654156923294,0,0
random0_uniform_t020,noisy_t250,64,120,0.01619011812726967,0.057820728217363164,0.020000663338578306,0.6551517503840538,0.019617285579442978,0,0
random0_uniform_t020,noisy_t500,64,120,0.02351945816189982,0.06085831911708131,0.019999995555068983,0.6270295790280216,0.0192263163626194,0,0
random0_uniform_t020,noisy_t750,64,120,0.03201704501407221,0.06256972445286617,0.020002225601153136,0.6012618933338671,0.018656253814697266,0,0
random1_uniform_t020,noisy_t1000,64,120,0.03569157715537585,0.05307013879161483,0.02000112486324118,0.601671817107126,0.019409507513046265,0,0
random1_uniform_t020,noisy_t250,64,120,0.013784697715891525,0.049328653975074604,0.020000760281497304,0.7372058045933954,0.02114139497280121,0,0
random1_uniform_t020,noisy_t500,64,120,0.019441626005573198,0.051365722166762384,0.020000920610618776,0.682025822562476,0.018861331045627594,0,0
random1_uniform_t020,noisy_t750,64,120,0.02693848841590807,0.05241912645166546,0.020000669254416913,0.6451403334348773,0.017562322318553925,0,0
random2_uniform_t020,noisy_t1000,64,120,0.039718635322060436,0.04933232072326063,0.020001359381907,0.798627055940839,0.01814328134059906,0,0
random2_uniform_t020,noisy_t250,64,120,0.014662988876807503,0.0455321946911378,0.020002560410648584,0.9509134787251242,0.020825862884521484,0,0
random2_uniform_t020,noisy_t500,64,120,0.021117205847986042,0.047594975448373586,0.020001394298742526,0.9038449604529888,0.021743960678577423,0,0
random2_uniform_t020,noisy_t750,64,120,0.029294800508068874,0.04860761841361333,0.02000105969782453,0.8760969519848004,0.02122623845934868,0,0
random3_uniform_t020,noisy_t1000,64,120,0.05081484100082889,0.05340586907890005,0.020002792728094694,0.5886930671326505,0.019117631018161774,0,0
random3_uniform_t020,noisy_t250,64,120,0.01975104055600241,0.050241710486322214,0.020001925414544527,0.7135508066702945,0.017476454377174377,0,0
random3_uniform_t020,noisy_t500,64,120,0.029754737188341096,0.05173860535905988,0.020001122989924625,0.6726061283106295,0.018825940787792206,0,0
random3_uniform_t020,noisy_t750,64,120,0.04053044755710289,0.052476204583460154,0.020003009946473565,0.6429283855676962,0.019013043493032455,0,0
random4_uniform_t020,noisy_t1000,64,120,0.039766930596670136,0.05476519218185179,0.02000176128252254,0.6130135002254974,0.018301699310541153,0,0
random4_uniform_t020,noisy_t250,64,120,0.015000397834228352,0.04961374744064718,0.02000216150772758,0.7356736866524443,0.019384361803531647,0,0
random4_uniform_t020,noisy_t500,64,120,0.021384689229307696,0.052459994051605466,0.020001711530494508,0.6840795998228713,0.018613971769809723,0,0
random4_uniform_t020,noisy_t750,64,120,0.028207642229972407,0.05389245925277161,0.019999685206372915,0.650846066417095,0.01981845125555992,0,0
random5_uniform_t020,noisy_t1000,64,120,0.042296306521166116,0.05782285655222949,0.01999909375153948,0.6134692001234119,0.020454172044992447,0,0
random5_uniform_t020,noisy_t250,64,120,0.01601631610537879,0.053107919606312254,0.020000786858145148,0.7550559241014223,0.020893849432468414,0,0
random5_uniform_t020,noisy_t500,64,120,0.024307300889631733,0.05605520651042752,0.020000741875264794,0.6876683873066213,0.0219712033867836,0,0
random5_uniform_t020,noisy_t750,64,120,0.0334355362720089,0.057710640651930586,0.02000208654887198,0.6516103894507977,0.021325424313545227,0,0
random6_uniform_t020,noisy_t1000,64,120,0.037459555227542296,0.06097419997046624,0.02000067988410592,0.7808912711916491,0.024075806140899658,0,0
random6_uniform_t020,noisy_t250,64,120,0.015023712287074886,0.05644651648338671,0.020000611632713116,0.8731182628932099,0.01888750120997429,0,0
random6_uniform_t020,noisy_t500,64,120,0.020701991219539195,0.059121120983521305,0.02000143835612107,0.8300202942026469,0.020471680909395218,0,0
random6_uniform_t020,noisy_t750,64,120,0.028015187563141808,0.0605624558639344,0.02000017894121508,0.8139990192954429,0.020603835582733154,0,0
random7_uniform_t020,noisy_t1000,64,120,0.043594417424174026,0.05230166533777568,0.020000555731045706,0.658671482776602,0.01802230253815651,0,0
random7_uniform_t020,noisy_t250,64,120,0.01595286445808597,0.049124102125521554,0.02000064208114054,0.7177812280113964,0.02091275528073311,0,0
random7_uniform_t020,noisy_t500,64,120,0.023566693591419607,0.050947219993395264,0.0200024185081323,0.7055042501403174,0.01925630494952202,0,0
random7_uniform_t020,noisy_t750,64,120,0.033240925913560204,0.051746810966384754,0.02000213189458009,0.6951035496875799,0.018195994198322296,0,0
scalar_high4_boundary_t020,noisy_t1000,64,120,0.05430195512599312,0.06988007787876996,0.020000841553943854,0.46240209829605494,0.027257297188043594,0,0
scalar_high4_boundary_t020,noisy_t250,64,120,0.017837358245742507,0.0644641543845258,0.020001327395827197,0.5065264734051501,0.020156148821115494,0,0
scalar_high4_boundary_t020,noisy_t500,64,120,0.026594651280902326,0.06772340768293361,0.019999812641375077,0.49679019015748055,0.018094200640916824,0,0
scalar_high4_boundary_t020,noisy_t750,64,120,0.03917155010276474,0.06932269070166512,0.020000149171877032,0.4889693534894225,0.020683743059635162,0,0
scalar_high4_key_shift_t020,noisy_t1000,64,120,0.06319224971230142,0.07090268223752598,0.020001864177174866,0.6558381878615667,0.020061340183019638,0,0
scalar_high4_key_shift_t020,noisy_t250,64,120,0.019915336786652915,0.07402340378163597,0.020000004326963486,0.662176218306801,0.021125562489032745,0,0
scalar_high4_key_shift_t020,noisy_t500,64,120,0.03075343687669374,0.07476387641108886,0.02000108519375014,0.6541361494533097,0.022744573652744293,0,0
scalar_high4_key_shift_t020,noisy_t750,64,120,0.044721627491526306,0.0736600271743858,0.020000714191701262,0.6527685583801941,0.024968106299638748,0,0
scalar_high4_uniform_t020,noisy_t1000,64,120,0.050321371032623574,0.056344751546324304,0.020001297680816304,0.651708446930085,0.019161589443683624,0,0
scalar_high4_uniform_t020,noisy_t250,64,120,0.01748140566633083,0.05342875362669777,0.019999560304374123,0.6920472104956086,0.022060144692659378,0,0
scalar_high4_uniform_t020,noisy_t500,64,120,0.02573575612041168,0.0557835099590496,0.020001594729061857,0.6822499656622919,0.02382975071668625,0,0
scalar_high4_uniform_t020,noisy_t750,64,120,0.03651331615401432,0.05673191032716811,0.020001558907097206,0.6761321009330762,0.017224345356225967,0,0
scalar_high4_value_shift_t020,noisy_t1000,64,120,0.05989134818082675,0.0715935771423877,0.02000026268651709,0.6387670855658749,0.02390919253230095,0,0
scalar_high4_value_shift_t020,noisy_t250,64,120,0.02054464766115416,0.07377783647122366,0.020000756940377565,0.6406994460344625,0.02409936860203743,0,0
scalar_high4_value_shift_t020,noisy_t500,64,120,0.030703208452905528,0.07476215525978963,0.020000194134384704,0.6422348413111953,0.01814449205994606,0,0
scalar_high4_value_shift_t020,noisy_t750,64,120,0.04470690415473655,0.07397972920104318,0.019999538963505377,0.6428140183755506,0.023007672280073166,0,0
scalar_low4_boundary_t020,noisy_t1000,64,120,0.0407126247882843,0.07094006604893366,0.02000079484132584,0.4151159503128535,0.015605427324771881,0,0
scalar_low4_boundary_t020,noisy_t250,64,120,0.014693696284666657,0.05682112395261356,0.02000195532455109,0.6209105158244104,0.022479798644781113,0,0
scalar_low4_boundary_t020,noisy_t500,64,120,0.021446721671964042,0.061761616952571784,0.0200007543026004,0.543151813171183,0.015964265912771225,0,0
scalar_low4_boundary_t020,noisy_t750,64,120,0.03013440201175399,0.06559845194327257,0.02000173220876604,0.48378437774372285,0.013921409845352173,0,0
scalar_low4_key_shift_t020,noisy_t1000,64,120,0.04100472485879436,0.06102526067224971,0.02000144946020252,0.9817824186563182,0.01751938834786415,0,0
scalar_low4_key_shift_t020,noisy_t250,64,120,0.015496282940148376,0.06126455254355581,0.020002038039577504,1.2826651939152118,0.02062758430838585,0,0
scalar_low4_key_shift_t020,noisy_t500,64,120,0.022991454679868184,0.062450928553395596,0.020001929296995513,1.1883091030952833,0.02144593745470047,0,0
scalar_low4_key_shift_t020,noisy_t750,64,120,0.03392693924251944,0.062311976414093806,0.020002011488152976,1.1035826502018606,0.016548484563827515,0,0
scalar_low4_uniform_t020,noisy_t1000,64,120,0.03988638799637556,0.04647680640021766,0.02000055763152583,0.6969276301368761,0.01744404435157776,0,0
scalar_low4_uniform_t020,noisy_t250,64,120,0.01462778536370024,0.03974026067759648,0.0200024895981187,1.0641265412094072,0.023586582392454147,0,0
scalar_low4_uniform_t020,noisy_t500,64,120,0.021354163400246762,0.042369748296550824,0.020002505968053204,0.9320034600057019,0.021908432245254517,0,0
scalar_low4_uniform_t020,noisy_t750,64,120,0.02976358268642798,0.04411780427302195,0.019999545621491657,0.8261469061544631,0.02016918733716011,0,0
scalar_low4_value_shift_t020,noisy_t1000,64,120,0.04248480760725215,0.06113340929417367,0.020001669465758216,0.9068382550302583,0.01873904839158058,0,0
scalar_low4_value_shift_t020,noisy_t250,64,120,0.01546344842063263,0.06081428116904135,0.01999980066320859,1.1931202672693568,0.01975158229470253,0,0
scalar_low4_value_shift_t020,noisy_t500,64,120,0.023049916053423658,0.0620717718913511,0.020001235924428328,1.11001729927569,0.018906407058238983,0,0
scalar_low4_value_shift_t020,noisy_t750,64,120,0.03485846103285439,0.06213702793399231,0.020002762132207863,1.0279860596521757,0.018146447837352753,0,0
scalar_middle4_boundary_t020,noisy_t1000,64,120,0.04922197031555697,0.0761671564367134,0.020000391603874353,0.4452951011170323,0.016385968774557114,0,0
scalar_middle4_boundary_t020,noisy_t250,64,120,0.020101429341593757,0.06817934348146082,0.02000104932230897,0.516506773766984,0.018547754734754562,0,0
scalar_middle4_boundary_t020,noisy_t500,64,120,0.030378257055417635,0.071732535885288,0.020002013856234648,0.4871191043852984,0.019416864961385727,0,0
scalar_middle4_boundary_t020,noisy_t750,64,120,0.03997777562472038,0.0742484591314375,0.020000771520426494,0.4693710272937703,0.01824367791414261,0,0
scalar_middle4_key_shift_t020,noisy_t1000,64,120,0.05556081692338921,0.07541242123946479,0.0199997270819343,0.8392037334813115,0.018417928367853165,0,0
scalar_middle4_key_shift_t020,noisy_t250,64,120,0.01999557574163191,0.07637944409131403,0.01999886754298738,0.9166210715523145,0.019818078726530075,0,0
scalar_middle4_key_shift_t020,noisy_t500,64,120,0.031159884834778495,0.0771211459847109,0.020000664847126853,0.862468130971926,0.01752665266394615,0,0
scalar_middle4_key_shift_t020,noisy_t750,64,120,0.044269449048442766,0.07679913956878105,0.020000296164653264,0.8497131556350117,0.018313899636268616,0,0
scalar_middle4_uniform_t020,noisy_t1000,64,120,0.04815703514032066,0.05947778528740552,0.02000051240514343,0.62800688703234,0.01888284459710121,0,0
scalar_middle4_uniform_t020,noisy_t250,64,120,0.018792255359585397,0.05525823221396421,0.020000906034450358,0.715648706854942,0.0192936509847641,0,0
scalar_middle4_uniform_t020,noisy_t500,64,120,0.027755703093134798,0.05748777434613051,0.020000265516379536,0.6785434516340805,0.016158539801836014,0,0
scalar_middle4_uniform_t020,noisy_t750,64,120,0.03804515168303624,0.058792950072286965,0.020001049421261994,0.6568858583224937,0.018296856433153152,0,0
scalar_middle4_value_shift_t020,noisy_t1000,64,120,0.04910557801485993,0.07547165917518821,0.020000717889827987,0.8119951442233286,0.018045026808977127,0,0
scalar_middle4_value_shift_t020,noisy_t250,64,120,0.01907475318876095,0.07586066536678118,0.020001550737652,0.8796008934616111,0.019341986626386642,0,0
scalar_middle4_value_shift_t020,noisy_t500,64,120,0.028709265956422314,0.07663939674445525,0.020000032276342,0.8335872641570556,0.017482507973909378,0,0
scalar_middle4_value_shift_t020,noisy_t750,64,120,0.04093335030484013,0.07655161443944962,0.02000043281489828,0.8232895482603151,0.019598379731178284,0,0
signed_high4_boundary_t020,noisy_t1000,64,120,0.050404120585881174,0.08077714272003506,0.02000090769918946,0.4300709857120334,0.020340364426374435,0,0
signed_high4_boundary_t020,noisy_t250,64,120,0.017548527888720855,0.07435951252991799,0.019999625135096722,0.4820263664859037,0.018888618797063828,0,0
signed_high4_boundary_t020,noisy_t500,64,120,0.025864126131637022,0.07804895083706168,0.020000459583631405,0.4700660096442637,0.015978049486875534,0,0
signed_high4_boundary_t020,noisy_t750,64,120,0.03727357115712948,0.08032740729152768,0.02000035544236501,0.4581004707802398,0.016486458480358124,0,0
signed_high4_key_shift_t020,noisy_t1000,64,120,0.06769444202654995,0.08847044954891316,0.019999619617010467,0.5339043747575487,0.028773490339517593,0,0
signed_high4_key_shift_t020,noisy_t250,64,120,0.020394464590935968,0.09141610792685242,0.020001079942449,0.5799629313890666,0.019697006791830063,0,0
signed_high4_key_shift_t020,noisy_t500,64,120,0.032147230580449104,0.0926151993683258,0.0199996322451625,0.559183498545705,0.020203087478876114,0,0
signed_high4_key_shift_t020,noisy_t750,64,120,0.04730269467108883,0.0919169019836166,0.02000255234888755,0.5452955505480834,0.025816448032855988,0,0
signed_high4_uniform_t020,noisy_t1000,64,120,0.04829150723526254,0.0681982552484745,0.02000069836503826,0.5403931433393154,0.020541716367006302,0,0
signed_high4_uniform_t020,noisy_t250,64,120,0.01756875723367557,0.06397977488644149,0.020000239030923694,0.5923532131069806,0.01877695322036743,0,0
signed_high4_uniform_t020,noisy_t500,64,120,0.02561251823499333,0.0667105717548111,0.020000873129659646,0.5786633249022998,0.01824311912059784,0,0
signed_high4_uniform_t020,noisy_t750,64,120,0.035907337616663426,0.06826943085034146,0.02000138621175817,0.5670009036975292,0.017877668142318726,0,0
signed_high4_value_shift_t020,noisy_t1000,64,120,0.06550450946087949,0.0892226013989178,0.01999996174805953,0.5026121693876727,0.01733163371682167,0,0
signed_high4_value_shift_t020,noisy_t250,64,120,0.02102200836816337,0.09140662523944532,0.020000938545369232,0.536924625126024,0.02341773360967636,0,0
signed_high4_value_shift_t020,noisy_t500,64,120,0.03223447117488831,0.0926732038694657,0.020000606201938352,0.5180544745060616,0.01687733456492424,0,0
signed_high4_value_shift_t020,noisy_t750,64,120,0.047340877703391016,0.09227302650821609,0.020000813191290948,0.5117821728073371,0.016967393457889557,0,0
signed_low4_boundary_t020,noisy_t1000,64,120,0.040547130949562415,0.06445918278962684,0.02000011064422627,0.4601053292785461,0.020057428628206253,0,0
signed_low4_boundary_t020,noisy_t250,64,120,0.014674854741315357,0.050979119160183474,0.020002396157360637,0.6376203883478107,0.01737494021654129,0,0
signed_low4_boundary_t020,noisy_t500,64,120,0.021135147093445994,0.05540630375326146,0.020001365904075405,0.5629450257266096,0.018812622874975204,0,0
signed_low4_boundary_t020,noisy_t750,64,120,0.02912452511372976,0.05886988419054735,0.020001393098694583,0.5153568270111767,0.015874020755290985,0,0
signed_low4_key_shift_t020,noisy_t1000,64,120,0.04280225984985009,0.05172396759165471,0.02000259676715359,0.998658377781976,0.020653847604990005,0,0
signed_low4_key_shift_t020,noisy_t250,64,120,0.015409346800879575,0.05364045323337147,0.020001105143455787,1.2251793407912674,0.021329522132873535,0,0
signed_low4_key_shift_t020,noisy_t500,64,120,0.02276704990072176,0.05378984272811067,0.020000792621673705,1.1276536175631917,0.019475072622299194,0,0
signed_low4_key_shift_t020,noisy_t750,64,120,0.03289326897356659,0.0529198080895488,0.020002071068544562,1.0666297035757453,0.01857224851846695,0,0
signed_low4_uniform_t020,noisy_t1000,64,120,0.037604728422593325,0.039980568081227824,0.02000182031673224,0.7950032151342991,0.017669331282377243,0,0
signed_low4_uniform_t020,noisy_t250,64,120,0.014209380751708522,0.034323588727541696,0.020000315803918055,1.0756369015861613,0.018303748220205307,0,0
signed_low4_uniform_t020,noisy_t500,64,120,0.019775691573158838,0.036253563480931915,0.020002796532935463,0.9609445421219183,0.024661608040332794,0,0
signed_low4_uniform_t020,noisy_t750,64,120,0.027192409252165817,0.03754095130316273,0.020002199204949042,0.8869298172183335,0.020309071987867355,0,0
signed_low4_value_shift_t020,noisy_t1000,64,120,0.04607287238468416,0.052089442838284115,0.02000131704165445,0.9419951427960769,0.017376989126205444,0,0
signed_low4_value_shift_t020,noisy_t250,64,120,0.015134396657231264,0.05341007920948565,0.019999665893071023,1.1549607357592322,0.02124849706888199,0,0
signed_low4_value_shift_t020,noisy_t500,64,120,0.022565321371075697,0.05368495719600711,0.01999938156999027,1.0740203078719786,0.021244864910840988,0,0
signed_low4_value_shift_t020,noisy_t750,64,120,0.03439929580781609,0.05302192005146935,0.019999846195181213,1.0170472048805095,0.018219277262687683,0,0
signed_middle4_boundary_t020,noisy_t1000,64,120,0.0544204875768628,0.07267925452106283,0.020000989162751164,0.41445628912964216,0.01987731084227562,0,0
signed_middle4_boundary_t020,noisy_t250,64,120,0.020297123657655902,0.06462805947715727,0.02000179926981218,0.5150193036339867,0.019781850278377533,0,0
signed_middle4_boundary_t020,noisy_t500,64,120,0.03268088442564476,0.06838882626567888,0.020001487786066717,0.4695499967900105,0.017868448048830032,0,0
signed_middle4_boundary_t020,noisy_t750,64,120,0.04309814906446263,0.07069352957551019,0.020000229337407895,0.44406962281015394,0.014493521302938461,0,0
signed_middle4_key_shift_t020,noisy_t1000,64,120,0.051383521989919245,0.06967208616576195,0.020000376236081745,0.7925094309418153,0.019656028598546982,0,0
signed_middle4_key_shift_t020,noisy_t250,64,120,0.019059258731431328,0.07004087167388207,0.020000620619005836,0.9801851094040709,0.017496943473815918,0,0
signed_middle4_key_shift_t020,noisy_t500,64,120,0.02932836185209453,0.07140260882394311,0.02000082540810884,0.8952678203349933,0.02084597945213318,0,0
signed_middle4_key_shift_t020,noisy_t750,64,120,0.041928455262677744,0.07119430286469045,0.020000155968591574,0.8415096963445345,0.019873864948749542,0,0
signed_middle4_uniform_t020,noisy_t1000,64,120,0.0558360239083413,0.05456188227544771,0.020002873693980898,0.5935065786819905,0.02030869945883751,0,0
signed_middle4_uniform_t020,noisy_t250,64,120,0.019675485134939663,0.05059182678038875,0.02000055617439405,0.7322828251169995,0.021550804376602173,0,0
signed_middle4_uniform_t020,noisy_t500,64,120,0.031026940792798996,0.05313484850582124,0.020000174692055832,0.6648453483746077,0.017406418919563293,0,0
signed_middle4_uniform_t020,noisy_t750,64,120,0.04287951916921884,0.05424316854284067,0.02000051741391265,0.6305400050090004,0.0193045474588871,0,0
signed_middle4_value_shift_t020,noisy_t1000,64,120,0.04378119483590126,0.06924164581262934,0.020001032740886632,0.7614844536137146,0.019626878201961517,0,0
signed_middle4_value_shift_t020,noisy_t250,64,120,0.01836346108757425,0.06879239313499663,0.02000075550264834,0.9339085086132399,0.01801382750272751,0,0
signed_middle4_value_shift_t020,noisy_t500,64,120,0.025841089998721145,0.07039453161147928,0.020001148761366494,0.8503614277734111,0.018201302736997604,0,0
signed_middle4_value_shift_t020,noisy_t750,64,120,0.03798656153958291,0.07046978742097659,0.020000580973767987,0.804654796809579,0.021880120038986206,0,0
