dataset_index,prompt_slot,source_prompt_index,seed_replicate,seed,captured_calls,record_count,downstream_record_count,refined_layer_count,refinement_bound_hit_count,path
0,0,9,0,151009,4,120,132,3840,0,/apdcephfs_gy2/share_303214315/cedricnie/develop/training-free/runs/v151_signed_policy_low_tail/core64/profiles/00000_v151_p00_src009_s0.pt
1,0,9,1,161009,4,120,132,3840,0,/apdcephfs_gy2/share_303214315/cedricnie/develop/training-free/runs/v151_signed_policy_low_tail/core64/profiles/00001_v151_p00_src009_s1.pt
2,1,14,0,151014,4,120,132,3840,0,/apdcephfs_gy2/share_303214315/cedricnie/develop/training-free/runs/v151_signed_policy_low_tail/core64/profiles/00002_v151_p01_src014_s0.pt
3,1,14,1,161014,4,120,132,3840,0,/apdcephfs_gy2/share_303214315/cedricnie/develop/training-free/runs/v151_signed_policy_low_tail/core64/profiles/00003_v151_p01_src014_s1.pt
4,2,16,0,151016,4,120,132,3840,0,/apdcephfs_gy2/share_303214315/cedricnie/develop/training-free/runs/v151_signed_policy_low_tail/core64/profiles/00004_v151_p02_src016_s0.pt
5,2,16,1,161016,4,120,132,3840,0,/apdcephfs_gy2/share_303214315/cedricnie/develop/training-free/runs/v151_signed_policy_low_tail/core64/profiles/00005_v151_p02_src016_s1.pt
6,3,20,0,151020,4,120,132,3840,0,/apdcephfs_gy2/share_303214315/cedricnie/develop/training-free/runs/v151_signed_policy_low_tail/core64/profiles/00006_v151_p03_src020_s0.pt
7,3,20,1,161020,4,120,132,3840,0,/apdcephfs_gy2/share_303214315/cedricnie/develop/training-free/runs/v151_signed_policy_low_tail/core64/profiles/00007_v151_p03_src020_s1.pt
8,4,22,0,151022,4,120,132,3840,0,/apdcephfs_gy2/share_303214315/cedricnie/develop/training-free/runs/v151_signed_policy_low_tail/core64/profiles/00008_v151_p04_src022_s0.pt
9,4,22,1,161022,4,120,132,3840,0,/apdcephfs_gy2/share_303214315/cedricnie/develop/training-free/runs/v151_signed_policy_low_tail/core64/profiles/00009_v151_p04_src022_s1.pt
10,5,25,0,151025,4,120,132,3840,0,/apdcephfs_gy2/share_303214315/cedricnie/develop/training-free/runs/v151_signed_policy_low_tail/core64/profiles/00010_v151_p05_src025_s0.pt
11,5,25,1,161025,4,120,132,3840,0,/apdcephfs_gy2/share_303214315/cedricnie/develop/training-free/runs/v151_signed_policy_low_tail/core64/profiles/00011_v151_p05_src025_s1.pt
12,6,26,0,151026,4,120,132,3840,0,/apdcephfs_gy2/share_303214315/cedricnie/develop/training-free/runs/v151_signed_policy_low_tail/core64/profiles/00012_v151_p06_src026_s0.pt
13,6,26,1,161026,4,120,132,3840,0,/apdcephfs_gy2/share_303214315/cedricnie/develop/training-free/runs/v151_signed_policy_low_tail/core64/profiles/00013_v151_p06_src026_s1.pt
14,7,29,0,151029,4,120,132,3840,0,/apdcephfs_gy2/share_303214315/cedricnie/develop/training-free/runs/v151_signed_policy_low_tail/core64/profiles/00014_v151_p07_src029_s0.pt
15,7,29,1,161029,4,120,132,3840,0,/apdcephfs_gy2/share_303214315/cedricnie/develop/training-free/runs/v151_signed_policy_low_tail/core64/profiles/00015_v151_p07_src029_s1.pt
16,8,30,0,151030,4,120,132,3840,0,/apdcephfs_gy2/share_303214315/cedricnie/develop/training-free/runs/v151_signed_policy_low_tail/core64/profiles/00016_v151_p08_src030_s0.pt
17,8,30,1,161030,4,120,132,3840,0,/apdcephfs_gy2/share_303214315/cedricnie/develop/training-free/runs/v151_signed_policy_low_tail/core64/profiles/00017_v151_p08_src030_s1.pt
18,9,32,0,151032,4,120,132,3840,0,/apdcephfs_gy2/share_303214315/cedricnie/develop/training-free/runs/v151_signed_policy_low_tail/core64/profiles/00018_v151_p09_src032_s0.pt
19,9,32,1,161032,4,120,132,3840,0,/apdcephfs_gy2/share_303214315/cedricnie/develop/training-free/runs/v151_signed_policy_low_tail/core64/profiles/00019_v151_p09_src032_s1.pt
20,10,37,0,151037,4,120,132,3840,0,/apdcephfs_gy2/share_303214315/cedricnie/develop/training-free/runs/v151_signed_policy_low_tail/core64/profiles/00020_v151_p10_src037_s0.pt
21,10,37,1,161037,4,120,132,3840,0,/apdcephfs_gy2/share_303214315/cedricnie/develop/training-free/runs/v151_signed_policy_low_tail/core64/profiles/00021_v151_p10_src037_s1.pt
22,11,44,0,151044,4,120,132,3840,0,/apdcephfs_gy2/share_303214315/cedricnie/develop/training-free/runs/v151_signed_policy_low_tail/core64/profiles/00022_v151_p11_src044_s0.pt
23,11,44,1,161044,4,120,132,3840,0,/apdcephfs_gy2/share_303214315/cedricnie/develop/training-free/runs/v151_signed_policy_low_tail/core64/profiles/00023_v151_p11_src044_s1.pt
24,12,46,0,151046,4,120,132,3840,0,/apdcephfs_gy2/share_303214315/cedricnie/develop/training-free/runs/v151_signed_policy_low_tail/core64/profiles/00024_v151_p12_src046_s0.pt
25,12,46,1,161046,4,120,132,3840,0,/apdcephfs_gy2/share_303214315/cedricnie/develop/training-free/runs/v151_signed_policy_low_tail/core64/profiles/00025_v151_p12_src046_s1.pt
26,13,48,0,151048,4,120,132,3840,0,/apdcephfs_gy2/share_303214315/cedricnie/develop/training-free/runs/v151_signed_policy_low_tail/core64/profiles/00026_v151_p13_src048_s0.pt
27,13,48,1,161048,4,120,132,3840,0,/apdcephfs_gy2/share_303214315/cedricnie/develop/training-free/runs/v151_signed_policy_low_tail/core64/profiles/00027_v151_p13_src048_s1.pt
28,14,50,0,151050,4,120,132,3840,0,/apdcephfs_gy2/share_303214315/cedricnie/develop/training-free/runs/v151_signed_policy_low_tail/core64/profiles/00028_v151_p14_src050_s0.pt
29,14,50,1,161050,4,120,132,3840,0,/apdcephfs_gy2/share_303214315/cedricnie/develop/training-free/runs/v151_signed_policy_low_tail/core64/profiles/00029_v151_p14_src050_s1.pt
30,15,54,0,151054,4,120,132,3840,0,/apdcephfs_gy2/share_303214315/cedricnie/develop/training-free/runs/v151_signed_policy_low_tail/core64/profiles/00030_v151_p15_src054_s0.pt
31,15,54,1,161054,4,120,132,3840,0,/apdcephfs_gy2/share_303214315/cedricnie/develop/training-free/runs/v151_signed_policy_low_tail/core64/profiles/00031_v151_p15_src054_s1.pt
32,16,59,0,151059,4,120,132,3840,0,/apdcephfs_gy2/share_303214315/cedricnie/develop/training-free/runs/v151_signed_policy_low_tail/core64/profiles/00032_v151_p16_src059_s0.pt
33,16,59,1,161059,4,120,132,3840,0,/apdcephfs_gy2/share_303214315/cedricnie/develop/training-free/runs/v151_signed_policy_low_tail/core64/profiles/00033_v151_p16_src059_s1.pt
34,17,60,0,151060,4,120,132,3840,0,/apdcephfs_gy2/share_303214315/cedricnie/develop/training-free/runs/v151_signed_policy_low_tail/core64/profiles/00034_v151_p17_src060_s0.pt
35,17,60,1,161060,4,120,132,3840,0,/apdcephfs_gy2/share_303214315/cedricnie/develop/training-free/runs/v151_signed_policy_low_tail/core64/profiles/00035_v151_p17_src060_s1.pt
36,18,62,0,151062,4,120,132,3840,0,/apdcephfs_gy2/share_303214315/cedricnie/develop/training-free/runs/v151_signed_policy_low_tail/core64/profiles/00036_v151_p18_src062_s0.pt
37,18,62,1,161062,4,120,132,3840,0,/apdcephfs_gy2/share_303214315/cedricnie/develop/training-free/runs/v151_signed_policy_low_tail/core64/profiles/00037_v151_p18_src062_s1.pt
38,19,69,0,151069,4,120,132,3840,0,/apdcephfs_gy2/share_303214315/cedricnie/develop/training-free/runs/v151_signed_policy_low_tail/core64/profiles/00038_v151_p19_src069_s0.pt
39,19,69,1,161069,4,120,132,3840,0,/apdcephfs_gy2/share_303214315/cedricnie/develop/training-free/runs/v151_signed_policy_low_tail/core64/profiles/00039_v151_p19_src069_s1.pt
40,20,74,0,151074,4,120,132,3840,0,/apdcephfs_gy2/share_303214315/cedricnie/develop/training-free/runs/v151_signed_policy_low_tail/core64/profiles/00040_v151_p20_src074_s0.pt
41,20,74,1,161074,4,120,132,3840,0,/apdcephfs_gy2/share_303214315/cedricnie/develop/training-free/runs/v151_signed_policy_low_tail/core64/profiles/00041_v151_p20_src074_s1.pt
42,21,76,0,151076,4,120,132,3840,0,/apdcephfs_gy2/share_303214315/cedricnie/develop/training-free/runs/v151_signed_policy_low_tail/core64/profiles/00042_v151_p21_src076_s0.pt
43,21,76,1,161076,4,120,132,3840,0,/apdcephfs_gy2/share_303214315/cedricnie/develop/training-free/runs/v151_signed_policy_low_tail/core64/profiles/00043_v151_p21_src076_s1.pt
44,22,83,0,151083,4,120,132,3840,0,/apdcephfs_gy2/share_303214315/cedricnie/develop/training-free/runs/v151_signed_policy_low_tail/core64/profiles/00044_v151_p22_src083_s0.pt
45,22,83,1,161083,4,120,132,3840,0,/apdcephfs_gy2/share_303214315/cedricnie/develop/training-free/runs/v151_signed_policy_low_tail/core64/profiles/00045_v151_p22_src083_s1.pt
46,23,88,0,151088,4,120,132,3840,0,/apdcephfs_gy2/share_303214315/cedricnie/develop/training-free/runs/v151_signed_policy_low_tail/core64/profiles/00046_v151_p23_src088_s0.pt
47,23,88,1,161088,4,120,132,3840,0,/apdcephfs_gy2/share_303214315/cedricnie/develop/training-free/runs/v151_signed_policy_low_tail/core64/profiles/00047_v151_p23_src088_s1.pt
48,24,94,0,151094,4,120,132,3840,0,/apdcephfs_gy2/share_303214315/cedricnie/develop/training-free/runs/v151_signed_policy_low_tail/core64/profiles/00048_v151_p24_src094_s0.pt
49,24,94,1,161094,4,120,132,3840,0,/apdcephfs_gy2/share_303214315/cedricnie/develop/training-free/runs/v151_signed_policy_low_tail/core64/profiles/00049_v151_p24_src094_s1.pt
50,25,98,0,151098,4,120,132,3840,0,/apdcephfs_gy2/share_303214315/cedricnie/develop/training-free/runs/v151_signed_policy_low_tail/core64/profiles/00050_v151_p25_src098_s0.pt
51,25,98,1,161098,4,120,132,3840,0,/apdcephfs_gy2/share_303214315/cedricnie/develop/training-free/runs/v151_signed_policy_low_tail/core64/profiles/00051_v151_p25_src098_s1.pt
52,26,106,0,151106,4,120,132,3840,0,/apdcephfs_gy2/share_303214315/cedricnie/develop/training-free/runs/v151_signed_policy_low_tail/core64/profiles/00052_v151_p26_src106_s0.pt
53,26,106,1,161106,4,120,132,3840,0,/apdcephfs_gy2/share_303214315/cedricnie/develop/training-free/runs/v151_signed_policy_low_tail/core64/profiles/00053_v151_p26_src106_s1.pt
54,27,110,0,151110,4,120,132,3840,0,/apdcephfs_gy2/share_303214315/cedricnie/develop/training-free/runs/v151_signed_policy_low_tail/core64/profiles/00054_v151_p27_src110_s0.pt
55,27,110,1,161110,4,120,132,3840,0,/apdcephfs_gy2/share_303214315/cedricnie/develop/training-free/runs/v151_signed_policy_low_tail/core64/profiles/00055_v151_p27_src110_s1.pt
56,28,111,0,151111,4,120,132,3840,0,/apdcephfs_gy2/share_303214315/cedricnie/develop/training-free/runs/v151_signed_policy_low_tail/core64/profiles/00056_v151_p28_src111_s0.pt
57,28,111,1,161111,4,120,132,3840,0,/apdcephfs_gy2/share_303214315/cedricnie/develop/training-free/runs/v151_signed_policy_low_tail/core64/profiles/00057_v151_p28_src111_s1.pt
58,29,114,0,151114,4,120,132,3840,0,/apdcephfs_gy2/share_303214315/cedricnie/develop/training-free/runs/v151_signed_policy_low_tail/core64/profiles/00058_v151_p29_src114_s0.pt
59,29,114,1,161114,4,120,132,3840,0,/apdcephfs_gy2/share_303214315/cedricnie/develop/training-free/runs/v151_signed_policy_low_tail/core64/profiles/00059_v151_p29_src114_s1.pt
60,30,116,0,151116,4,120,132,3840,0,/apdcephfs_gy2/share_303214315/cedricnie/develop/training-free/runs/v151_signed_policy_low_tail/core64/profiles/00060_v151_p30_src116_s0.pt
61,30,116,1,161116,4,120,132,3840,0,/apdcephfs_gy2/share_303214315/cedricnie/develop/training-free/runs/v151_signed_policy_low_tail/core64/profiles/00061_v151_p30_src116_s1.pt
62,31,119,0,151119,4,120,132,3840,0,/apdcephfs_gy2/share_303214315/cedricnie/develop/training-free/runs/v151_signed_policy_low_tail/core64/profiles/00062_v151_p31_src119_s0.pt
63,31,119,1,161119,4,120,132,3840,0,/apdcephfs_gy2/share_303214315/cedricnie/develop/training-free/runs/v151_signed_policy_low_tail/core64/profiles/00063_v151_p31_src119_s1.pt
