comparison,channel,family,intervention,comparison_group,metric,effect_definition,context,unit_count,prompt_count,mean_effect,median_effect,positive_fraction,prompt_bootstrap_mean_ci_low,prompt_bootstrap_mean_ci_high,seed_replicate_spearman
susceptibility:scalar:uniform:high>random0,susceptibility,scalar,uniform,high>random0,mean_raw_projected_relative_rms,paired_log_ratio,noisy_t1000,64,32,-0.11556946404921785,-0.11088125095529766,0.015625,-0.13453379644803837,-0.09725865396687833,0.23533724340175952
susceptibility:scalar:uniform:high>random0,susceptibility,scalar,uniform,high>random0,mean_raw_projected_relative_rms,paired_log_ratio,noisy_t250,64,32,-0.08107238918892903,-0.07921896328439448,0.125,-0.09891791858738373,-0.062440702214264565,0.3247800586510263
susceptibility:scalar:uniform:high>random0,susceptibility,scalar,uniform,high>random0,mean_raw_projected_relative_rms,paired_log_ratio,noisy_t500,64,32,-0.0887869081990017,-0.08437342142313399,0.09375,-0.1081348993752836,-0.07099757454263762,0.29032258064516125
susceptibility:scalar:uniform:high>random0,susceptibility,scalar,uniform,high>random0,mean_raw_projected_relative_rms,paired_log_ratio,noisy_t750,64,32,-0.09955141445089534,-0.09388438682300664,0.0625,-0.11872198250342318,-0.08157309307604121,0.2855571847507331
susceptibility:scalar:uniform:high>random0,susceptibility,scalar,uniform,high>random0,mean_raw_projected_relative_rms,paired_log_ratio,pooled,256,32,-0.09624504397201099,-0.08918606655907742,0.07421875,-0.11475691253475356,-0.07756938173817064,0.3082844574780058
susceptibility:scalar:uniform:random0>low,susceptibility,scalar,uniform,random0>low,mean_raw_projected_relative_rms,paired_log_ratio,noisy_t1000,64,32,0.29890750563806767,0.31783077816515737,1.0,0.2715470536193662,0.32313241373383,0.4890029325513196
susceptibility:scalar:uniform:random0>low,susceptibility,scalar,uniform,random0>low,mean_raw_projected_relative_rms,paired_log_ratio,noisy_t250,64,32,0.36843432227355405,0.37689161706290963,1.0,0.3493930501847767,0.3863266051545649,0.4560117302052785
susceptibility:scalar:uniform:random0>low,susceptibility,scalar,uniform,random0>low,mean_raw_projected_relative_rms,paired_log_ratio,noisy_t500,64,32,0.35518722063716907,0.36819352556520524,1.0,0.3354002752222972,0.37420809462319515,0.5267595307917888
susceptibility:scalar:uniform:random0>low,susceptibility,scalar,uniform,random0>low,mean_raw_projected_relative_rms,paired_log_ratio,noisy_t750,64,32,0.34170647220971395,0.35607723208380826,1.0,0.31959234795638775,0.36296706513784255,0.5472873900293254
susceptibility:scalar:uniform:random0>low,susceptibility,scalar,uniform,random0>low,mean_raw_projected_relative_rms,paired_log_ratio,pooled,256,32,0.34105888018962616,0.34529708659453745,1.0,0.3199319991713967,0.36242997316342535,0.530425219941349
susceptibility:scalar:uniform:high>random1,susceptibility,scalar,uniform,high>random1,mean_raw_projected_relative_rms,paired_log_ratio,noisy_t1000,64,32,0.05421425220258058,0.05997530409043851,0.859375,0.03838823889298638,0.06914395805089883,0.2716275659824047
susceptibility:scalar:uniform:high>random1,susceptibility,scalar,uniform,high>random1,mean_raw_projected_relative_rms,paired_log_ratio,noisy_t250,64,32,0.07586543004548552,0.08373761753278286,0.96875,0.06249075694283822,0.08850485760705189,0.38269794721407624
susceptibility:scalar:uniform:high>random1,susceptibility,scalar,uniform,high>random1,mean_raw_projected_relative_rms,paired_log_ratio,noisy_t500,64,32,0.07814251494957491,0.09154619428430244,0.953125,0.06390116884059753,0.09131419843519384,0.38599706744868034
susceptibility:scalar:uniform:high>random1,susceptibility,scalar,uniform,high>random1,mean_raw_projected_relative_rms,paired_log_ratio,noisy_t750,64,32,0.07373539248702429,0.08290813050364354,0.9375,0.05848646344530176,0.08809298323329083,0.3192815249266862
susceptibility:scalar:uniform:high>random1,susceptibility,scalar,uniform,high>random1,mean_raw_projected_relative_rms,paired_log_ratio,pooled,256,32,0.07048939742116632,0.07975073883444783,0.9296875,0.05626729537443366,0.08382843753194766,0.3581378299120234
susceptibility:scalar:uniform:random1>low,susceptibility,scalar,uniform,random1>low,mean_raw_projected_relative_rms,paired_log_ratio,noisy_t1000,64,32,0.12912378938626923,0.13134454256381795,0.9375,0.1057866952086786,0.15278556589634584,0.5707478005865102
susceptibility:scalar:uniform:random1>low,susceptibility,scalar,uniform,random1>low,mean_raw_projected_relative_rms,paired_log_ratio,noisy_t250,64,32,0.21149650303913947,0.20187803017271305,1.0,0.18812505225447043,0.2352417286791358,0.6081378299120235
susceptibility:scalar:uniform:random1>low,susceptibility,scalar,uniform,random1>low,mean_raw_projected_relative_rms,paired_log_ratio,noisy_t500,64,32,0.18825779748859245,0.18755048796615698,1.0,0.16493221794787655,0.21236911237700254,0.6638563049853371
susceptibility:scalar:uniform:random1>low,susceptibility,scalar,uniform,random1>low,mean_raw_projected_relative_rms,paired_log_ratio,noisy_t750,64,32,0.1684196652717943,0.1709027487586734,0.984375,0.14402976871788056,0.19237560885792043,0.6425953079178884
susceptibility:scalar:uniform:random1>low,susceptibility,scalar,uniform,random1>low,mean_raw_projected_relative_rms,paired_log_ratio,pooled,256,32,0.17432443879644888,0.18208744925602438,0.98046875,0.1503484150973644,0.19764136394566012,0.6535923753665689
susceptibility:scalar:uniform:high>random2,susceptibility,scalar,uniform,high>random2,mean_raw_projected_relative_rms,paired_log_ratio,noisy_t1000,64,32,0.12426504618944109,0.12543788324004668,0.953125,0.10513077537317148,0.1430497987475244,0.39222873900293254
susceptibility:scalar:uniform:high>random2,susceptibility,scalar,uniform,high>random2,mean_raw_projected_relative_rms,paired_log_ratio,noisy_t250,64,32,0.15121092049104373,0.1526366103135131,1.0,0.13470447582483044,0.16745328330655462,0.31891495601173014
susceptibility:scalar:uniform:high>random2,susceptibility,scalar,uniform,high>random2,mean_raw_projected_relative_rms,paired_log_ratio,noisy_t500,64,32,0.15043422287473304,0.1506799210481993,0.984375,0.13357326022804933,0.1667336364552362,0.26099706744868034
susceptibility:scalar:uniform:high>random2,susceptibility,scalar,uniform,high>random2,mean_raw_projected_relative_rms,paired_log_ratio,noisy_t750,64,32,0.14596226404901413,0.146741076481872,0.984375,0.12844881382355774,0.16291019199893694,0.31341642228739
susceptibility:scalar:uniform:high>random2,susceptibility,scalar,uniform,high>random2,mean_raw_projected_relative_rms,paired_log_ratio,pooled,256,32,0.14296811340105803,0.14665112447149964,0.98046875,0.12585082533942585,0.16024825869343226,0.3255131964809384
susceptibility:scalar:uniform:random2>low,susceptibility,scalar,uniform,random2>low,mean_raw_projected_relative_rms,paired_log_ratio,noisy_t1000,64,32,0.05907299539940872,0.05861836856749114,0.84375,0.03549265635699425,0.08162348847121281,0.5249266862170088
susceptibility:scalar:uniform:random2>low,susceptibility,scalar,uniform,random2>low,mean_raw_projected_relative_rms,paired_log_ratio,noisy_t250,64,32,0.13615101259358126,0.1393376578754595,0.96875,0.11487006093396038,0.15719712287074436,0.2892228739002932
susceptibility:scalar:uniform:random2>low,susceptibility,scalar,uniform,random2>low,mean_raw_projected_relative_rms,paired_log_ratio,noisy_t500,64,32,0.1159660895634343,0.11799132195281387,0.96875,0.0936517868133278,0.137628229655242,0.4127565982404692
susceptibility:scalar:uniform:random2>low,susceptibility,scalar,uniform,random2>low,mean_raw_projected_relative_rms,paired_log_ratio,noisy_t750,64,32,0.09619279370980441,0.10192147377962218,0.9375,0.0715334616934397,0.11880715792638202,0.4574780058651026
susceptibility:scalar:uniform:random2>low,susceptibility,scalar,uniform,random2>low,mean_raw_projected_relative_rms,paired_log_ratio,pooled,256,32,0.10184572281655717,0.10767739379863056,0.9296875,0.07934461768424353,0.12295627036520755,0.3914956011730205
susceptibility:scalar:uniform:high>random3,susceptibility,scalar,uniform,high>random3,mean_raw_projected_relative_rms,paired_log_ratio,noisy_t1000,64,32,0.046155226701812345,0.05626804212872101,0.8125,0.027490038269858567,0.06358458602257652,0.2921554252199413
susceptibility:scalar:uniform:high>random3,susceptibility,scalar,uniform,high>random3,mean_raw_projected_relative_rms,paired_log_ratio,noisy_t250,64,32,0.05330856814655663,0.055943979545688825,0.84375,0.03550312342482061,0.0705794840796534,0.4211876832844574
susceptibility:scalar:uniform:high>random3,susceptibility,scalar,uniform,high>random3,mean_raw_projected_relative_rms,paired_log_ratio,noisy_t500,64,32,0.06794655336119151,0.07132111045024234,0.890625,0.051663179071001715,0.08441143980487399,0.36950146627565983
susceptibility:scalar:uniform:high>random3,susceptibility,scalar,uniform,high>random3,mean_raw_projected_relative_rms,paired_log_ratio,noisy_t750,64,32,0.0704874005335741,0.07280160748230255,0.890625,0.0522448639324811,0.08774780489497318,0.346041055718475
susceptibility:scalar:uniform:high>random3,susceptibility,scalar,uniform,high>random3,mean_raw_projected_relative_rms,paired_log_ratio,pooled,256,32,0.05947443718578365,0.06360615294426136,0.859375,0.041691612295743564,0.07576302451955982,0.3691348973607038
susceptibility:scalar:uniform:random3>low,susceptibility,scalar,uniform,random3>low,mean_raw_projected_relative_rms,paired_log_ratio,noisy_t1000,64,32,0.13718281488703743,0.14248025931024533,0.96875,0.11566477324168817,0.15696255958313618,0.6535923753665689
susceptibility:scalar:uniform:random3>low,susceptibility,scalar,uniform,random3>low,mean_raw_projected_relative_rms,paired_log_ratio,noisy_t250,64,32,0.2340533649380684,0.24155895226396262,1.0,0.2175469939455159,0.25122475724863697,0.4127565982404692
susceptibility:scalar:uniform:random3>low,susceptibility,scalar,uniform,random3>low,mean_raw_projected_relative_rms,paired_log_ratio,noisy_t500,64,32,0.19845375907697582,0.20599827148492386,1.0,0.18014787186771714,0.21680330642271314,0.562683284457478
susceptibility:scalar:uniform:random3>low,susceptibility,scalar,uniform,random3>low,mean_raw_projected_relative_rms,paired_log_ratio,noisy_t750,64,32,0.17166765722524446,0.18198174632169,1.0,0.1513738472118287,0.19235988255337294,0.6315982404692081
susceptibility:scalar:uniform:random3>low,susceptibility,scalar,uniform,random3>low,mean_raw_projected_relative_rms,paired_log_ratio,pooled,256,32,0.18533939903183155,0.19536927486245123,0.9921875,0.16717570399558812,0.20382639018450846,0.6000733137829912
susceptibility:scalar:uniform:high>random4,susceptibility,scalar,uniform,high>random4,mean_raw_projected_relative_rms,paired_log_ratio,noisy_t1000,64,32,0.02185372058450554,0.02936791630412336,0.703125,0.004658331199646741,0.038348994615896415,0.29912023460410553
susceptibility:scalar:uniform:high>random4,susceptibility,scalar,uniform,high>random4,mean_raw_projected_relative_rms,paired_log_ratio,noisy_t250,64,32,0.06904807504163599,0.07276113560733674,0.921875,0.05178597512554819,0.08569373572069462,0.34237536656891493
susceptibility:scalar:uniform:high>random4,susceptibility,scalar,uniform,high>random4,mean_raw_projected_relative_rms,paired_log_ratio,noisy_t500,64,32,0.05559067334748186,0.05097809080846177,0.890625,0.0371100504844945,0.07262083745584931,0.3673020527859237
susceptibility:scalar:uniform:high>random4,susceptibility,scalar,uniform,high>random4,mean_raw_projected_relative_rms,paired_log_ratio,noisy_t750,64,32,0.04456566552933297,0.04656511610114271,0.84375,0.026021254863748303,0.0624066663686644,0.3321114369501466
susceptibility:scalar:uniform:high>random4,susceptibility,scalar,uniform,high>random4,mean_raw_projected_relative_rms,paired_log_ratio,pooled,256,32,0.04776453362573909,0.04930237908596363,0.83984375,0.030178202735661117,0.06417572510758657,0.3544721407624633
susceptibility:scalar:uniform:random4>low,susceptibility,scalar,uniform,random4>low,mean_raw_projected_relative_rms,paired_log_ratio,noisy_t1000,64,32,0.16148432100434426,0.17173420046072652,0.984375,0.13812039425241865,0.18354862772150154,0.6741202346041055
susceptibility:scalar:uniform:random4>low,susceptibility,scalar,uniform,random4>low,mean_raw_projected_relative_rms,paired_log_ratio,noisy_t250,64,32,0.21831385804298903,0.21736343148433301,1.0,0.1959869367900589,0.24083253626745044,0.5667155425219941
susceptibility:scalar:uniform:random4>low,susceptibility,scalar,uniform,random4>low,mean_raw_projected_relative_rms,paired_log_ratio,noisy_t500,64,32,0.21080963909068545,0.2097966496552398,1.0,0.18996088099363292,0.23123574528485524,0.6447947214076246
susceptibility:scalar:uniform:random4>low,susceptibility,scalar,uniform,random4>low,mean_raw_projected_relative_rms,paired_log_ratio,noisy_t750,64,32,0.19758939222948563,0.200683571148564,1.0,0.1761572655287563,0.21958030337234574,0.6763196480938416
susceptibility:scalar:uniform:random4>low,susceptibility,scalar,uniform,random4>low,mean_raw_projected_relative_rms,paired_log_ratio,pooled,256,32,0.19704930259187609,0.19939393392700183,0.99609375,0.1749799527402371,0.21830996590299032,0.6521260997067447
susceptibility:scalar:uniform:high>random5,susceptibility,scalar,uniform,high>random5,mean_raw_projected_relative_rms,paired_log_ratio,noisy_t1000,64,32,-0.025670183110018056,-0.024962377126132636,0.359375,-0.0409681277359502,-0.01102561468813809,0.1917155425219941
susceptibility:scalar:uniform:high>random5,susceptibility,scalar,uniform,high>random5,mean_raw_projected_relative_rms,paired_log_ratio,noisy_t250,64,32,0.0048044076176161805,0.006769483972372991,0.546875,-0.009322491675042018,0.01904420791694833,0.2855571847507331
susceptibility:scalar:uniform:high>random5,susceptibility,scalar,uniform,high>random5,mean_raw_projected_relative_rms,paired_log_ratio,noisy_t500,64,32,-0.006091817069833021,-0.002111613363482549,0.484375,-0.020283543885755213,0.0076699107461967,0.31781524926686217
susceptibility:scalar:uniform:high>random5,susceptibility,scalar,uniform,high>random5,mean_raw_projected_relative_rms,paired_log_ratio,noisy_t750,64,32,-0.018353921810263192,-0.013401926353669361,0.40625,-0.03335151507915841,-0.004252825949653633,0.2730938416422287
susceptibility:scalar:uniform:high>random5,susceptibility,scalar,uniform,high>random5,mean_raw_projected_relative_rms,paired_log_ratio,pooled,256,32,-0.011327878593124521,-0.005531973885356396,0.44921875,-0.025447662315390834,0.0029927614572689606,0.28372434017595305
susceptibility:scalar:uniform:random5>low,susceptibility,scalar,uniform,random5>low,mean_raw_projected_relative_rms,paired_log_ratio,noisy_t1000,64,32,0.20900822469886784,0.2146828892851341,1.0,0.1796586908801236,0.23582349479767986,0.5117302052785924
susceptibility:scalar:uniform:random5>low,susceptibility,scalar,uniform,random5>low,mean_raw_projected_relative_rms,paired_log_ratio,noisy_t250,64,32,0.28255752546700885,0.2752016991129592,1.0,0.25789830014648957,0.306863593071035,0.5480205278592375
susceptibility:scalar:uniform:random5>low,susceptibility,scalar,uniform,random5>low,mean_raw_projected_relative_rms,paired_log_ratio,noisy_t500,64,32,0.2724921295080004,0.2695960268737444,1.0,0.24581564629087438,0.29730923349696076,0.5839442815249266
susceptibility:scalar:uniform:random5>low,susceptibility,scalar,uniform,random5>low,mean_raw_projected_relative_rms,paired_log_ratio,noisy_t750,64,32,0.26050897956908176,0.2580017567333768,1.0,0.23307773878405647,0.28672552463991396,0.6455278592375365
susceptibility:scalar:uniform:random5>low,susceptibility,scalar,uniform,random5>low,mean_raw_projected_relative_rms,paired_log_ratio,pooled,256,32,0.25614171481073966,0.2582863241102309,1.0,0.23023851796783748,0.28174641871230977,0.5901759530791789
susceptibility:scalar:uniform:high>random6,susceptibility,scalar,uniform,high>random6,mean_raw_projected_relative_rms,paired_log_ratio,noisy_t1000,64,32,-0.08542616778584942,-0.08730794463478775,0.0625,-0.1022434364661501,-0.06853964267580787,0.43511730205278587
susceptibility:scalar:uniform:high>random6,susceptibility,scalar,uniform,high>random6,mean_raw_projected_relative_rms,paired_log_ratio,noisy_t250,64,32,-0.06271150997112299,-0.06652260878237559,0.15625,-0.07931584335802316,-0.04641356046965736,0.44024926686217003
susceptibility:scalar:uniform:high>random6,susceptibility,scalar,uniform,high>random6,mean_raw_projected_relative_rms,paired_log_ratio,noisy_t500,64,32,-0.06554004664301455,-0.06752978010945679,0.140625,-0.0829759846161093,-0.048730759512256534,0.345674486803519
susceptibility:scalar:uniform:high>random6,susceptibility,scalar,uniform,high>random6,mean_raw_projected_relative_rms,paired_log_ratio,noisy_t750,64,32,-0.07283097539223585,-0.07518143906389424,0.109375,-0.09055697440640324,-0.055187762705505385,0.3548387096774193
susceptibility:scalar:uniform:high>random6,susceptibility,scalar,uniform,high>random6,mean_raw_projected_relative_rms,paired_log_ratio,pooled,256,32,-0.0716271749480557,-0.07358859685390357,0.1171875,-0.08870331592725951,-0.05516583318949632,0.4296187683284457
susceptibility:scalar:uniform:random6>low,susceptibility,scalar,uniform,random6>low,mean_raw_projected_relative_rms,paired_log_ratio,noisy_t1000,64,32,0.26876420937469925,0.28581158981222843,1.0,0.24354623530074093,0.2927187918018933,0.5894428152492668
susceptibility:scalar:uniform:random6>low,susceptibility,scalar,uniform,random6>low,mean_raw_projected_relative_rms,paired_log_ratio,noisy_t250,64,32,0.35007344305574795,0.360411931040294,1.0,0.32995282866340947,0.3694832021584085,0.4629765395894428
susceptibility:scalar:uniform:random6>low,susceptibility,scalar,uniform,random6>low,mean_raw_projected_relative_rms,paired_log_ratio,noisy_t500,64,32,0.3319403590811819,0.34174695536673916,1.0,0.3107688044167335,0.3528523654825812,0.6301319648093842
susceptibility:scalar:uniform:random6>low,susceptibility,scalar,uniform,random6>low,mean_raw_projected_relative_rms,paired_log_ratio,noisy_t750,64,32,0.3149860331510544,0.33385620066064486,1.0,0.29114888216288326,0.33830276876882653,0.6403958944281524
susceptibility:scalar:uniform:random6>low,susceptibility,scalar,uniform,random6>low,mean_raw_projected_relative_rms,paired_log_ratio,pooled,256,32,0.3164410111656709,0.3304750059261571,1.0,0.295396110352675,0.3375020463147618,0.6107038123167156
susceptibility:scalar:uniform:high>random7,susceptibility,scalar,uniform,high>random7,mean_raw_projected_relative_rms,paired_log_ratio,noisy_t1000,64,32,0.0753442263935176,0.09010692441084887,0.859375,0.05940128412252687,0.09011279952244897,0.27052785923753664
susceptibility:scalar:uniform:high>random7,susceptibility,scalar,uniform,high>random7,mean_raw_projected_relative_rms,paired_log_ratio,noisy_t250,64,32,0.08400867922576383,0.09064191734893787,0.890625,0.07057809624508694,0.09743332338916773,0.375366568914956
susceptibility:scalar:uniform:high>random7,susceptibility,scalar,uniform,high>random7,mean_raw_projected_relative_rms,paired_log_ratio,noisy_t500,64,32,0.09182008669508669,0.10126220748521877,0.90625,0.07726435644332758,0.10541413145308313,0.3636363636363636
susceptibility:scalar:uniform:high>random7,susceptibility,scalar,uniform,high>random7,mean_raw_projected_relative_rms,paired_log_ratio,noisy_t750,64,32,0.09309856942173036,0.10849810280726095,0.890625,0.07760384145771913,0.10797789182876046,0.41495601173020524
susceptibility:scalar:uniform:high>random7,susceptibility,scalar,uniform,high>random7,mean_raw_projected_relative_rms,paired_log_ratio,pooled,256,32,0.08606789043402462,0.1001973794361373,0.88671875,0.07172832730589547,0.09971460716455513,0.407258064516129
susceptibility:scalar:uniform:random7>low,susceptibility,scalar,uniform,random7>low,mean_raw_projected_relative_rms,paired_log_ratio,noisy_t1000,64,32,0.10799381519533216,0.10358659138645876,0.921875,0.08198609811942313,0.13338544010820638,0.6202346041055717
susceptibility:scalar:uniform:random7>low,susceptibility,scalar,uniform,random7>low,mean_raw_projected_relative_rms,paired_log_ratio,noisy_t250,64,32,0.20335325385886116,0.19147948982513474,0.984375,0.17985729312610144,0.22637493323113445,0.5832111436950146
susceptibility:scalar:uniform:random7>low,susceptibility,scalar,uniform,random7>low,mean_raw_projected_relative_rms,paired_log_ratio,noisy_t500,64,32,0.17458022574308063,0.16475297385793952,0.984375,0.150108091937859,0.19875392008995843,0.5828445747800586
susceptibility:scalar:uniform:random7>low,susceptibility,scalar,uniform,random7>low,mean_raw_projected_relative_rms,paired_log_ratio,noisy_t750,64,32,0.14905648833708823,0.1562864938482323,0.96875,0.12352260326405126,0.17408569691047862,0.6180351906158357
susceptibility:scalar:uniform:random7>low,susceptibility,scalar,uniform,random7>low,mean_raw_projected_relative_rms,paired_log_ratio,pooled,256,32,0.15874594578359055,0.15556981050882895,0.96484375,0.13408103554976133,0.18338267193437982,0.6348973607038122
leverage:scalar:uniform:high>random0,leverage,scalar,uniform,high>random0,x0_relative_rms,paired_log_ratio,noisy_t1000,64,32,0.19117946106690747,0.16739002638445016,0.828125,0.12398888489369182,0.26045558528240176,0.01282991202346041
leverage:scalar:uniform:high>random0,leverage,scalar,uniform,high>random0,x0_relative_rms,paired_log_ratio,noisy_t250,64,32,0.0736445809271191,0.07877574835336598,0.84375,0.049101877730427713,0.09849417648053474,0.3412756598240469
leverage:scalar:uniform:high>random0,leverage,scalar,uniform,high>random0,x0_relative_rms,paired_log_ratio,noisy_t500,64,32,0.08888468499701166,0.09287510488475106,0.828125,0.05486002714815968,0.12172151386996134,0.17521994134897356
leverage:scalar:uniform:high>random0,leverage,scalar,uniform,high>random0,x0_relative_rms,paired_log_ratio,noisy_t750,64,32,0.12607829871569032,0.11673280367207228,0.78125,0.08078778607817305,0.17064248825454972,0.03079178885630498
leverage:scalar:uniform:high>random0,leverage,scalar,uniform,high>random0,x0_relative_rms,paired_log_ratio,pooled,256,32,0.11994675642668215,0.09991961229440646,0.8203125,0.08588674779329353,0.152047281696902,0.07331378299120234
leverage:scalar:uniform:random0>low,leverage,scalar,uniform,random0>low,x0_relative_rms,paired_log_ratio,noisy_t1000,64,32,0.003284539718568161,-0.029375535184988588,0.453125,-0.0829935851377676,0.10721355212189909,0.2686950146627566
leverage:scalar:uniform:random0>low,leverage,scalar,uniform,random0>low,x0_relative_rms,paired_log_ratio,noisy_t250,64,32,0.09539987395446944,0.08094376007151502,0.859375,0.062372320242816685,0.13752330697397672,-0.0784457478005865
leverage:scalar:uniform:random0>low,leverage,scalar,uniform,random0>low,x0_relative_rms,paired_log_ratio,noisy_t500,64,32,0.04946208459882487,0.005906794346137444,0.546875,-0.017181275601220947,0.13639382041434592,0.15615835777126097
leverage:scalar:uniform:random0>low,leverage,scalar,uniform,random0>low,x0_relative_rms,paired_log_ratio,noisy_t750,64,32,0.020000917970620386,-0.014569494262787076,0.453125,-0.05561458919293753,0.11477891232871268,0.0971407624633431
leverage:scalar:uniform:random0>low,leverage,scalar,uniform,random0>low,x0_relative_rms,paired_log_ratio,pooled,256,32,0.042036854060620715,0.0290448767611762,0.578125,-0.017296893876500602,0.1201405508997152,0.2456011730205278
leverage:scalar:uniform:high>random1,leverage,scalar,uniform,high>random1,x0_relative_rms,paired_log_ratio,noisy_t1000,64,32,0.31903941959308174,0.27414579922495425,0.921875,0.2502090444691236,0.39833157340684017,0.20894428152492667
leverage:scalar:uniform:high>random1,leverage,scalar,uniform,high>random1,x0_relative_rms,paired_log_ratio,noisy_t250,64,32,0.2313074001648389,0.2304972895138379,0.953125,0.19838409835995746,0.26808397533592204,0.21737536656891493
leverage:scalar:uniform:high>random1,leverage,scalar,uniform,high>random1,x0_relative_rms,paired_log_ratio,noisy_t500,64,32,0.24308338404227653,0.21211606885337317,0.953125,0.2025480252905336,0.2903208226209512,-0.06231671554252198
leverage:scalar:uniform:high>random1,leverage,scalar,uniform,high>random1,x0_relative_rms,paired_log_ratio,noisy_t750,64,32,0.2547399133483855,0.24933404015827063,0.90625,0.20149289585464347,0.3135044177379364,-0.1191348973607038
leverage:scalar:uniform:high>random1,leverage,scalar,uniform,high>random1,x0_relative_rms,paired_log_ratio,pooled,256,32,0.26204252928714566,0.2304972895138379,0.93359375,0.22159943546823835,0.3114678209168605,0.08284457478005865
leverage:scalar:uniform:random1>low,leverage,scalar,uniform,random1>low,x0_relative_rms,paired_log_ratio,noisy_t1000,64,32,-0.1245754188076061,-0.13136538736504827,0.234375,-0.17239775409400487,-0.07335064513923299,-0.22470674486803516
leverage:scalar:uniform:random1>low,leverage,scalar,uniform,random1>low,x0_relative_rms,paired_log_ratio,noisy_t250,64,32,-0.06226294528325031,-0.06510219491218155,0.109375,-0.08207897137219923,-0.040665493069119374,0.3713343108504399
leverage:scalar:uniform:random1>low,leverage,scalar,uniform,random1>low,x0_relative_rms,paired_log_ratio,noisy_t500,64,32,-0.10473661444644003,-0.10107357206522063,0.0625,-0.14468444701398053,-0.057292328842684134,0.24376832844574778
leverage:scalar:uniform:random1>low,leverage,scalar,uniform,random1>low,x0_relative_rms,paired_log_ratio,noisy_t750,64,32,-0.10866069666207483,-0.12388722810706175,0.1875,-0.14898899937073481,-0.06539545091981507,0.0377565982404692
leverage:scalar:uniform:random1>low,leverage,scalar,uniform,random1>low,x0_relative_rms,paired_log_ratio,pooled,256,32,-0.10005891879984281,-0.09621137710099406,0.1484375,-0.12597034115173636,-0.06973332251350978,0.014296187683284457
leverage:scalar:uniform:high>random2,leverage,scalar,uniform,high>random2,x0_relative_rms,paired_log_ratio,noisy_t1000,64,32,0.19819756381161602,0.19026077614296022,0.8125,0.13448396060734066,0.25964704412859707,0.2001466275659824
leverage:scalar:uniform:high>random2,leverage,scalar,uniform,high>random2,x0_relative_rms,paired_log_ratio,noisy_t250,64,32,0.17403778919197166,0.17937670820184806,0.890625,0.13710378478004534,0.21369595192987348,0.3075513196480938
leverage:scalar:uniform:high>random2,leverage,scalar,uniform,high>random2,x0_relative_rms,paired_log_ratio,noisy_t500,64,32,0.16918472512700913,0.16349668581776564,0.859375,0.12772670051133336,0.21640002710289566,-0.22434017595307917
leverage:scalar:uniform:high>random2,leverage,scalar,uniform,high>random2,x0_relative_rms,paired_log_ratio,noisy_t750,64,32,0.18004697821740634,0.13317397243899315,0.859375,0.13539900886525683,0.2281117281176349,0.03005865102639296
leverage:scalar:uniform:high>random2,leverage,scalar,uniform,high>random2,x0_relative_rms,paired_log_ratio,pooled,256,32,0.18036676408700078,0.16861786683477714,0.85546875,0.14517794936439368,0.22233009592775968,-0.021627565982404687
leverage:scalar:uniform:random2>low,leverage,scalar,uniform,random2>low,x0_relative_rms,paired_log_ratio,noisy_t1000,64,32,-0.0037335630261403456,0.011466375396052091,0.515625,-0.07165262805880444,0.06848099080922404,-0.14259530791788855
leverage:scalar:uniform:random2>low,leverage,scalar,uniform,random2>low,x0_relative_rms,paired_log_ratio,noisy_t250,64,32,-0.004993334310383062,-0.017685860904782413,0.453125,-0.03265170229037542,0.02497279439759659,0.38746334310850433
leverage:scalar:uniform:random2>low,leverage,scalar,uniform,random2>low,x0_relative_rms,paired_log_ratio,noisy_t500,64,32,-0.030837955531172613,-0.04374105540204632,0.34375,-0.07248595993000649,0.019070484357539563,0.4252199413489736
leverage:scalar:uniform:random2>low,leverage,scalar,uniform,random2>low,x0_relative_rms,paired_log_ratio,noisy_t750,64,32,-0.033967761531095625,-0.05115145212851402,0.40625,-0.0761503122366303,0.013395391940439327,-0.20527859237536655
leverage:scalar:uniform:random2>low,leverage,scalar,uniform,random2>low,x0_relative_rms,paired_log_ratio,pooled,256,32,-0.01838315359969791,-0.03649676009416752,0.4296875,-0.05398924515038302,0.02322724584071016,0.12903225806451613
leverage:scalar:uniform:high>random3,leverage,scalar,uniform,high>random3,x0_relative_rms,paired_log_ratio,noisy_t1000,64,32,0.04861951405604821,0.07445805705262215,0.640625,-0.04312315844271049,0.13538994258601558,0.12023460410557184
leverage:scalar:uniform:high>random3,leverage,scalar,uniform,high>random3,x0_relative_rms,paired_log_ratio,noisy_t250,64,32,-0.10516969582118196,-0.09758343907495026,0.234375,-0.14294014903169341,-0.0700779116443577,-0.06011730205278592
leverage:scalar:uniform:high>random3,leverage,scalar,uniform,high>random3,x0_relative_rms,paired_log_ratio,noisy_t500,64,32,-0.10354787837573115,-0.06957171805442625,0.25,-0.15419689528331765,-0.05607487329455297,-0.008064516129032258
leverage:scalar:uniform:high>random3,leverage,scalar,uniform,high>random3,x0_relative_rms,paired_log_ratio,noisy_t750,64,32,-0.04040896272546159,-0.022035728348869736,0.453125,-0.11542466032394127,0.031625543008170366,0.07954545454545453
leverage:scalar:uniform:high>random3,leverage,scalar,uniform,high>random3,x0_relative_rms,paired_log_ratio,pooled,256,32,-0.05012675571658162,-0.05361425305084702,0.39453125,-0.10963051884930312,0.0015455230770058035,0.006964809384164223
leverage:scalar:uniform:random3>low,leverage,scalar,uniform,random3>low,x0_relative_rms,paired_log_ratio,noisy_t1000,64,32,0.14584448672942746,0.07696839024130676,0.640625,0.026662742575906888,0.27760205329828513,0.32111436950146627
leverage:scalar:uniform:random3>low,leverage,scalar,uniform,random3>low,x0_relative_rms,paired_log_ratio,noisy_t250,64,32,0.27421415070277055,0.26628279469189897,0.890625,0.2167911018242245,0.3397611222274451,0.29618768328445744
leverage:scalar:uniform:random3>low,leverage,scalar,uniform,random3>low,x0_relative_rms,paired_log_ratio,noisy_t500,64,32,0.24189464797156768,0.19492985732865345,0.765625,0.14364820000980846,0.35245704446841414,0.35337243401759527
leverage:scalar:uniform:random3>low,leverage,scalar,uniform,random3>low,x0_relative_rms,paired_log_ratio,noisy_t750,64,32,0.18648817941177231,0.09545665598820469,0.671875,0.0779745670163024,0.31538049745353675,0.27932551319648086
leverage:scalar:uniform:random3>low,leverage,scalar,uniform,random3>low,x0_relative_rms,paired_log_ratio,pooled,256,32,0.2121103662038845,0.16261511950311028,0.7421875,0.12402201824490909,0.31067784270760185,0.2877565982404692
leverage:scalar:uniform:high>random4,leverage,scalar,uniform,high>random4,x0_relative_rms,paired_log_ratio,noisy_t1000,64,32,0.23356587162650147,0.20733720621140134,0.859375,0.17729111715629342,0.304292125877024,0.01063049853372434
leverage:scalar:uniform:high>random4,leverage,scalar,uniform,high>random4,x0_relative_rms,paired_log_ratio,noisy_t250,64,32,0.14945058051284346,0.1616658601472817,0.890625,0.1149463105625536,0.18369302977364613,0.17008797653958943
leverage:scalar:uniform:high>random4,leverage,scalar,uniform,high>random4,x0_relative_rms,paired_log_ratio,noisy_t500,64,32,0.15185704098343916,0.14986347910159825,0.828125,0.10889126410578405,0.20073615368976921,0.020161290322580645
leverage:scalar:uniform:high>random4,leverage,scalar,uniform,high>random4,x0_relative_rms,paired_log_ratio,noisy_t750,64,32,0.22352128974951313,0.21335800297562657,0.90625,0.17278207578033777,0.27783048369608637,0.09970674486803517
leverage:scalar:uniform:high>random4,leverage,scalar,uniform,high>random4,x0_relative_rms,paired_log_ratio,pooled,256,32,0.1895986957180743,0.18450988299782453,0.87109375,0.1534561732022006,0.23533638476176294,-0.126099706744868
leverage:scalar:uniform:random4>low,leverage,scalar,uniform,random4>low,x0_relative_rms,paired_log_ratio,noisy_t1000,64,32,-0.039101870841025815,-0.04565888554587713,0.421875,-0.10956127485825767,0.03828038271416375,0.09934017595307917
leverage:scalar:uniform:random4>low,leverage,scalar,uniform,random4>low,x0_relative_rms,paired_log_ratio,noisy_t250,64,32,0.0195938743687451,-5.077333805854486e-05,0.5,-0.006093186899240352,0.04915459837299055,0.15469208211143692
leverage:scalar:uniform:random4>low,leverage,scalar,uniform,random4>low,x0_relative_rms,paired_log_ratio,noisy_t500,64,32,-0.013510271387602623,-0.03745696372067363,0.328125,-0.06083278903949304,0.03807152287420724,0.4464809384164222
leverage:scalar:uniform:random4>low,leverage,scalar,uniform,random4>low,x0_relative_rms,paired_log_ratio,noisy_t750,64,32,-0.07744207306320247,-0.09008592526355948,0.296875,-0.12984375700795495,-0.019154163891915887,0.044354838709677415
leverage:scalar:uniform:random4>low,leverage,scalar,uniform,random4>low,x0_relative_rms,paired_log_ratio,pooled,256,32,-0.027615085230771448,-0.03474946600135003,0.38671875,-0.06619556166692944,0.015666061429364022,0.25036656891495596
leverage:scalar:uniform:high>random5,leverage,scalar,uniform,high>random5,x0_relative_rms,paired_log_ratio,noisy_t1000,64,32,0.16577772642351665,0.13009861135997067,0.78125,0.10025270060417366,0.23996810337527838,0.16055718475073313
leverage:scalar:uniform:high>random5,leverage,scalar,uniform,high>random5,x0_relative_rms,paired_log_ratio,noisy_t250,64,32,0.09154492860922042,0.0922230001682552,0.859375,0.06103777677757114,0.12187471158124942,0.504398826979472
leverage:scalar:uniform:high>random5,leverage,scalar,uniform,high>random5,x0_relative_rms,paired_log_ratio,noisy_t500,64,32,0.06256325608101317,0.05322059545590829,0.671875,0.03400571629418131,0.09239825741978823,0.05205278592375366
leverage:scalar:uniform:high>random5,leverage,scalar,uniform,high>random5,x0_relative_rms,paired_log_ratio,noisy_t750,64,32,0.08505727759171391,0.08384295259880453,0.6875,0.04600482050747306,0.1261183763397187,-0.04508797653958944
leverage:scalar:uniform:high>random5,leverage,scalar,uniform,high>random5,x0_relative_rms,paired_log_ratio,pooled,256,32,0.10123579717636604,0.08850859640612989,0.75,0.07085253069508415,0.132055450889129,-0.03482404692082111
leverage:scalar:uniform:random5>low,leverage,scalar,uniform,random5>low,x0_relative_rms,paired_log_ratio,noisy_t1000,64,32,0.028686274361959037,-0.02405090084972722,0.46875,-0.05909704379359711,0.12482099587626683,0.314149560117302
leverage:scalar:uniform:random5>low,leverage,scalar,uniform,random5>low,x0_relative_rms,paired_log_ratio,noisy_t250,64,32,0.07749952627236814,0.041128740462542626,0.6875,0.03385937879405167,0.13635272694264736,0.07587976539589442
leverage:scalar:uniform:random5>low,leverage,scalar,uniform,random5>low,x0_relative_rms,paired_log_ratio,noisy_t500,64,32,0.07578351351482335,0.037818492262293654,0.59375,0.009063391101074653,0.16489366875934328,0.1917155425219941
leverage:scalar:uniform:random5>low,leverage,scalar,uniform,random5>low,x0_relative_rms,paired_log_ratio,noisy_t750,64,32,0.0610219390945968,0.04504780593207297,0.609375,-0.015453413710398491,0.15811188672194282,0.2107771260997067
leverage:scalar:uniform:random5>low,leverage,scalar,uniform,random5>low,x0_relative_rms,paired_log_ratio,pooled,256,32,0.06074781331093682,0.036162724020827305,0.58984375,-0.00210005478553192,0.1386545185012089,0.1660557184750733
leverage:scalar:uniform:high>random6,leverage,scalar,uniform,high>random6,x0_relative_rms,paired_log_ratio,noisy_t1000,64,32,0.2753968834108952,0.25973867380045185,0.90625,0.20491334763622054,0.357131620966722,0.14882697947214074
leverage:scalar:uniform:high>random6,leverage,scalar,uniform,high>random6,x0_relative_rms,paired_log_ratio,noisy_t250,64,32,0.15119394234830655,0.14915805925662773,0.921875,0.10846768518075658,0.20364748824382817,0.26832844574780057
leverage:scalar:uniform:high>random6,leverage,scalar,uniform,high>random6,x0_relative_rms,paired_log_ratio,noisy_t500,64,32,0.18376985198155404,0.16553525463177016,0.875,0.12426192803464445,0.26164817777932864,0.1975806451612903
leverage:scalar:uniform:high>random6,leverage,scalar,uniform,high>random6,x0_relative_rms,paired_log_ratio,noisy_t750,64,32,0.22634554258312695,0.1815193309833379,0.890625,0.16413497150629305,0.3049530119426261,0.029692082111436948
leverage:scalar:uniform:high>random6,leverage,scalar,uniform,high>random6,x0_relative_rms,paired_log_ratio,pooled,256,32,0.20917655508097066,0.17537137398426214,0.8984375,0.16003778677754388,0.27414966024921866,0.06818181818181818
leverage:scalar:uniform:random6>low,leverage,scalar,uniform,random6>low,x0_relative_rms,paired_log_ratio,noisy_t1000,64,32,-0.0809328826254195,-0.0579017172752849,0.359375,-0.1440025691795165,-0.021417293428990913,0.01942815249266862
leverage:scalar:uniform:random6>low,leverage,scalar,uniform,random6>low,x0_relative_rms,paired_log_ratio,noisy_t250,64,32,0.017850512533282042,0.02359415426088158,0.59375,-0.008520861893154551,0.046695688245280045,0.597140762463343
leverage:scalar:uniform:random6>low,leverage,scalar,uniform,random6>low,x0_relative_rms,paired_log_ratio,noisy_t500,64,32,-0.045423082385717496,-0.049882777779648,0.3125,-0.07849288902040878,-0.011160186440771878,0.31011730205278587
leverage:scalar:uniform:random6>low,leverage,scalar,uniform,random6>low,x0_relative_rms,paired_log_ratio,noisy_t750,64,32,-0.08026632589681623,-0.07846927056591561,0.3125,-0.11556529532330376,-0.04092655763535511,-0.32991202346041054
leverage:scalar:uniform:random6>low,leverage,scalar,uniform,random6>low,x0_relative_rms,paired_log_ratio,pooled,256,32,-0.047192944593667796,-0.032824212959949736,0.39453125,-0.07439705569382642,-0.017263474582873355,-0.014296187683284457
leverage:scalar:uniform:high>random7,leverage,scalar,uniform,high>random7,x0_relative_rms,paired_log_ratio,noisy_t1000,64,32,0.1456302146819841,0.14430207926263686,0.8125,0.09282773517368642,0.20083343782250657,-0.19208211143695011
leverage:scalar:uniform:high>random7,leverage,scalar,uniform,high>random7,x0_relative_rms,paired_log_ratio,noisy_t250,64,32,0.09484895464711217,0.08626773579316149,0.90625,0.07240136349013084,0.11802848461898299,0.5201612903225806
leverage:scalar:uniform:high>random7,leverage,scalar,uniform,high>random7,x0_relative_rms,paired_log_ratio,noisy_t500,64,32,0.09988374260403027,0.08335537576987287,0.890625,0.07139199064006208,0.13021550797008621,0.1946480938416422
leverage:scalar:uniform:high>random7,leverage,scalar,uniform,high>random7,x0_relative_rms,paired_log_ratio,noisy_t750,64,32,0.11115277083725705,0.10579211017783233,0.8125,0.07583827646635555,0.1445176398665164,0.07734604105571846
leverage:scalar:uniform:high>random7,leverage,scalar,uniform,high>random7,x0_relative_rms,paired_log_ratio,pooled,256,32,0.1128789206925959,0.09388803578425464,0.85546875,0.0878397360233941,0.13775236863385212,0.15579178885630496
leverage:scalar:uniform:random7>low,leverage,scalar,uniform,random7>low,x0_relative_rms,paired_log_ratio,noisy_t1000,64,32,0.04883378610349158,0.02362954749672212,0.515625,-0.035759932619415,0.14021241395675324,0.08504398826979472
leverage:scalar:uniform:random7>low,leverage,scalar,uniform,random7>low,x0_relative_rms,paired_log_ratio,noisy_t250,64,32,0.07419550023447641,0.04804845669160997,0.671875,0.033234007468991675,0.1293137439106717,-0.13343108504398826
leverage:scalar:uniform:random7>low,leverage,scalar,uniform,random7>low,x0_relative_rms,paired_log_ratio,noisy_t500,64,32,0.03846302699180627,-0.018786916764133927,0.421875,-0.029936132788409786,0.1313847005287696,0.2008797653958944
leverage:scalar:uniform:random7>low,leverage,scalar,uniform,random7>low,x0_relative_rms,paired_log_ratio,noisy_t750,64,32,0.03492644584905366,-0.005522921550146679,0.484375,-0.0455648034620851,0.13870459618778974,-0.00659824046920821
leverage:scalar:uniform:random7>low,leverage,scalar,uniform,random7>low,x0_relative_rms,paired_log_ratio,pooled,256,32,0.049104689794706974,0.00713862636622847,0.5234375,-0.011704847022725128,0.1258920480039535,0.0755131964809384
susceptibility:signed:uniform:high>random0,susceptibility,signed,uniform,high>random0,mean_raw_projected_relative_rms,paired_log_ratio,noisy_t1000,64,32,0.07547082630339538,0.08201782757022252,0.953125,0.06083096948814263,0.08924810250853317,0.12939882697947214
susceptibility:signed:uniform:high>random0,susceptibility,signed,uniform,high>random0,mean_raw_projected_relative_rms,paired_log_ratio,noisy_t250,64,32,0.10226372110476661,0.11396016001725448,0.953125,0.08974170548787172,0.11375394611433515,-0.15909090909090906
susceptibility:signed:uniform:high>random0,susceptibility,signed,uniform,high>random0,mean_raw_projected_relative_rms,paired_log_ratio,noisy_t500,64,32,0.09219918294521973,0.09965473631321685,0.96875,0.07847577414674836,0.10481715339250035,0.03885630498533724
susceptibility:signed:uniform:high>random0,susceptibility,signed,uniform,high>random0,mean_raw_projected_relative_rms,paired_log_ratio,noisy_t750,64,32,0.08704521298591629,0.09614696346897786,0.953125,0.0722261716355869,0.10092129875760439,0.1972140762463343
susceptibility:signed:uniform:high>random0,susceptibility,signed,uniform,high>random0,mean_raw_projected_relative_rms,paired_log_ratio,pooled,256,32,0.08924473583482449,0.09685466828817432,0.95703125,0.07528875404356891,0.10213982232616621,0.04288856304985337
susceptibility:signed:uniform:random0>low,susceptibility,signed,uniform,random0>low,mean_raw_projected_relative_rms,paired_log_ratio,noisy_t1000,64,32,0.44950955820636934,0.4694462464825383,1.0,0.4179968023698143,0.47878972849433976,0.5491202346041054
susceptibility:signed:uniform:random0>low,susceptibility,signed,uniform,random0>low,mean_raw_projected_relative_rms,paired_log_ratio,noisy_t250,64,32,0.5162135860792422,0.5220329628525973,1.0,0.4961753199691376,0.5347911287431933,0.43768328445747795
susceptibility:signed:uniform:random0>low,susceptibility,signed,uniform,random0>low,mean_raw_projected_relative_rms,paired_log_ratio,noisy_t500,64,32,0.5121123025690028,0.5209898671894202,1.0,0.49040309190981074,0.5330008650371565,0.47470674486803516
susceptibility:signed:uniform:random0>low,susceptibility,signed,uniform,random0>low,mean_raw_projected_relative_rms,paired_log_ratio,noisy_t750,64,32,0.5038571550357951,0.5187663424311681,1.0,0.4789874502575374,0.5273899995104613,0.5131964809384163
susceptibility:signed:uniform:random0>low,susceptibility,signed,uniform,random0>low,mean_raw_projected_relative_rms,paired_log_ratio,pooled,256,32,0.4954231504726023,0.5090372204616356,1.0,0.47019747842914406,0.5180081702383723,0.49560117302052775
susceptibility:signed:uniform:high>random1,susceptibility,signed,uniform,high>random1,mean_raw_projected_relative_rms,paired_log_ratio,noisy_t1000,64,32,0.24525454255519386,0.25737556938562745,0.984375,0.22932489072944806,0.25958772423794024,0.25659824046920815
susceptibility:signed:uniform:high>random1,susceptibility,signed,uniform,high>random1,mean_raw_projected_relative_rms,paired_log_ratio,noisy_t250,64,32,0.2592015403391811,0.2609096643966693,1.0,0.2500076671446335,0.26764112459505457,-0.01319648093841642
susceptibility:signed:uniform:high>random1,susceptibility,signed,uniform,high>random1,mean_raw_projected_relative_rms,paired_log_ratio,noisy_t500,64,32,0.2591286060937964,0.26406720108745385,1.0,0.24835938778572747,0.26872790100795513,0.06671554252199413
susceptibility:signed:uniform:high>random1,susceptibility,signed,uniform,high>random1,mean_raw_projected_relative_rms,paired_log_ratio,noisy_t750,64,32,0.2603320199238359,0.26807830471549604,1.0,0.24747220647390022,0.2722143221063634,0.21810850439882695
susceptibility:signed:uniform:high>random1,susceptibility,signed,uniform,high>random1,mean_raw_projected_relative_rms,paired_log_ratio,pooled,256,32,0.2559791772280018,0.26230792884788745,0.99609375,0.24492360398970467,0.26613862335914584,0.12463343108504396
susceptibility:signed:uniform:random1>low,susceptibility,signed,uniform,random1>low,mean_raw_projected_relative_rms,paired_log_ratio,noisy_t1000,64,32,0.27972584195457084,0.286156647740369,1.0,0.25143888301511935,0.30620096554375037,0.5520527859237535
susceptibility:signed:uniform:random1>low,susceptibility,signed,uniform,random1>low,mean_raw_projected_relative_rms,paired_log_ratio,noisy_t250,64,32,0.35927576684482765,0.36291126158425047,1.0,0.3367437043040093,0.3821881403555079,0.4673753665689148
susceptibility:signed:uniform:random1>low,susceptibility,signed,uniform,random1>low,mean_raw_projected_relative_rms,paired_log_ratio,noisy_t500,64,32,0.34518287942042614,0.34945496103953533,1.0,0.32033419353984666,0.3686220018124492,0.593475073313783
susceptibility:signed:uniform:random1>low,susceptibility,signed,uniform,random1>low,mean_raw_projected_relative_rms,paired_log_ratio,noisy_t750,64,32,0.3305703480978755,0.33142419885333274,1.0,0.3050389433006973,0.3554337797579276,0.6114369501466276
susceptibility:signed:uniform:random1>low,susceptibility,signed,uniform,random1>low,mean_raw_projected_relative_rms,paired_log_ratio,pooled,256,32,0.32868870907942505,0.3317564926631087,1.0,0.3036935725561464,0.3535892830989999,0.5494868035190614
susceptibility:signed:uniform:high>random2,susceptibility,signed,uniform,high>random2,mean_raw_projected_relative_rms,paired_log_ratio,noisy_t1000,64,32,0.31530533654205434,0.3216257611087636,1.0,0.2926297404671665,0.33534851460385373,0.43731671554252194
susceptibility:signed:uniform:high>random2,susceptibility,signed,uniform,high>random2,mean_raw_projected_relative_rms,paired_log_ratio,noisy_t250,64,32,0.33454703078473935,0.3356598941665603,1.0,0.3199173557147567,0.3490005745617652,0.35593841642228735
susceptibility:signed:uniform:high>random2,susceptibility,signed,uniform,high>random2,mean_raw_projected_relative_rms,paired_log_ratio,noisy_t500,64,32,0.3314203140189545,0.33227588510592354,1.0,0.3157026856303588,0.3474865603383697,0.3885630498533724
susceptibility:signed:uniform:high>random2,susceptibility,signed,uniform,high>random2,mean_raw_projected_relative_rms,paired_log_ratio,noisy_t750,64,32,0.3325588914858258,0.33669556068871553,1.0,0.31475137372889467,0.35061922504835047,0.4358504398826979
susceptibility:signed:uniform:high>random2,susceptibility,signed,uniform,high>random2,mean_raw_projected_relative_rms,paired_log_ratio,pooled,256,32,0.32845789320789354,0.3310889163406117,1.0,0.31071653735233223,0.3458258371413869,0.4164222873900293
susceptibility:signed:uniform:random2>low,susceptibility,signed,uniform,random2>low,mean_raw_projected_relative_rms,paired_log_ratio,noisy_t1000,64,32,0.2096750479677104,0.21325647902562114,0.96875,0.18469998404527954,0.23316878145115935,0.4970674486803519
susceptibility:signed:uniform:random2>low,susceptibility,signed,uniform,random2>low,mean_raw_projected_relative_rms,paired_log_ratio,noisy_t250,64,32,0.2839302763992694,0.28783407891962054,1.0,0.2651017434351379,0.3026336968135689,0.11400293255131963
susceptibility:signed:uniform:random2>low,susceptibility,signed,uniform,random2>low,mean_raw_projected_relative_rms,paired_log_ratio,noisy_t500,64,32,0.272891171495268,0.2720153697071341,0.984375,0.2509875842994657,0.29422424386620577,0.3119501466275659
susceptibility:signed:uniform:random2>low,susceptibility,signed,uniform,random2>low,mean_raw_projected_relative_rms,paired_log_ratio,noisy_t750,64,32,0.25834347653588563,0.2594529247646702,0.984375,0.23422564243199828,0.28098854728319056,0.37683284457478006
susceptibility:signed:uniform:random2>low,susceptibility,signed,uniform,random2>low,mean_raw_projected_relative_rms,paired_log_ratio,pooled,256,32,0.25620999309953335,0.26075204801384133,0.984375,0.23366114607385471,0.2771725611286844,0.37683284457478006
susceptibility:signed:uniform:high>random3,susceptibility,signed,uniform,high>random3,mean_raw_projected_relative_rms,paired_log_ratio,noisy_t1000,64,32,0.2371955170544256,0.24198370654337473,1.0,0.21849230101624723,0.25373329223151037,0.3005865102639296
susceptibility:signed:uniform:high>random3,susceptibility,signed,uniform,high>random3,mean_raw_projected_relative_rms,paired_log_ratio,noisy_t250,64,32,0.23664467844025222,0.2398865700134099,1.0,0.22206287648688344,0.24950423927395485,0.45197947214076245
susceptibility:signed:uniform:high>random3,susceptibility,signed,uniform,high>random3,mean_raw_projected_relative_rms,paired_log_ratio,noisy_t500,64,32,0.24893264450541291,0.2467938204928149,1.0,0.23457745515971562,0.26148633588997683,0.43181818181818177
susceptibility:signed:uniform:high>random3,susceptibility,signed,uniform,high>random3,mean_raw_projected_relative_rms,paired_log_ratio,noisy_t750,64,32,0.2570840279703857,0.2572073976658852,1.0,0.2409835515124971,0.2715954783290731,0.4494134897360703
susceptibility:signed:uniform:high>random3,susceptibility,signed,uniform,high>random3,mean_raw_projected_relative_rms,paired_log_ratio,pooled,256,32,0.2449642169926191,0.2478701507585197,1.0,0.22958803124817204,0.2592119481802082,0.468841642228739
susceptibility:signed:uniform:random3>low,susceptibility,signed,uniform,random3>low,mean_raw_projected_relative_rms,paired_log_ratio,noisy_t1000,64,32,0.28778486745533916,0.3009324064389065,1.0,0.2646725867200726,0.3103647133920984,0.5377565982404692
susceptibility:signed:uniform:random3>low,susceptibility,signed,uniform,random3>low,mean_raw_projected_relative_rms,paired_log_ratio,noisy_t250,64,32,0.38183262874375656,0.38583539433541747,1.0,0.3655729453317551,0.3973405250994795,0.0975073313782991
susceptibility:signed:uniform:random3>low,susceptibility,signed,uniform,random3>low,mean_raw_projected_relative_rms,paired_log_ratio,noisy_t500,64,32,0.3553788410088095,0.36073052528713256,1.0,0.3356235577033115,0.3735352290738607,0.3852639296187682
susceptibility:signed:uniform:random3>low,susceptibility,signed,uniform,random3>low,mean_raw_projected_relative_rms,paired_log_ratio,noisy_t750,64,32,0.3338183400513257,0.34580544730495183,1.0,0.31159954993409267,0.35397374195871795,0.46810850439882695
susceptibility:signed:uniform:random3>low,susceptibility,signed,uniform,random3>low,mean_raw_projected_relative_rms,paired_log_ratio,pooled,256,32,0.3397036693148077,0.35037482821926574,1.0,0.3205671560168679,0.35841492774583944,0.41458944281524923
susceptibility:signed:uniform:high>random4,susceptibility,signed,uniform,high>random4,mean_raw_projected_relative_rms,paired_log_ratio,noisy_t1000,64,32,0.2128940109371188,0.21830647605023912,0.984375,0.19583440412572478,0.230387443024719,0.3581378299120234
susceptibility:signed:uniform:high>random4,susceptibility,signed,uniform,high>random4,mean_raw_projected_relative_rms,paired_log_ratio,noisy_t250,64,32,0.25238418533533163,0.25466222279991424,0.984375,0.23875337985185427,0.2644673451770638,0.02785923753665689
susceptibility:signed:uniform:high>random4,susceptibility,signed,uniform,high>random4,mean_raw_projected_relative_rms,paired_log_ratio,noisy_t500,64,32,0.23657676449170328,0.24070445500323695,0.984375,0.22178012770375452,0.24996527324981616,0.16678885630498533
susceptibility:signed:uniform:high>random4,susceptibility,signed,uniform,high>random4,mean_raw_projected_relative_rms,paired_log_ratio,noisy_t750,64,32,0.23116229296614463,0.23885661823008747,0.984375,0.214578071952145,0.24556598561317408,0.30095307917888564
susceptibility:signed:uniform:high>random4,susceptibility,signed,uniform,high>random4,mean_raw_projected_relative_rms,paired_log_ratio,pooled,256,32,0.23325431343257458,0.2393472190214238,0.984375,0.21865145562933083,0.2464106593464645,0.13966275659824043
susceptibility:signed:uniform:random4>low,susceptibility,signed,uniform,random4>low,mean_raw_projected_relative_rms,paired_log_ratio,noisy_t1000,64,32,0.3120863735726459,0.31632149697860584,1.0,0.28353108206138444,0.338148670252079,0.6070381231671553
susceptibility:signed:uniform:random4>low,susceptibility,signed,uniform,random4>low,mean_raw_projected_relative_rms,paired_log_ratio,noisy_t250,64,32,0.36609312184867715,0.3713457549933885,1.0,0.3436201623176437,0.38717273225147836,0.44758064516129026
susceptibility:signed:uniform:random4>low,susceptibility,signed,uniform,random4>low,mean_raw_projected_relative_rms,paired_log_ratio,noisy_t500,64,32,0.36773472102251914,0.3726240204059838,1.0,0.34457998341411283,0.38975603849394286,0.4930351906158357
susceptibility:signed:uniform:random4>low,susceptibility,signed,uniform,random4>low,mean_raw_projected_relative_rms,paired_log_ratio,noisy_t750,64,32,0.3597400750555668,0.36485551740453925,1.0,0.3353189243070806,0.38234421352186265,0.5586510263929617
susceptibility:signed:uniform:random4>low,susceptibility,signed,uniform,random4>low,mean_raw_projected_relative_rms,paired_log_ratio,pooled,256,32,0.3514135728748523,0.3629935094024927,1.0,0.3275081403384023,0.373723556870801,0.5436217008797654
susceptibility:signed:uniform:high>random5,susceptibility,signed,uniform,high>random5,mean_raw_projected_relative_rms,paired_log_ratio,noisy_t1000,64,32,0.1653701072425952,0.17645031235936742,1.0,0.1530267932818783,0.17643608790063633,0.10813782991202345
susceptibility:signed:uniform:high>random5,susceptibility,signed,uniform,high>random5,mean_raw_projected_relative_rms,paired_log_ratio,noisy_t250,64,32,0.1881405179113118,0.18897237095277145,1.0,0.1790815723852964,0.19683574494444253,0.01942815249266862
susceptibility:signed:uniform:high>random5,susceptibility,signed,uniform,high>random5,mean_raw_projected_relative_rms,paired_log_ratio,noisy_t500,64,32,0.1748942740743884,0.17741297963772962,1.0,0.16624178208469945,0.18316936099203115,0.08614369501466275
susceptibility:signed:uniform:high>random5,susceptibility,signed,uniform,high>random5,mean_raw_projected_relative_rms,paired_log_ratio,noisy_t750,64,32,0.16824270562654847,0.17177666511898643,1.0,0.1581289580275697,0.17737634812248212,0.14369501466275658
susceptibility:signed:uniform:high>random5,susceptibility,signed,uniform,high>random5,mean_raw_projected_relative_rms,paired_log_ratio,pooled,256,32,0.17416190121371097,0.17945999139768293,1.0,0.16437055459016045,0.18273586739167466,0.09274193548387095
susceptibility:signed:uniform:random5>low,susceptibility,signed,uniform,random5>low,mean_raw_projected_relative_rms,paired_log_ratio,noisy_t1000,64,32,0.35961027726716954,0.3648610029386818,1.0,0.3265530012430563,0.39116230963296306,0.5
susceptibility:signed:uniform:random5>low,susceptibility,signed,uniform,random5>low,mean_raw_projected_relative_rms,paired_log_ratio,noisy_t250,64,32,0.430336789272697,0.42810305501662715,1.0,0.40596208207874557,0.45439510862599075,0.40799120234604097
susceptibility:signed:uniform:random5>low,susceptibility,signed,uniform,random5>low,mean_raw_projected_relative_rms,paired_log_ratio,noisy_t500,64,32,0.429417211439834,0.4281587331626027,1.0,0.4028228393789975,0.4555684247533494,0.5751466275659823
susceptibility:signed:uniform:random5>low,susceptibility,signed,uniform,random5>low,mean_raw_projected_relative_rms,paired_log_ratio,noisy_t750,64,32,0.42265966239516295,0.4208598726121049,1.0,0.3923314959613407,0.4520928886236409,0.6455278592375365
susceptibility:signed:uniform:random5>low,susceptibility,signed,uniform,random5>low,mean_raw_projected_relative_rms,paired_log_ratio,pooled,256,32,0.41050598509371594,0.4149712397462749,1.0,0.3825745108015012,0.4377741497227183,0.5362903225806451
susceptibility:signed:uniform:high>random6,susceptibility,signed,uniform,high>random6,mean_raw_projected_relative_rms,paired_log_ratio,noisy_t1000,64,32,0.10561412256676385,0.10618584847411705,0.96875,0.09107432836130526,0.11900942724029233,0.2888563049853372
susceptibility:signed:uniform:high>random6,susceptibility,signed,uniform,high>random6,mean_raw_projected_relative_rms,paired_log_ratio,noisy_t250,64,32,0.12062460032257263,0.12146197408027172,0.984375,0.10789665408238738,0.1327284302920704,0.28665689149560114
susceptibility:signed:uniform:high>random6,susceptibility,signed,uniform,high>random6,mean_raw_projected_relative_rms,paired_log_ratio,noisy_t500,64,32,0.11544604450120688,0.11339119722749447,0.984375,0.10252265698741175,0.1280913543889786,0.35337243401759527
susceptibility:signed:uniform:high>random6,susceptibility,signed,uniform,high>random6,mean_raw_projected_relative_rms,paired_log_ratio,noisy_t750,64,32,0.11376565204457578,0.11569371075134566,0.984375,0.09942271487977467,0.12715166684750456,0.3739002932551319
susceptibility:signed:uniform:high>random6,susceptibility,signed,uniform,high>random6,mean_raw_projected_relative_rms,paired_log_ratio,pooled,256,32,0.11386260485877979,0.11221506557447446,0.98046875,0.10057090631073082,0.12639358103860857,0.34310850439882695
susceptibility:signed:uniform:random6>low,susceptibility,signed,uniform,random6>low,mean_raw_projected_relative_rms,paired_log_ratio,noisy_t1000,64,32,0.4193662619430009,0.443500733659549,1.0,0.3904500859041521,0.44694118991168064,0.5454545454545454
susceptibility:signed:uniform:random6>low,susceptibility,signed,uniform,random6>low,mean_raw_projected_relative_rms,paired_log_ratio,noisy_t250,64,32,0.4978527068614361,0.5058728643954622,1.0,0.4781395525050032,0.5172582720116592,0.22763929618768325
susceptibility:signed:uniform:random6>low,susceptibility,signed,uniform,random6>low,mean_raw_projected_relative_rms,paired_log_ratio,noisy_t500,64,32,0.48886544101301554,0.4981950457684171,1.0,0.4657583316474034,0.5113694185280296,0.5157624633431084
susceptibility:signed:uniform:random6>low,susceptibility,signed,uniform,random6>low,mean_raw_projected_relative_rms,paired_log_ratio,noisy_t750,64,32,0.47713671597713564,0.495010043941996,1.0,0.4509239883636962,0.5022040684798306,0.5377565982404692
susceptibility:signed:uniform:random6>low,susceptibility,signed,uniform,random6>low,mean_raw_projected_relative_rms,paired_log_ratio,pooled,256,32,0.4708052814486471,0.4882269956406673,1.0,0.44689623209999396,0.49352237012240263,0.4824046920821114
susceptibility:signed:uniform:high>random7,susceptibility,signed,uniform,high>random7,mean_raw_projected_relative_rms,paired_log_ratio,noisy_t1000,64,32,0.26638451674613084,0.28326361308253023,1.0,0.2492219077602474,0.28270746288431114,0.5494868035190614
susceptibility:signed:uniform:high>random7,susceptibility,signed,uniform,high>random7,mean_raw_projected_relative_rms,paired_log_ratio,noisy_t250,64,32,0.2673447895194594,0.2646571761060893,1.0,0.25639155736945246,0.2784636798237897,0.18108504398826977
susceptibility:signed:uniform:high>random7,susceptibility,signed,uniform,high>random7,mean_raw_projected_relative_rms,paired_log_ratio,noisy_t500,64,32,0.27280617783930816,0.27946454177615887,1.0,0.2592645320081933,0.28629812032902757,0.34274193548387094
susceptibility:signed:uniform:high>random7,susceptibility,signed,uniform,high>random7,mean_raw_projected_relative_rms,paired_log_ratio,noisy_t750,64,32,0.279695196858542,0.29318363504441547,1.0,0.2646946491379599,0.2951727612698538,0.4263196480938416
susceptibility:signed:uniform:high>random7,susceptibility,signed,uniform,high>random7,mean_raw_projected_relative_rms,paired_log_ratio,pooled,256,32,0.2715576702408601,0.2822008182686534,1.0,0.2579000629536611,0.2856564478303741,0.41202346041055715
susceptibility:signed:uniform:random7>low,susceptibility,signed,uniform,random7>low,mean_raw_projected_relative_rms,paired_log_ratio,noisy_t1000,64,32,0.25859586776363386,0.25802886113805656,0.984375,0.22782048687248388,0.28785481804784807,0.5692815249266862
susceptibility:signed:uniform:random7>low,susceptibility,signed,uniform,random7>low,mean_raw_projected_relative_rms,paired_log_ratio,noisy_t250,64,32,0.35113251766454934,0.35168942452985363,1.0,0.3285946126145408,0.372559006287623,0.3870967741935483
susceptibility:signed:uniform:random7>low,susceptibility,signed,uniform,random7>low,mean_raw_projected_relative_rms,paired_log_ratio,noisy_t500,64,32,0.3315053076749143,0.3205081780233242,1.0,0.3077173339362618,0.354987160121796,0.5502199413489735
susceptibility:signed:uniform:random7>low,susceptibility,signed,uniform,random7>low,mean_raw_projected_relative_rms,paired_log_ratio,noisy_t750,64,32,0.3112071711631694,0.301387692156372,1.0,0.28526824735708645,0.3372101067409563,0.4912023460410556
susceptibility:signed:uniform:random7>low,susceptibility,signed,uniform,random7>low,mean_raw_projected_relative_rms,paired_log_ratio,pooled,256,32,0.31311021606656675,0.31557441167380507,0.99609375,0.28860869990814375,0.33704074463181427,0.5403225806451613
leverage:signed:uniform:high>random0,leverage,signed,uniform,high>random0,x0_relative_rms,paired_log_ratio,noisy_t1000,64,32,0.15788277654471117,0.15105013694738878,0.8125,0.09077708205276887,0.22361616212065177,-0.03042521994134897
leverage:signed:uniform:high>random0,leverage,signed,uniform,high>random0,x0_relative_rms,paired_log_ratio,noisy_t250,64,32,0.07396154810390881,0.06929770109946655,0.84375,0.04782441207635491,0.1016728225766243,0.25476539589442815
leverage:signed:uniform:high>random0,leverage,signed,uniform,high>random0,x0_relative_rms,paired_log_ratio,noisy_t500,64,32,0.08177532889138707,0.08423181165480992,0.875,0.04931492742329283,0.11057165007711776,0.3343108504398827
leverage:signed:uniform:high>random0,leverage,signed,uniform,high>random0,x0_relative_rms,paired_log_ratio,noisy_t750,64,32,0.10813046988808805,0.10843363263464126,0.765625,0.058961514406517916,0.15453394002795903,0.15542521994134895
leverage:signed:uniform:high>random0,leverage,signed,uniform,high>random0,x0_relative_rms,paired_log_ratio,pooled,256,32,0.10543753085702379,0.08760930163881128,0.82421875,0.06767233011220353,0.14173913251126657,0.2320381231671554
leverage:signed:uniform:random0>low,leverage,signed,uniform,random0>low,x0_relative_rms,paired_log_ratio,noisy_t1000,64,32,0.05010373805914849,-0.02604151358755763,0.484375,-0.02448523443019994,0.1418548316249493,0.05865102639296187
leverage:signed:uniform:random0>low,leverage,signed,uniform,random0>low,x0_relative_rms,paired_log_ratio,noisy_t250,64,32,0.1265289999940655,0.10578453847553876,0.859375,0.09010351378761298,0.168845151749424,0.2774926686217008
leverage:signed:uniform:random0>low,leverage,signed,uniform,random0>low,x0_relative_rms,paired_log_ratio,noisy_t500,64,32,0.12397537300859207,0.07901448899000989,0.75,0.05562064416914972,0.2164061490925058,0.23240469208211137
leverage:signed:uniform:random0>low,leverage,signed,uniform,random0>low,x0_relative_rms,paired_log_ratio,noisy_t750,64,32,0.10789662920448284,0.07880169872670315,0.6875,0.03418057366001491,0.19868250406334897,0.11656891495601172
leverage:signed:uniform:random0>low,leverage,signed,uniform,random0>low,x0_relative_rms,paired_log_ratio,pooled,256,32,0.10212618506657223,0.08505443454117995,0.6953125,0.043273074731148775,0.17765813767787908,0.19538123167155422
leverage:signed:uniform:high>random1,leverage,signed,uniform,high>random1,x0_relative_rms,paired_log_ratio,noisy_t1000,64,32,0.28574273507088543,0.2512008116070381,0.875,0.20451088558133926,0.37900010284933017,0.40909090909090906
leverage:signed:uniform:high>random1,leverage,signed,uniform,high>random1,x0_relative_rms,paired_log_ratio,noisy_t250,64,32,0.23162436734162858,0.21319278350860477,0.984375,0.19883079404155676,0.27120646520935654,0.06268328445747799
leverage:signed:uniform:high>random1,leverage,signed,uniform,high>random1,x0_relative_rms,paired_log_ratio,noisy_t500,64,32,0.23597402793665195,0.20341938220844263,0.984375,0.19633103562687107,0.2850268835533402,-0.126099706744868
leverage:signed:uniform:high>random1,leverage,signed,uniform,high>random1,x0_relative_rms,paired_log_ratio,noisy_t750,64,32,0.23679208452078326,0.20326665912460873,0.90625,0.1770358010801081,0.30514320265185096,0.156891495601173
leverage:signed:uniform:high>random1,leverage,signed,uniform,high>random1,x0_relative_rms,paired_log_ratio,pooled,256,32,0.2475333037174873,0.21181651126919956,0.9375,0.19923650798596218,0.306279669784651,0.3969941348973607
leverage:signed:uniform:random1>low,leverage,signed,uniform,random1>low,x0_relative_rms,paired_log_ratio,noisy_t1000,64,32,-0.07775622046702577,-0.07914673236180933,0.296875,-0.11726925401631969,-0.03758361590519181,-0.3251466275659824
leverage:signed:uniform:random1>low,leverage,signed,uniform,random1>low,x0_relative_rms,paired_log_ratio,noisy_t250,64,32,-0.03113381924365427,-0.035970922993608025,0.1875,-0.04915089553976552,-0.009207097296927527,0.16165689149560114
leverage:signed:uniform:random1>low,leverage,signed,uniform,random1>low,x0_relative_rms,paired_log_ratio,noisy_t500,64,32,-0.03022332603667281,-0.04036376151678509,0.25,-0.06848636463273906,0.022840846462991445,0.3222140762463343
leverage:signed:uniform:random1>low,leverage,signed,uniform,random1>low,x0_relative_rms,paired_log_ratio,noisy_t750,64,32,-0.020764985428212347,-0.0249822065747454,0.421875,-0.05556930757247005,0.019900078986974813,-0.15139296187683285
leverage:signed:uniform:random1>low,leverage,signed,uniform,random1>low,x0_relative_rms,paired_log_ratio,pooled,256,32,-0.0399695877938913,-0.040956897364337184,0.2890625,-0.06515913872845851,-0.008353596509211218,-0.003299120234604105
leverage:signed:uniform:high>random2,leverage,signed,uniform,high>random2,x0_relative_rms,paired_log_ratio,noisy_t1000,64,32,0.16490087928941966,0.15334131161568193,0.796875,0.1067814788047446,0.2290685969479549,-0.006231671554252198
leverage:signed:uniform:high>random2,leverage,signed,uniform,high>random2,x0_relative_rms,paired_log_ratio,noisy_t250,64,32,0.17435475636876133,0.18270436411506136,0.90625,0.14227583073896968,0.2144971224443849,0.026759530791788853
leverage:signed:uniform:high>random2,leverage,signed,uniform,high>random2,x0_relative_rms,paired_log_ratio,noisy_t500,64,32,0.16207536902138453,0.15457517035328422,0.875,0.12475623130731803,0.20769117832027156,-0.19868035190615835
leverage:signed:uniform:high>random2,leverage,signed,uniform,high>random2,x0_relative_rms,paired_log_ratio,noisy_t750,64,32,0.16209914938980405,0.14351980415852636,0.84375,0.1107986344502434,0.21572838188570906,-0.06671554252199413
leverage:signed:uniform:high>random2,leverage,signed,uniform,high>random2,x0_relative_rms,paired_log_ratio,pooled,256,32,0.1658575385173424,0.15463800825357443,0.85546875,0.12685004084195753,0.213411304606535,0.049486803519061574
leverage:signed:uniform:random2>low,leverage,signed,uniform,random2>low,x0_relative_rms,paired_log_ratio,noisy_t1000,64,32,0.04308563531444,0.01870144996097966,0.53125,-0.01275740638924888,0.10266101854266342,0.11217008797653959
leverage:signed:uniform:random2>low,leverage,signed,uniform,random2>low,x0_relative_rms,paired_log_ratio,noisy_t250,64,32,0.026135791729212973,0.006501849863286476,0.578125,0.0004935706809851835,0.055186143424475836,0.2126099706744868
leverage:signed:uniform:random2>low,leverage,signed,uniform,random2>low,x0_relative_rms,paired_log_ratio,noisy_t500,64,32,0.0436753328785946,0.0015163988889512856,0.515625,0.0003404306425582957,0.10384609456242201,0.09164222873900292
leverage:signed:uniform:random2>low,leverage,signed,uniform,random2>low,x0_relative_rms,paired_log_ratio,noisy_t750,64,32,0.053927949702766834,0.024925229821791794,0.640625,0.009357867807858525,0.10587124422879532,0.26466275659824046
leverage:signed:uniform:random2>low,leverage,signed,uniform,random2>low,x0_relative_rms,paired_log_ratio,pooled,256,32,0.0417061774062536,0.01199985392311433,0.56640625,0.0068745368754710365,0.08352837772651482,0.2727272727272727
leverage:signed:uniform:high>random3,leverage,signed,uniform,high>random3,x0_relative_rms,paired_log_ratio,noisy_t1000,64,32,0.015322829533851886,0.06827470926936803,0.640625,-0.06929565366303361,0.09886576448111854,0.16752199413489735
leverage:signed:uniform:high>random3,leverage,signed,uniform,high>random3,x0_relative_rms,paired_log_ratio,noisy_t250,64,32,-0.10485272864439227,-0.10633248888050896,0.21875,-0.1438066695571257,-0.06772353698989231,0.005131964809384164
leverage:signed:uniform:high>random3,leverage,signed,uniform,high>random3,x0_relative_rms,paired_log_ratio,noisy_t500,64,32,-0.11065723448135575,-0.10786650172638337,0.296875,-0.16565739992674788,-0.058097550005492285,0.1942815249266862
leverage:signed:uniform:high>random3,leverage,signed,uniform,high>random3,x0_relative_rms,paired_log_ratio,noisy_t750,64,32,-0.058356791553063884,-0.033816681384198716,0.40625,-0.132918292331386,0.005470431527921722,0.08394428152492668
leverage:signed:uniform:high>random3,leverage,signed,uniform,high>random3,x0_relative_rms,paired_log_ratio,pooled,256,32,-0.06463598128624001,-0.06697600574849379,0.390625,-0.12044614330614734,-0.017533696535736276,0.09457478005865103
leverage:signed:uniform:random3>low,leverage,signed,uniform,random3>low,x0_relative_rms,paired_log_ratio,noisy_t1000,64,32,0.1926636850700078,0.10787211719241596,0.640625,0.0806597932318294,0.3209923448026635,0.21407624633431083
leverage:signed:uniform:random3>low,leverage,signed,uniform,random3>low,x0_relative_rms,paired_log_ratio,noisy_t250,64,32,0.30534327674236655,0.28792069121199815,0.9375,0.25021532538305574,0.365152559441006,0.31561583577712604
leverage:signed:uniform:random3>low,leverage,signed,uniform,random3>low,x0_relative_rms,paired_log_ratio,noisy_t500,64,32,0.3164079363813349,0.23434988095231513,0.875,0.21939278198356787,0.43465812360521383,0.314882697947214
leverage:signed:uniform:random3>low,leverage,signed,uniform,random3>low,x0_relative_rms,paired_log_ratio,noisy_t750,64,32,0.2743838906456348,0.16554458288376026,0.796875,0.16144682838141214,0.40691077030760514,0.18401759530791786
leverage:signed:uniform:random3>low,leverage,signed,uniform,random3>low,x0_relative_rms,paired_log_ratio,pooled,256,32,0.27219969720983606,0.21915608508345363,0.8125,0.18734689270850677,0.3809147241493112,0.24230205278592373
leverage:signed:uniform:high>random4,leverage,signed,uniform,high>random4,x0_relative_rms,paired_log_ratio,noisy_t1000,64,32,0.20026918710430514,0.2008929056348862,0.78125,0.12818730073368104,0.2798150053360656,0.3255131964809384
leverage:signed:uniform:high>random4,leverage,signed,uniform,high>random4,x0_relative_rms,paired_log_ratio,noisy_t250,64,32,0.14976754768963318,0.15451181161003158,0.890625,0.11808391180706582,0.18893336370675362,-0.06744868035190615
leverage:signed:uniform:high>random4,leverage,signed,uniform,high>random4,x0_relative_rms,paired_log_ratio,noisy_t500,64,32,0.1447476848778146,0.14845240418844083,0.875,0.10392950202898378,0.19692003118485252,0.007331378299120234
leverage:signed:uniform:high>random4,leverage,signed,uniform,high>random4,x0_relative_rms,paired_log_ratio,noisy_t750,64,32,0.20557346092191092,0.19163939088245285,0.921875,0.15582443437800034,0.26736175332730805,0.19024926686217006
leverage:signed:uniform:high>random4,leverage,signed,uniform,high>random4,x0_relative_rms,paired_log_ratio,pooled,256,32,0.17508947014841594,0.16266442700072484,0.8671875,0.13338175887223652,0.22742153164691992,0.11400293255131963
leverage:signed:uniform:random4>low,leverage,signed,uniform,random4>low,x0_relative_rms,paired_log_ratio,noisy_t1000,64,32,0.007717327499554515,-0.03106790165104497,0.453125,-0.049898504602041066,0.0664948494336371,-0.09274193548387095
leverage:signed:uniform:random4>low,leverage,signed,uniform,random4>low,x0_relative_rms,paired_log_ratio,noisy_t250,64,32,0.05072300040834116,0.02406212432381522,0.671875,0.02428487450538989,0.08066129075648348,0.20161290322580644
leverage:signed:uniform:random4>low,leverage,signed,uniform,random4>low,x0_relative_rms,paired_log_ratio,noisy_t500,64,32,0.06100301702216458,0.020935483740453342,0.609375,0.016860558633743583,0.11468932275389224,0.34970674486803516
leverage:signed:uniform:random4>low,leverage,signed,uniform,random4>low,x0_relative_rms,paired_log_ratio,noisy_t750,64,32,0.010453638170660022,-0.0029530908922649735,0.5,-0.04613057338551083,0.0688260316871901,0.35227272727272724
leverage:signed:uniform:random4>low,leverage,signed,uniform,random4>low,x0_relative_rms,paired_log_ratio,pooled,256,32,0.03247424577518007,0.013064817620945444,0.55859375,-0.004236098165388107,0.07198263240974889,0.23753665689149558
leverage:signed:uniform:high>random5,leverage,signed,uniform,high>random5,x0_relative_rms,paired_log_ratio,noisy_t1000,64,32,0.1324810419013203,0.12328878054890346,0.78125,0.07747345459750835,0.19177785298182973,0.02419354838709677
leverage:signed:uniform:high>random5,leverage,signed,uniform,high>random5,x0_relative_rms,paired_log_ratio,noisy_t250,64,32,0.09186189578601014,0.09725709639525286,0.875,0.06835941739777297,0.11665640975540213,0.32074780058651026
leverage:signed:uniform:high>random5,leverage,signed,uniform,high>random5,x0_relative_rms,paired_log_ratio,noisy_t500,64,32,0.05545389997538855,0.053566121794108315,0.75,0.035516198393256836,0.07640564107256667,-0.07881231671554251
leverage:signed:uniform:high>random5,leverage,signed,uniform,high>random5,x0_relative_rms,paired_log_ratio,noisy_t750,64,32,0.06710944876411165,0.07864379266747609,0.71875,0.0341311592978246,0.1010888697000154,0.08760997067448678
leverage:signed:uniform:high>random5,leverage,signed,uniform,high>random5,x0_relative_rms,paired_log_ratio,pooled,256,32,0.08672657160670766,0.0808132693716141,0.78125,0.06111276367346513,0.11371088751156504,-0.0469208211143695
leverage:signed:uniform:random5>low,leverage,signed,uniform,random5>low,x0_relative_rms,paired_log_ratio,noisy_t1000,64,32,0.07550547270253935,0.033473575862639826,0.578125,0.0006733825672493288,0.17207507158145163,-0.1656891495601173
leverage:signed:uniform:random5>low,leverage,signed,uniform,random5>low,x0_relative_rms,paired_log_ratio,noisy_t250,64,32,0.1086286523119642,0.07117809921621995,0.78125,0.06634343073509945,0.16189765029599423,0.18071847507331376
leverage:signed:uniform:random5>low,leverage,signed,uniform,random5>low,x0_relative_rms,paired_log_ratio,noisy_t500,64,32,0.15029680192459058,0.10023543501606677,0.765625,0.08512917575937497,0.24485352497147778,0.0879765395894428
leverage:signed:uniform:random5>low,leverage,signed,uniform,random5>low,x0_relative_rms,paired_log_ratio,noisy_t750,64,32,0.14891765032845924,0.1068787427125621,0.75,0.07268947541787506,0.24193108513947512,0.3570381231671554
leverage:signed:uniform:random5>low,leverage,signed,uniform,random5>low,x0_relative_rms,paired_log_ratio,pooled,256,32,0.12083714431688834,0.0844188601111068,0.71875,0.062382649778407774,0.20501152844597145,0.1279325513196481
leverage:signed:uniform:high>random6,leverage,signed,uniform,high>random6,x0_relative_rms,paired_log_ratio,noisy_t1000,64,32,0.24210019888869883,0.2308486255031173,0.8125,0.16951394850226378,0.3256928546032382,0.2063782991202346
leverage:signed:uniform:high>random6,leverage,signed,uniform,high>random6,x0_relative_rms,paired_log_ratio,noisy_t250,64,32,0.15151090952509624,0.1257057254916598,0.921875,0.10666623227636275,0.21071051512540787,0.11510263929618768
leverage:signed:uniform:high>random6,leverage,signed,uniform,high>random6,x0_relative_rms,paired_log_ratio,noisy_t500,64,32,0.1766604958759294,0.15426229272282696,0.859375,0.1154297338603797,0.25878107645401033,0.17741935483870966
leverage:signed:uniform:high>random6,leverage,signed,uniform,high>random6,x0_relative_rms,paired_log_ratio,noisy_t750,64,32,0.20839771375552468,0.1878440662224266,0.875,0.14257781599019123,0.29565572597047035,0.4288856304985337
leverage:signed:uniform:high>random6,leverage,signed,uniform,high>random6,x0_relative_rms,paired_log_ratio,pooled,256,32,0.1946673295113123,0.16017521364558346,0.8671875,0.14217086322000488,0.2690408956569733,0.1378299120234604
leverage:signed:uniform:random6>low,leverage,signed,uniform,random6>low,x0_relative_rms,paired_log_ratio,noisy_t1000,64,32,-0.034113684284839185,-0.03601896792571484,0.40625,-0.08871630429295833,0.01994267159167111,-0.07917888563049852
leverage:signed:uniform:random6>low,leverage,signed,uniform,random6>low,x0_relative_rms,paired_log_ratio,noisy_t250,64,32,0.048979638572878084,0.04141189929955122,0.671875,0.02328527533180506,0.07631792868469679,0.4299853372434017
leverage:signed:uniform:random6>low,leverage,signed,uniform,random6>low,x0_relative_rms,paired_log_ratio,noisy_t500,64,32,0.029090206024049714,-0.00021370656570798672,0.5,0.000478343233862004,0.06076929986117122,0.2005131964809384
leverage:signed:uniform:random6>low,leverage,signed,uniform,random6>low,x0_relative_rms,paired_log_ratio,noisy_t750,64,32,0.007629385337046233,-0.021555688611579367,0.46875,-0.03083309000420654,0.04408661026711746,-0.14039589442815245
leverage:signed:uniform:random6>low,leverage,signed,uniform,random6>low,x0_relative_rms,paired_log_ratio,pooled,256,32,0.012896386412283706,0.0028234788519610724,0.51171875,-0.013062614231190034,0.041946036646153276,0.05755131964809384
leverage:signed:uniform:high>random7,leverage,signed,uniform,high>random7,x0_relative_rms,paired_log_ratio,noisy_t1000,64,32,0.11233353015978775,0.1267310165922637,0.71875,0.05289070718666156,0.17504789359218426,0.20821114369501464
leverage:signed:uniform:high>random7,leverage,signed,uniform,high>random7,x0_relative_rms,paired_log_ratio,noisy_t250,64,32,0.09516592182390188,0.08796962776396396,0.921875,0.07355741328367717,0.1175056689285135,0.439149560117302
leverage:signed:uniform:high>random7,leverage,signed,uniform,high>random7,x0_relative_rms,paired_log_ratio,noisy_t500,64,32,0.09277438649840565,0.08485794127506811,0.921875,0.0719512253332373,0.1141373078902712,0.008064516129032258
leverage:signed:uniform:high>random7,leverage,signed,uniform,high>random7,x0_relative_rms,paired_log_ratio,noisy_t750,64,32,0.09320494200965476,0.08397437857464907,0.78125,0.06329440122717543,0.12350721994669078,0.07881231671554251
leverage:signed:uniform:high>random7,leverage,signed,uniform,high>random7,x0_relative_rms,paired_log_ratio,pooled,256,32,0.09836969512293751,0.08925300765807787,0.8359375,0.07462608568665646,0.12292772900325312,0.18878299120234604
leverage:signed:uniform:random7>low,leverage,signed,uniform,random7>low,x0_relative_rms,paired_log_ratio,noisy_t1000,64,32,0.0956529844440719,0.061613781259300685,0.671875,0.019669821604270287,0.18631315186162437,-0.04728739002932551
leverage:signed:uniform:random7>low,leverage,signed,uniform,random7>low,x0_relative_rms,paired_log_ratio,noisy_t250,64,32,0.10532462627407245,0.07660111830663077,0.84375,0.06378801865401462,0.15823647676340524,0.17778592375366567
leverage:signed:uniform:random7>low,leverage,signed,uniform,random7>low,x0_relative_rms,paired_log_ratio,noisy_t500,64,32,0.11297631540157348,0.07148324055885658,0.71875,0.04122175043877014,0.2164260323210976,0.3192815249266862
leverage:signed:uniform:random7>low,leverage,signed,uniform,random7>low,x0_relative_rms,paired_log_ratio,noisy_t750,64,32,0.1228221570829161,0.06476204314186339,0.625,0.0402059602052871,0.22240862894941263,0.17778592375366567
leverage:signed:uniform:random7>low,leverage,signed,uniform,random7>low,x0_relative_rms,paired_log_ratio,pooled,256,32,0.10919402080065849,0.07133827072769378,0.71484375,0.04935839210466694,0.1944856501637096,0.24376832844574778
