method,prompt_index,sample_index,video,decoded_frames,retained_frames,fps,duration_seconds,appearance_delta_mean,appearance_delta_median,appearance_delta_p95,appearance_delta_max,flow_speed_mean,flow_speed_median,flow_speed_p95,flow_speed_max,flow_accel_mean,flow_accel_median,flow_accel_p95,flow_accel_max,motion_floor,motion_coverage_fraction,low_motion_fraction,longest_low_motion_run_fraction,late_motion_median,earlier_motion_median,late_motion_ratio,luma_mean,luma_median,luma_p95,luma_max,luma_contrast_mean,luma_contrast_median,luma_contrast_p95,luma_contrast_max,edge_density_mean,edge_density_median,edge_density_p95,edge_density_max,dark_frame_fraction,bright_frame_fraction,low_contrast_frame_fraction,edge_density_outlier_fraction,appearance_jump_ratio,flow_jump_ratio,appearance_outlier_fraction,flow_accel_outlier_fraction,temporal_jump
ours_all_recent8_reference,0,0,/apdcephfs_gy2/share_303214315/cedricnie/develop/training-free/runs/v161_state_matched_motion_moviebench16/full8/published_indexed/ours_all_recent8_reference/000000-0_v161.mp4,477,239,16.0,29.8125,0.060197580271211915,0.0591102357004203,0.08250473433849859,0.09133493760052849,1.0844075162621105,1.042837917804718,1.648106175661087,2.4100940227508545,0.16527276728223647,0.12142467498779297,0.5274439811706543,0.8750370740890503,0.10428379178047181,1.0,0.0,0.0,1.099668264389038,0.9905217289924622,1.1101909551318956,0.3232633066955863,0.31909363407525176,0.37834005075847904,0.39072053441308957,0.2685823419090973,0.27564906194712846,0.30597947903916123,0.3148539960129119,0.16462791897546086,0.16498627533783783,0.18089896537162162,0.1858108108108108,0.0,0.0,0.0,0.0,1.3957774547989485,0.5057775251220041,0.004201680672268907,0.10548523206751055,0.9507774899604764
ours_all_recent8_reference,1,0,/apdcephfs_gy2/share_303214315/cedricnie/develop/training-free/runs/v161_state_matched_motion_moviebench16/full8/published_indexed/ours_all_recent8_reference/000001-0_v161.mp4,477,239,16.0,29.8125,0.02424500098160099,0.021090178396187577,0.047530860900878893,0.05509768841313381,0.43404094787204966,0.42564916610717773,0.7479036748409269,1.182822823524475,0.08830954756917833,0.06737165153026581,0.24409300088882438,0.39563971757888794,0.042564916610717776,1.0,0.0,0.0,0.46753406524658203,0.4135092943906784,1.1306494717017455,0.3526579416663618,0.32279660174880764,0.5039101624602543,0.5076514474032856,0.2244474125911568,0.22117527871454534,0.24280796917768036,0.25360778292965047,0.12313985991744884,0.11800570101351351,0.1509369721283784,0.15519425675675674,0.0,0.0,0.0,0.2301255230125523,2.2536964841165563,0.5734605405696065,0.15546218487394958,0.08016877637130802,1.4135785123430815
ours_all_recent8_reference,2,0,/apdcephfs_gy2/share_303214315/cedricnie/develop/training-free/runs/v161_state_matched_motion_moviebench16/full8/published_indexed/ours_all_recent8_reference/000002-0_v161.mp4,477,239,16.0,29.8125,0.011557230373488794,0.010857957017187978,0.021533974853216425,0.03224157071581074,0.11326291178110517,0.0811278447508812,0.3050901621580123,0.43676912784576416,0.02729424600045389,0.01952596753835678,0.07544633150100707,0.1388559341430664,0.02,1.0,0.0,0.0,0.2414042204618454,0.06774823367595673,3.563254823978056,0.28011010910923234,0.27834329044117645,0.30254830542859035,0.3088053126656068,0.24296972138538592,0.2439704281202612,0.24958922602316516,0.2536908050468929,0.09687846760856043,0.09245671452702703,0.12360377956081081,0.12742820945945946,0.0,0.0,0.0,0.0,1.9832437003690913,0.9299683941152349,0.06302521008403361,0.13924050632911392,1.4566060472421631
ours_all_recent8_reference,3,0,/apdcephfs_gy2/share_303214315/cedricnie/develop/training-free/runs/v161_state_matched_motion_moviebench16/full8/published_indexed/ours_all_recent8_reference/000003-0_v161.mp4,477,239,16.0,29.8125,0.02665717077718808,0.024938467437145756,0.04077971402336568,0.052176901873420264,0.33864979802810846,0.2959800660610199,0.6913296937942504,1.0900417566299438,0.06950617785946729,0.047490835189819336,0.21615600585937497,0.35487592220306396,0.02959800660610199,1.0,0.0,0.0,0.2118557095527649,0.34270985424518585,0.6181780504076092,0.4070809272711827,0.4020841613672496,0.45160363258479064,0.45902080849231586,0.2596035515331043,0.25835212348494335,0.2708176592772063,0.2721840497422882,0.14649508703918354,0.14350190033783783,0.18166965793918918,0.18509818412162163,0.0,0.0,0.0,0.0,1.6352133155794668,0.7303059585601004,0.10084033613445378,0.14767932489451477,1.1827596370697835
ours_all_recent8_reference,4,0,/apdcephfs_gy2/share_303214315/cedricnie/develop/training-free/runs/v161_state_matched_motion_moviebench16/full8/published_indexed/ours_all_recent8_reference/000004-0_v161.mp4,477,239,16.0,29.8125,0.05612703796115812,0.05237417969049192,0.09788928798600736,0.1354138692220052,0.5370163610596367,0.3836297392845154,1.400473642349241,2.813340187072754,0.1258104998728394,0.07204264402389526,0.5376271843910218,1.0071682929992676,0.03836297392845154,1.0,0.0,0.0,0.3025073707103729,0.42560291290283203,0.7107737318974539,0.3553807995460849,0.3444108745694224,0.4375320035108638,0.4536716058889772,0.22202448580117626,0.22451761943327894,0.24441610491448268,0.2541487625514778,0.1527777532370236,0.1514991554054054,0.17453547297297298,0.18037373310810811,0.0,0.0,0.0,0.0,1.8690371584717789,1.401422072735335,0.06302521008403361,0.16877637130801687,1.6352296156035568
ours_all_recent8_reference,5,0,/apdcephfs_gy2/share_303214315/cedricnie/develop/training-free/runs/v161_state_matched_motion_moviebench16/full8/published_indexed/ours_all_recent8_reference/000005-0_v161.mp4,477,239,16.0,29.8125,0.026458542610947232,0.023334462034936044,0.04574991768481684,0.05312779370476218,0.3631233412052403,0.3098739683628082,0.7417266845703124,0.9678882360458374,0.05533047636601492,0.03911416232585907,0.1871634125709533,0.47863346338272095,0.030987396836280823,1.0,0.0,0.0,0.2612171024084091,0.39535242319107056,0.6607196189668099,0.21958482492037018,0.22132715206014839,0.24622199175278217,0.25909212291335454,0.22365455756260083,0.22403817984329366,0.24958057144360896,0.26383940005713363,0.16652174124307362,0.16775760135135134,0.18794605152027025,0.1912742820945946,0.0,0.0,0.0,0.0,1.9606159171923776,0.6039985015837719,0.046218487394957986,0.10548523206751055,1.2823072093880747
ours_all_recent8_reference,6,0,/apdcephfs_gy2/share_303214315/cedricnie/develop/training-free/runs/v161_state_matched_motion_moviebench16/full8/published_indexed/ours_all_recent8_reference/000006-0_v161.mp4,477,239,16.0,29.8125,0.03537729712407855,0.03292635562373143,0.060381909538717825,0.07389167336856618,1.0754275743951316,0.8621402382850647,2.331970071792602,4.968162536621094,0.18208560687077197,0.11004507541656494,0.6089054584503172,1.6627538204193115,0.08621402382850647,1.0,0.0,0.0,0.40596139430999756,1.0570525527000427,0.3840503419371584,0.32902686665175507,0.3404852692766296,0.40907289182564915,0.4220737281399046,0.2570339439619705,0.2555287618926904,0.2982204895845426,0.30334990777175047,0.09720170615175844,0.09504328547297297,0.12464368665540539,0.14508551520270271,0.0,0.0,0.0,0.03765690376569038,1.833847335816236,0.706271939773427,0.05042016806722689,0.11392405063291139,1.2700596377948314
ours_all_recent8_reference,7,0,/apdcephfs_gy2/share_303214315/cedricnie/develop/training-free/runs/v161_state_matched_motion_moviebench16/full8/published_indexed/ours_all_recent8_reference/000007-0_v161.mp4,477,239,16.0,29.8125,0.11049324376006793,0.10443324294744753,0.17105300529330383,0.1884203592936198,3.891394743398458,3.2731138467788696,9.32184257507324,12.025165557861328,0.7605176937731006,0.46729373931884766,2.173819422721863,6.216007232666016,0.327311384677887,1.0,0.0,0.0,4.569579124450684,3.2532217502593994,1.4046319234421456,0.3778652671542297,0.3761648367117117,0.4467447813162426,0.4871247971316905,0.2857605297294682,0.287490783160239,0.30635637449739467,0.3155482986310218,0.159380786709827,0.15601245777027026,0.18315297719594595,0.20357369087837837,0.0,0.0,0.0,0.04184100418410042,1.6379172040016072,0.6641441527801294,0.12184873949579832,0.13924050632911392,1.1510306783908684
ours_all_recent8_reference,8,0,/apdcephfs_gy2/share_303214315/cedricnie/develop/training-free/runs/v161_state_matched_motion_moviebench16/full8/published_indexed/ours_all_recent8_reference/000008-0_v161.mp4,477,239,16.0,29.8125,0.07740331286161495,0.07759930105770335,0.10297485388961491,0.11091328041226256,3.415541615806708,3.103783130645752,6.442044019699095,9.570136070251465,1.3657958276161162,1.0152924060821533,4.093115901947021,7.275243282318115,0.3103783130645752,1.0,0.0,0.0,2.883136510848999,3.2309430837631226,0.8923513773232339,0.35564070302227524,0.3558873211446741,0.3798780823562533,0.406998853173026,0.23155624636553773,0.23176386551634626,0.2554746562100575,0.26179962404066204,0.08734740313666178,0.08770586993243243,0.1164088893581081,0.13806482263513514,0.0,0.0,0.0,0.0502092050209205,1.3270074921556592,1.3187506116432288,0.0,0.12658227848101267,1.322879051899444
ours_all_recent8_reference,9,0,/apdcephfs_gy2/share_303214315/cedricnie/develop/training-free/runs/v161_state_matched_motion_moviebench16/full8/published_indexed/ours_all_recent8_reference/000009-0_v161.mp4,477,239,16.0,29.8125,0.07927227336112308,0.07570951873180913,0.11074715820013306,0.14498832553040747,1.7465911334803124,1.5184844136238098,3.21483929157257,6.134097099304199,0.6802206924696009,0.41519761085510254,2.216442346572876,4.52773642539978,0.151848441362381,1.0,0.0,0.0,1.5236448049545288,1.4917636513710022,1.0213714508690612,0.33266496574988413,0.33452984234234234,0.35595864591613674,0.36673187433757287,0.3213871897070999,0.3281368166943942,0.3444947387457736,0.34698334632934963,0.15116641959035396,0.14709142736486486,0.17510293496621623,0.18739442567567569,0.0,0.0,0.0,0.08786610878661087,1.4627904133486846,1.4596411571215366,0.037815126050420166,0.12236286919831224,1.4612157852351106
ours_all_recent8_reference,10,0,/apdcephfs_gy2/share_303214315/cedricnie/develop/training-free/runs/v161_state_matched_motion_moviebench16/full8/published_indexed/ours_all_recent8_reference/000010-0_v161.mp4,477,239,16.0,29.8125,0.11715646081592247,0.11009559631347657,0.16635491539450248,0.19717537375057445,4.178360760211945,3.8480489253997803,7.4484295368194555,13.027517318725586,0.9879566315357192,0.6512136459350586,2.737216949462886,7.633186340332031,0.38480489253997807,1.0,0.0,0.0,3.998314142227173,3.7883046865463257,1.0554362631988574,0.4852151075342356,0.48752059734366715,0.577679114086513,0.6210099115659777,0.31575556921954495,0.3189975617155932,0.34510237982093206,0.3564198803546983,0.1398557209798711,0.1360061233108108,0.1751662795608108,0.24506440033783783,0.0,0.0,0.0,0.03765690376569038,1.511004263248078,0.7113259219225005,0.10084033613445378,0.12236286919831224,1.1111650925852894
ours_all_recent8_reference,11,0,/apdcephfs_gy2/share_303214315/cedricnie/develop/training-free/runs/v161_state_matched_motion_moviebench16/full8/published_indexed/ours_all_recent8_reference/000011-0_v161.mp4,477,239,16.0,29.8125,0.06609670975629021,0.06525973525701784,0.09150977751787968,0.10446103413899739,3.978149823781823,3.5782028436660767,7.4450875043869,10.334249496459961,1.0051528763670459,0.7080087661743164,2.953495407104492,5.314655542373657,0.3578202843666077,1.0,0.0,0.0,3.5553624629974365,3.6108587980270386,0.9846307102731557,0.19852247871294568,0.19374886145336512,0.2478222397489401,0.27945492597376786,0.1791542500595719,0.17843899072924643,0.2187222194051992,0.24485907723654346,0.10072530444277959,0.0972339527027027,0.13311866554054053,0.14154877533783783,0.0,0.0,0.0,0.11297071129707113,1.4022394843846535,0.8254130735859749,0.029411764705882353,0.12658227848101267,1.1138262789853142
ours_all_recent8_reference,12,0,/apdcephfs_gy2/share_303214315/cedricnie/develop/training-free/runs/v161_state_matched_motion_moviebench16/full8/published_indexed/ours_all_recent8_reference/000012-0_v161.mp4,477,239,16.0,29.8125,0.05193129909708347,0.050136315588857616,0.07994882471421184,0.09735702065860524,1.6963394970453085,1.579355001449585,3.550008344650268,4.081777572631836,0.25661636304251756,0.15895676612854004,0.8536664009094231,1.9938393831253052,0.1579355001449585,1.0,0.0,0.0,0.8259894251823425,1.6535495519638062,0.4995250515482721,0.3389313930419929,0.35289232246952834,0.3785954785208002,0.3879250919117647,0.2498644522734082,0.26291002619698134,0.3130627535637732,0.318000303660325,0.09910160225602171,0.1019847972972973,0.14213735219594595,0.14888619087837837,0.0,0.0,0.0,0.012552301255230125,1.5946290383567758,0.5405158435727873,0.04201680672268908,0.1308016877637131,1.0675724409647815
ours_all_recent8_reference,13,0,/apdcephfs_gy2/share_303214315/cedricnie/develop/training-free/runs/v161_state_matched_motion_moviebench16/full8/published_indexed/ours_all_recent8_reference/000013-0_v161.mp4,477,239,16.0,29.8125,0.028623350276686173,0.024743051154940736,0.060054251539940914,0.11335587595023361,0.4548424560862335,0.41070549190044403,0.9318427234888064,1.9092140197753906,0.11847960010155217,0.05763524770736694,0.4087200641632074,1.3634613752365112,0.04107054919004441,0.9873949579831933,0.012605042016806723,0.012605042016806723,0.1889744997024536,0.48401589691638947,0.3904303575696352,0.2831485652736018,0.28865728090222575,0.35310006582869635,0.36121747896793854,0.26456570560491105,0.2723860887102886,0.2892165586077816,0.29407618224887794,0.0893557448334841,0.09480574324324324,0.12318148226351351,0.1290382179054054,0.0,0.0,0.0,0.0,2.427115846137237,0.9951658115696249,0.10084033613445378,0.16033755274261605,1.7111408288534309
ours_all_recent8_reference,14,0,/apdcephfs_gy2/share_303214315/cedricnie/develop/training-free/runs/v161_state_matched_motion_moviebench16/full8/published_indexed/ours_all_recent8_reference/000014-0_v161.mp4,477,239,16.0,29.8125,0.023127808349296352,0.023062918232936484,0.032703012952617565,0.03747515958898208,0.35169481360862237,0.32911479473114014,0.5206437230110168,0.6705204844474792,0.04906065416235461,0.03796568512916565,0.1340210139751434,0.23899203538894653,0.032911479473114014,1.0,0.0,0.0,0.4322914183139801,0.3070417642593384,1.4079238352371224,0.3813249418332158,0.3632568229994701,0.4501327441872019,0.4610033286963434,0.20062781719445907,0.1963804015390809,0.23716031022095027,0.24030478122346247,0.12335498416826869,0.11953652871621621,0.13811760979729729,0.14120565878378377,0.0,0.0,0.0,0.0,1.417991106863221,0.4072166190056196,0.008403361344537815,0.10548523206751055,0.9126038629344203
ours_all_recent8_reference,15,0,/apdcephfs_gy2/share_303214315/cedricnie/develop/training-free/runs/v161_state_matched_motion_moviebench16/full8/published_indexed/ours_all_recent8_reference/000015-0_v161.mp4,477,239,16.0,29.8125,0.0379137154877883,0.03251575208177754,0.07781109566782021,0.13855128568761488,0.3616893296795232,0.24472198635339737,1.0948750078678104,3.828766345977783,0.14681975518349355,0.055260688066482544,0.5228689670562738,2.027953624725342,0.02447219863533974,0.9957983193277311,0.004201680672268907,0.004201680672268907,0.14006730169057846,0.28674188256263733,0.48847869881715467,0.2749225783957567,0.2686591232776894,0.33100021321873346,0.40331275669051403,0.18199035143017694,0.1792275280613511,0.20300755654474265,0.24436872459790362,0.11662594619331675,0.11502322635135136,0.13716744087837837,0.17208614864864866,0.0,0.0,0.0,0.02510460251046025,2.3930277076822426,2.136583536475594,0.10084033613445378,0.189873417721519,2.264805622078918
ours_middle10_reservoir2_freshmotionpair1_reference,0,0,/apdcephfs_gy2/share_303214315/cedricnie/develop/training-free/runs/v161_state_matched_motion_moviebench16/full8/published_indexed/ours_middle10_reservoir2_freshmotionpair1_reference/000000-0_v161.mp4,477,239,16.0,29.8125,0.06227943156731542,0.06069881962794883,0.09429210775038775,0.10772514343261719,1.0280967538847643,0.9291645884513855,1.8181511759757996,2.091975212097168,0.14706377515309974,0.10512340068817139,0.45291779041290264,0.7412554025650024,0.09291645884513855,1.0,0.0,0.0,0.7780237793922424,1.0083829164505005,0.7715558908225852,0.3331950525354606,0.33542246290408056,0.3779634919846317,0.3907255026165872,0.26802395636316134,0.27923076747135084,0.2998786639114305,0.31019089955089435,0.1684038575709601,0.16762563344594594,0.17783730996621622,0.1837257179054054,0.0,0.0,0.0,0.02510460251046025,1.5534421975311503,0.48744624584517254,0.046218487394957986,0.11814345991561181,1.0204442216881615
ours_middle10_reservoir2_freshmotionpair1_reference,1,0,/apdcephfs_gy2/share_303214315/cedricnie/develop/training-free/runs/v161_state_matched_motion_moviebench16/full8/published_indexed/ours_middle10_reservoir2_freshmotionpair1_reference/000001-0_v161.mp4,477,239,16.0,29.8125,0.02174393144661914,0.019554900188072058,0.037657487719666725,0.05107530706069049,0.5140594559557298,0.5079638659954071,0.9557617604732512,1.166818618774414,0.12051625229135345,0.06556034088134766,0.3878947913646697,0.5858630537986755,0.050796386599540715,1.0,0.0,0.0,0.6038863658905029,0.45726369321346283,1.320652338799601,0.3496682611169963,0.32921024195151033,0.5039057117779545,0.5077117903749337,0.2217476591808545,0.21747951513670283,0.24724246658405433,0.2536293513001926,0.11876901663038561,0.1146801097972973,0.15018475506756757,0.15437605574324326,0.0,0.0,0.0,0.17573221757322174,1.9257315229170404,0.7636267406630395,0.12184873949579832,0.20253164556962025,1.34467913179004
ours_middle10_reservoir2_freshmotionpair1_reference,2,0,/apdcephfs_gy2/share_303214315/cedricnie/develop/training-free/runs/v161_state_matched_motion_moviebench16/full8/published_indexed/ours_middle10_reservoir2_freshmotionpair1_reference/000002-0_v161.mp4,477,239,16.0,29.8125,0.01187242377352373,0.010793163262161554,0.02237299984576655,0.039970749499751074,0.1048846663046284,0.08572311326861382,0.20825089067220684,0.24037224054336548,0.024212180593597234,0.01771233230829239,0.0673263609409332,0.12699323892593384,0.02,1.0,0.0,0.0,0.1747514009475708,0.07411197572946548,2.357937421415862,0.28319345103471677,0.2806131384141495,0.307835819505167,0.31706588251854795,0.2533922791410544,0.25181895728165055,0.27453352467169745,0.27842018569347887,0.09225959091937125,0.09343327702702703,0.11365867820945946,0.11850717905405406,0.0,0.0,0.0,0.0,2.072886261639472,0.7853933247847135,0.10084033613445378,0.10548523206751055,1.4291397932120926
ours_middle10_reservoir2_freshmotionpair1_reference,3,0,/apdcephfs_gy2/share_303214315/cedricnie/develop/training-free/runs/v161_state_matched_motion_moviebench16/full8/published_indexed/ours_middle10_reservoir2_freshmotionpair1_reference/000003-0_v161.mp4,477,239,16.0,29.8125,0.020426352033113836,0.018648255105112116,0.03625763369541542,0.05284874859978171,0.24949213965725497,0.21741023659706116,0.5171741783618926,0.6861429810523987,0.04152682354430106,0.028347164392471313,0.12568523883819577,0.21021634340286255,0.021741023659706118,1.0,0.0,0.0,0.1925317794084549,0.22500621527433395,0.8556731607334255,0.3979690571347561,0.38766084558823527,0.45008498733108104,0.4556336322535771,0.2656191585025415,0.265422952429155,0.26960647275685173,0.2744994296322309,0.13019555987080175,0.12753378378378377,0.14478198902027029,0.14838471283783783,0.0,0.0,0.0,0.08786610878661087,1.9442909532847379,0.5781017527299573,0.13865546218487396,0.1350210970464135,1.2611963530073476
ours_middle10_reservoir2_freshmotionpair1_reference,4,0,/apdcephfs_gy2/share_303214315/cedricnie/develop/training-free/runs/v161_state_matched_motion_moviebench16/full8/published_indexed/ours_middle10_reservoir2_freshmotionpair1_reference/000004-0_v161.mp4,477,239,16.0,29.8125,0.04860360601585138,0.04423207114724552,0.084384619768928,0.12219575620165059,0.7401822952537978,0.684185266494751,1.5457670688629146,3.0536623001098633,0.13535018158361378,0.0861821174621582,0.40494123697280854,1.4199591875076294,0.0684185266494751,1.0,0.0,0.0,0.8774263262748718,0.5782911777496338,1.5172742729524158,0.3421807211219187,0.33435792180047696,0.42755719644276624,0.4535601318229995,0.24419769650448434,0.2469645275861339,0.2600474518351202,0.26948886736942057,0.15269691599287571,0.1613967483108108,0.1760794974662162,0.18140308277027026,0.0,0.0,0.0,0.0,1.9077700315686645,0.5918590428692244,0.09663865546218488,0.1308016877637131,1.2498145372189444
ours_middle10_reservoir2_freshmotionpair1_reference,5,0,/apdcephfs_gy2/share_303214315/cedricnie/develop/training-free/runs/v161_state_matched_motion_moviebench16/full8/published_indexed/ours_middle10_reservoir2_freshmotionpair1_reference/000005-0_v161.mp4,477,239,16.0,29.8125,0.019652105487538124,0.016866636276245118,0.03945658665077359,0.05201108595904182,0.24727931272770678,0.18406158685684204,0.5968725889921188,0.695323646068573,0.04220170637726281,0.032414406538009644,0.13590937852859483,0.21719461679458618,0.02,1.0,0.0,0.0,0.1573641449213028,0.19644056260585785,0.8010776533818083,0.21661481537338162,0.21510571923025967,0.2433540962837838,0.2579366015832008,0.22540572375781975,0.22812795365710226,0.23528747478169923,0.2500090024439461,0.14741013813892342,0.14841110641891891,0.15578283361486486,0.16176625844594594,0.0,0.0,0.0,0.008368200836820083,2.3393275342247133,0.7383907791379706,0.14285714285714285,0.0970464135021097,1.5388591566813419
ours_middle10_reservoir2_freshmotionpair1_reference,6,0,/apdcephfs_gy2/share_303214315/cedricnie/develop/training-free/runs/v161_state_matched_motion_moviebench16/full8/published_indexed/ours_middle10_reservoir2_freshmotionpair1_reference/000006-0_v161.mp4,477,239,16.0,29.8125,0.03598550423147415,0.035057662515079274,0.05820576929578593,0.07333472008798636,1.148094369583771,1.017833650112152,2.3399123668670647,4.882676124572754,0.17400818509894583,0.10350167751312256,0.5941062927246086,1.3053536415100098,0.10178336501121521,1.0,0.0,0.0,1.0454962849617004,0.998349666595459,1.0472245546262557,0.3039360271736479,0.28358433111420245,0.4041675982048225,0.422079627881558,0.2544578101726992,0.25012218572989015,0.27333426144253387,0.2851034893370803,0.1153302311856836,0.11491765202702703,0.13539115287162162,0.14540223817567569,0.0,0.0,0.0,0.058577405857740586,1.660286656897048,0.5836968473769223,0.08403361344537816,0.13924050632911392,1.121991752136985
ours_middle10_reservoir2_freshmotionpair1_reference,7,0,/apdcephfs_gy2/share_303214315/cedricnie/develop/training-free/runs/v161_state_matched_motion_moviebench16/full8/published_indexed/ours_middle10_reservoir2_freshmotionpair1_reference/000007-0_v161.mp4,477,239,16.0,29.8125,0.09945882064032385,0.09272126964494294,0.15932007284725413,0.19719307095396751,3.2047623006486092,2.5916519165039062,8.803469467163081,12.38493537902832,0.6769066447950114,0.42952537536621094,2.4266870498657225,4.054606676101685,0.25916519165039065,1.0,0.0,0.0,4.162355899810791,2.4986588954925537,1.6658359839830308,0.3634804047159546,0.3605234830418654,0.45504530380564384,0.4871342160174881,0.28318316489615347,0.28866626473807444,0.306177875959326,0.3143469146194557,0.1529866932177994,0.1502586570945946,0.1786502322635135,0.20278188344594594,0.0,0.0,0.0,0.058577405857740586,1.7182688875738827,0.9363475991557082,0.13025210084033614,0.15611814345991562,1.3273082433647954
ours_middle10_reservoir2_freshmotionpair1_reference,8,0,/apdcephfs_gy2/share_303214315/cedricnie/develop/training-free/runs/v161_state_matched_motion_moviebench16/full8/published_indexed/ours_middle10_reservoir2_freshmotionpair1_reference/000008-0_v161.mp4,477,239,16.0,29.8125,0.08255868137992574,0.08096474292231541,0.12352875242046281,0.14158717136757046,4.157570698181121,4.100558042526245,6.978243589401244,9.723154067993164,1.404360662532758,1.0793051719665527,4.067804241180419,7.687525510787964,0.41005580425262456,1.0,0.0,0.0,4.50874137878418,3.6655030250549316,1.2300471034849607,0.33488693673252695,0.33426911516295704,0.3674237794780075,0.4031075077835188,0.24217154998664914,0.2413088684790546,0.26260608162845955,0.2698886252184684,0.0843006562393984,0.08174092060810811,0.11369826858108106,0.13603251689189189,0.0,0.0,0.0,0.07531380753138076,1.5257104260676402,0.9920123551462652,0.07563025210084033,0.09282700421940929,1.2588613906069526
ours_middle10_reservoir2_freshmotionpair1_reference,9,0,/apdcephfs_gy2/share_303214315/cedricnie/develop/training-free/runs/v161_state_matched_motion_moviebench16/full8/published_indexed/ours_middle10_reservoir2_freshmotionpair1_reference/000009-0_v161.mp4,477,239,16.0,29.8125,0.08767847137212319,0.08652488858092065,0.12116581224927714,0.1620905408672258,2.269163551701217,2.104179859161377,4.111058998107908,6.65248441696167,0.924577716030652,0.6991984844207764,2.482977998256682,4.4388439655303955,0.2104179859161377,1.0,0.0,0.0,1.9583754539489746,2.1491750478744507,0.9112219388019704,0.32636630966278857,0.3246878312135665,0.37283345960850556,0.3841894168985162,0.3197664284189335,0.3300986836518589,0.34223988487227686,0.34915456423497027,0.13751541650175278,0.13521431587837837,0.1674461570945946,0.18298669763513514,0.0,0.0,0.0,0.09205020920502092,1.400357911307326,1.180021749303444,0.029411764705882353,0.07172995780590717,1.290189830305385
ours_middle10_reservoir2_freshmotionpair1_reference,10,0,/apdcephfs_gy2/share_303214315/cedricnie/develop/training-free/runs/v161_state_matched_motion_moviebench16/full8/published_indexed/ours_middle10_reservoir2_freshmotionpair1_reference/000010-0_v161.mp4,477,239,16.0,29.8125,0.10806066925078998,0.10567948210473155,0.159335339864095,0.18901561662262562,3.9489785237472597,3.454929828643799,7.459483790397639,14.86896800994873,0.9363660621240673,0.6453263759613037,2.761402320861816,9.432215690612793,0.3454929828643799,1.0,0.0,0.0,3.529209017753601,3.4283326864242554,1.0294243122112399,0.5032822489241796,0.5069362331081082,0.567177946558691,0.6212210602146264,0.3136794405783614,0.3135127325566562,0.35354618378676766,0.36110483784898423,0.14323332632449395,0.14313239020270271,0.1799883868243243,0.2453811233108108,0.0,0.0,0.0,0.03765690376569038,1.5077225653527417,0.7992643723087653,0.02100840336134454,0.1308016877637131,1.1534934688307534
ours_middle10_reservoir2_freshmotionpair1_reference,11,0,/apdcephfs_gy2/share_303214315/cedricnie/develop/training-free/runs/v161_state_matched_motion_moviebench16/full8/published_indexed/ours_middle10_reservoir2_freshmotionpair1_reference/000011-0_v161.mp4,477,239,16.0,29.8125,0.05812570866848613,0.057317593518425435,0.09369974211150525,0.12880057540594364,3.5099548572251775,3.23192298412323,7.399068737030028,11.015608787536621,0.8908362383580912,0.6688051223754883,2.591424751281738,4.403343677520752,0.323192298412323,1.0,0.0,0.0,2.5253225564956665,3.5062403678894043,0.7202365757986509,0.21170210573875314,0.21550959277291998,0.2571654639474033,0.2794700375927398,0.18226337368425935,0.17850721424721108,0.23114272804524533,0.2543355007866872,0.10405851556315728,0.10264463682432433,0.1411502322635135,0.15698902027027026,0.0,0.0,0.0,0.008368200836820083,1.634746617221191,0.8018213193854157,0.06302521008403361,0.11392405063291139,1.2182839683033033
ours_middle10_reservoir2_freshmotionpair1_reference,12,0,/apdcephfs_gy2/share_303214315/cedricnie/develop/training-free/runs/v161_state_matched_motion_moviebench16/full8/published_indexed/ours_middle10_reservoir2_freshmotionpair1_reference/000012-0_v161.mp4,477,239,16.0,29.8125,0.04494817680808932,0.041768670549579695,0.06965809578989066,0.08171225155101103,1.6575087467912866,1.3787733316421509,3.475152683258057,4.489562034606934,0.2286853707289394,0.1457841396331787,0.7023622751235956,1.6852154731750488,0.1378773331642151,1.0,0.0,0.0,1.1528379321098328,1.533740758895874,0.7516511023282385,0.3670312358818485,0.35895787791467937,0.46086233522125064,0.475704242845787,0.26462790113895035,0.2668144360544681,0.31213990300683475,0.3192209545658016,0.10682133820536018,0.10174725506756757,0.14006017736486487,0.14740815033783783,0.0,0.0,0.0,0.03347280334728033,1.667711585581974,0.509410980764377,0.08403361344537816,0.16455696202531644,1.0885612831731755
ours_middle10_reservoir2_freshmotionpair1_reference,13,0,/apdcephfs_gy2/share_303214315/cedricnie/develop/training-free/runs/v161_state_matched_motion_moviebench16/full8/published_indexed/ours_middle10_reservoir2_freshmotionpair1_reference/000013-0_v161.mp4,477,239,16.0,29.8125,0.025396888717471283,0.0219544906242221,0.056829428018308016,0.1319480297612209,0.3951790968989249,0.23660219460725784,1.1280808269977558,6.430753707885742,0.15908540657992604,0.06600919365882874,0.3951960086822507,6.2324452847242355,0.023660219460725787,0.9957983193277311,0.004201680672268907,0.004201680672268907,0.14242347329854965,0.3249782770872116,0.43825536455880926,0.2843527093442969,0.28248760019210384,0.37542684113341285,0.40325520833333334,0.27449269359180145,0.2828531565377358,0.2996756155006546,0.30424166699952465,0.09389025040992875,0.09733952702702703,0.12720122466216216,0.13402660472972974,0.0,0.0,0.0,0.0,2.5885104323763657,1.67029730784301,0.06302521008403361,0.1518987341772152,2.129403870109688
ours_middle10_reservoir2_freshmotionpair1_reference,14,0,/apdcephfs_gy2/share_303214315/cedricnie/develop/training-free/runs/v161_state_matched_motion_moviebench16/full8/published_indexed/ours_middle10_reservoir2_freshmotionpair1_reference/000014-0_v161.mp4,477,239,16.0,29.8125,0.021427367648490667,0.019070086759679458,0.03719816712772145,0.05117342705820121,0.24212710819199307,0.20664571970701218,0.5039283365011215,0.735392689704895,0.04355762546827018,0.029405727982521057,0.1258808016777038,0.401641845703125,0.02066457197070122,1.0,0.0,0.0,0.22396668791770935,0.20369737595319748,1.0995069861340239,0.3898238260834979,0.3803245685943296,0.44830155753179646,0.45568755796237415,0.20979273234468923,0.20552903716250456,0.23785365807263895,0.24127434467904146,0.1214327805184892,0.11882390202702703,0.13397645692567567,0.13967483108108109,0.0,0.0,0.0,0.03765690376569038,1.9506029309929944,0.6091623956991752,0.11764705882352941,0.11814345991561181,1.279882663346085
ours_middle10_reservoir2_freshmotionpair1_reference,15,0,/apdcephfs_gy2/share_303214315/cedricnie/develop/training-free/runs/v161_state_matched_motion_moviebench16/full8/published_indexed/ours_middle10_reservoir2_freshmotionpair1_reference/000015-0_v161.mp4,477,239,16.0,29.8125,0.034459920474775425,0.029352974424175185,0.0724345188514859,0.14444129794251684,0.33006770389170204,0.2327967956662178,0.8230910867452611,3.7466626167297363,0.09197902352498051,0.04310065507888794,0.33927779197692826,1.5338523387908936,0.023279679566621782,1.0,0.0,0.0,0.2458413541316986,0.22158420830965042,1.1094714556018825,0.2683595252760298,0.26093925957207204,0.3155505597509274,0.38088007584790673,0.18825658982588583,0.18587917175269625,0.21013409973925734,0.25386044620340875,0.1072882505936899,0.10454497466216216,0.13183065878378378,0.17377533783783783,0.0,0.0,0.0,0.029288702928870293,2.467706263929036,1.4573988916212663,0.11764705882352941,0.1350210970464135,1.9625525777751514
ours_middle10_reservoir2_motionpair1_reference,0,0,/apdcephfs_gy2/share_303214315/cedricnie/develop/training-free/runs/v161_state_matched_motion_moviebench16/full8/published_indexed/ours_middle10_reservoir2_motionpair1_reference/000000-0_v161.mp4,477,239,16.0,29.8125,0.06042253863067048,0.059541694790709254,0.08544085558723001,0.11084879706887638,0.9612515908078987,0.8835622668266296,1.702067756652832,2.0995395183563232,0.18399046493481985,0.14142847061157227,0.4669687032699584,1.2200969457626343,0.08835622668266296,1.0,0.0,0.0,0.6853335797786713,0.9829207062721252,0.697241980360656,0.33218475631481525,0.33029972757684156,0.37984666881955487,0.3907255026165872,0.2875714258667827,0.29845674270442485,0.33506763202674444,0.34039629678654876,0.1555421219467375,0.1572265625,0.17802734374999998,0.18296030405405406,0.0,0.0,0.0,0.0,1.434975203301771,0.5285068419083879,0.03361344537815126,0.08016877637130802,0.9817410226050796
ours_middle10_reservoir2_motionpair1_reference,1,0,/apdcephfs_gy2/share_303214315/cedricnie/develop/training-free/runs/v161_state_matched_motion_moviebench16/full8/published_indexed/ours_middle10_reservoir2_motionpair1_reference/000001-0_v161.mp4,477,239,16.0,29.8125,0.02380638437228691,0.022641914031084846,0.03681674957275391,0.04409011392032399,0.5630825481244496,0.5727219879627228,0.9246090114116664,1.1320604085922241,0.10050882845488279,0.05740547180175781,0.2909713149070739,0.4579430818557739,0.05727219879627228,1.0,0.0,0.0,0.6163011491298676,0.5486189723014832,1.1233682760631745,0.34219704794129285,0.3106961281134075,0.5039057117779545,0.5077117903749337,0.22266868093912834,0.22305402538081434,0.24743080619853203,0.2536293513001926,0.11115187330374308,0.1104835304054054,0.15018475506756757,0.15437605574324326,0.0,0.0,0.0,0.0,1.62604404920046,0.5080498409745229,0.058823529411764705,0.2109704641350211,1.0670469450874913
ours_middle10_reservoir2_motionpair1_reference,2,0,/apdcephfs_gy2/share_303214315/cedricnie/develop/training-free/runs/v161_state_matched_motion_moviebench16/full8/published_indexed/ours_middle10_reservoir2_motionpair1_reference/000002-0_v161.mp4,477,239,16.0,29.8125,0.012320574584284613,0.01106724271587297,0.022192644324957135,0.03200102787391812,0.11443270016618136,0.10310665890574455,0.2088376387953757,0.2578975260257721,0.025898928852272435,0.01929926872253418,0.0787536278367042,0.1495768129825592,0.02,1.0,0.0,0.0,0.17407406121492386,0.08975657448172569,1.9394017900088765,0.27890335274743727,0.27585059784048754,0.3000063137586116,0.3115292337374139,0.248772638393025,0.24872927471363518,0.26285955465595445,0.26857744626399993,0.08922841513061179,0.08596389358108109,0.11277185388513512,0.11568306587837837,0.0,0.0,0.0,0.0,2.0052550481365863,0.7638073881212387,0.1134453781512605,0.12658227848101267,1.3845312181289124
ours_middle10_reservoir2_motionpair1_reference,3,0,/apdcephfs_gy2/share_303214315/cedricnie/develop/training-free/runs/v161_state_matched_motion_moviebench16/full8/published_indexed/ours_middle10_reservoir2_motionpair1_reference/000003-0_v161.mp4,477,239,16.0,29.8125,0.022321251146206846,0.021338486203960345,0.034226954217050534,0.05019831563912186,0.28195565250240456,0.24728677421808243,0.5458890378475189,0.8235393762588501,0.05006832494262905,0.03825356066226959,0.14688846170902253,0.41162073612213135,0.024728677421808246,1.0,0.0,0.0,0.32254260778427124,0.2064356431365013,1.5624366164858294,0.40676357677669056,0.401691673290938,0.45008498733108104,0.4556336322535771,0.26842515056360194,0.2678268420526011,0.27474691570120013,0.2776881900941828,0.12721341650882054,0.12476245777027027,0.14234586148648648,0.14925570101351351,0.0,0.0,0.0,0.11297071129707113,1.604001047211031,0.5940004764649542,0.0546218487394958,0.08860759493670886,1.0990007618379927
ours_middle10_reservoir2_motionpair1_reference,4,0,/apdcephfs_gy2/share_303214315/cedricnie/develop/training-free/runs/v161_state_matched_motion_moviebench16/full8/published_indexed/ours_middle10_reservoir2_motionpair1_reference/000004-0_v161.mp4,477,239,16.0,29.8125,0.046171240241666245,0.043447870366713576,0.08019514270857268,0.12219575620165059,0.48019977176890655,0.292488768696785,1.5062537550926194,3.0536623001098633,0.09203980749920954,0.042932868003845215,0.32247431278228744,1.4199591875076294,0.0292488768696785,1.0,0.0,0.0,0.2584386020898819,0.3575023263692856,0.7229004765214455,0.35109800155573373,0.34567994005034447,0.42755719644276624,0.4535601318229995,0.2500609621862589,0.24892248614259718,0.264818346663024,0.26861422313552796,0.1627485634824155,0.16171347128378377,0.17557274070945944,0.18140308277027026,0.0,0.0,0.0,0.012552301255230125,1.8457784474060677,1.1025186171048764,0.046218487394957986,0.20253164556962025,1.4741485322554722
ours_middle10_reservoir2_motionpair1_reference,5,0,/apdcephfs_gy2/share_303214315/cedricnie/develop/training-free/runs/v161_state_matched_motion_moviebench16/full8/published_indexed/ours_middle10_reservoir2_motionpair1_reference/000005-0_v161.mp4,477,239,16.0,29.8125,0.023651829893731623,0.021209311952777934,0.042844332526711854,0.05382768967572381,0.25926108107346446,0.17128026485443115,0.6443156003952026,0.7848524451255798,0.04500590692341076,0.03176715970039368,0.1464799284934997,0.26424914598464966,0.02,1.0,0.0,0.0,0.15786782652139664,0.17836993932724,0.8850584751939065,0.21096823512920376,0.20588897721250662,0.24388954441573926,0.2579760366984632,0.22290905251757703,0.22278927776880814,0.2386588350877022,0.2468537561799787,0.16017910971248445,0.16464315878378377,0.1734375,0.17659945101351351,0.0,0.0,0.0,0.0,2.0200717789480307,0.8552061068914802,0.06722689075630252,0.12236286919831224,1.4376389429197554
ours_middle10_reservoir2_motionpair1_reference,6,0,/apdcephfs_gy2/share_303214315/cedricnie/develop/training-free/runs/v161_state_matched_motion_moviebench16/full8/published_indexed/ours_middle10_reservoir2_motionpair1_reference/000006-0_v161.mp4,477,239,16.0,29.8125,0.04153357923158529,0.03985860114004098,0.06300017674763995,0.07333472008798636,1.3136617342213623,1.1688292622566223,2.385373044013976,4.882676124572754,0.20094458136377455,0.12838900089263916,0.5933113098144522,1.3053536415100098,0.11688292622566224,1.0,0.0,0.0,1.1823338270187378,1.1638184189796448,1.0159091897302381,0.3315951827411956,0.3206917395336513,0.4042707401795177,0.422079627881558,0.2666759968934445,0.2655655252168247,0.2867071193060012,0.29068854085758966,0.12126492176014927,0.11470650337837837,0.15903980152027028,0.16844383445945946,0.0,0.0,0.0,0.06694560669456066,1.5805917655336759,0.5076116152918387,0.029411764705882353,0.11814345991561181,1.0441016904127574
ours_middle10_reservoir2_motionpair1_reference,7,0,/apdcephfs_gy2/share_303214315/cedricnie/develop/training-free/runs/v161_state_matched_motion_moviebench16/full8/published_indexed/ours_middle10_reservoir2_motionpair1_reference/000007-0_v161.mp4,477,239,16.0,29.8125,0.08894144964288853,0.08571910484164369,0.13350504108503752,0.15568392884497548,2.8033924230507443,2.3001797199249268,7.179607248306263,9.522025108337402,0.4741159843493111,0.3016589283943176,1.4250571489334105,3.182589054107666,0.2300179719924927,1.0,0.0,0.0,1.2677264213562012,2.613259792327881,0.48511304734341615,0.3788793752757803,0.3721367622217806,0.4550473842408585,0.4871342160174881,0.295417229147164,0.29831726859797064,0.3091131868582054,0.3205329408662103,0.1450852943359154,0.14080975506756757,0.1786475929054054,0.20278188344594594,0.0,0.0,0.0,0.1297071129707113,1.5574712467153375,0.6195416543277417,0.0546218487394958,0.12236286919831224,1.0885064505215396
ours_middle10_reservoir2_motionpair1_reference,8,0,/apdcephfs_gy2/share_303214315/cedricnie/develop/training-free/runs/v161_state_matched_motion_moviebench16/full8/published_indexed/ours_middle10_reservoir2_motionpair1_reference/000008-0_v161.mp4,477,239,16.0,29.8125,0.083150705220299,0.08101613287832223,0.11826118955425186,0.13532144883099725,4.000844628370109,3.8943610191345215,6.672412180900571,9.328174591064453,1.4871126257417575,1.2129323482513428,4.299433231353758,6.604618668556213,0.3894361019134522,1.0,0.0,0.0,4.074896812438965,3.718387007713318,1.0958775415216633,0.32373475291606524,0.3220520957538421,0.36935389548555914,0.4031075077835188,0.22805971117006552,0.22566820375782579,0.25515899908771783,0.2631608947111215,0.11285365189980777,0.11679159628378379,0.14171505489864866,0.15263407939189189,0.0,0.0,0.0,0.0,1.459723950683598,1.1040150644043933,0.07563025210084033,0.06751054852320675,1.2818695075439956
ours_middle10_reservoir2_motionpair1_reference,9,0,/apdcephfs_gy2/share_303214315/cedricnie/develop/training-free/runs/v161_state_matched_motion_moviebench16/full8/published_indexed/ours_middle10_reservoir2_motionpair1_reference/000009-0_v161.mp4,477,239,16.0,29.8125,0.09291451833338099,0.09270207274193858,0.12471596063352099,0.14390142104204964,2.0986152639409075,2.000550389289856,3.438498306274413,4.680506706237793,0.6483074190244393,0.5019135475158691,1.73272385597229,2.725606918334961,0.2000550389289856,1.0,0.0,0.0,1.8076540231704712,2.0251643657684326,0.8925962029183597,0.3374780480067041,0.34353274460121885,0.3722197312201908,0.3856046303656598,0.3144516333694433,0.3229854683607685,0.33698610477821545,0.3442997931266046,0.15427788045629315,0.1570945945945946,0.17266944679054053,0.18298669763513514,0.0,0.0,0.0,0.008368200836820083,1.345341662216138,0.8661235754163445,0.025210084033613446,0.0759493670886076,1.1057326188162413
ours_middle10_reservoir2_motionpair1_reference,10,0,/apdcephfs_gy2/share_303214315/cedricnie/develop/training-free/runs/v161_state_matched_motion_moviebench16/full8/published_indexed/ours_middle10_reservoir2_motionpair1_reference/000010-0_v161.mp4,477,239,16.0,29.8125,0.09792652849821856,0.09334561217064952,0.15243784736184504,0.18901561662262562,3.331836197306128,2.983897089958191,6.4165550708770756,8.9501953125,0.8630864781166431,0.6612436771392822,2.4223806381225583,4.525557518005371,0.2983897089958191,1.0,0.0,0.0,3.8547927141189575,2.740520715713501,1.406591343030718,0.47126312927459524,0.47649646429517756,0.5285116711380499,0.545204855590885,0.31674408172177754,0.3125232241212092,0.3521545215231749,0.36123384900442446,0.1354580423781522,0.13640202702702703,0.15580658783783785,0.2453811233108108,0.0,0.0,0.0,0.03347280334728033,1.6330478082158402,0.8118177554697437,0.06302521008403361,0.10126582278481013,1.2224327818427918
ours_middle10_reservoir2_motionpair1_reference,11,0,/apdcephfs_gy2/share_303214315/cedricnie/develop/training-free/runs/v161_state_matched_motion_moviebench16/full8/published_indexed/ours_middle10_reservoir2_motionpair1_reference/000011-0_v161.mp4,477,239,16.0,29.8125,0.06656540384951012,0.06449338875564875,0.09353530135809206,0.11681612800149356,3.9437914485690975,3.558705687522888,7.681240725517268,11.596656799316406,0.9449687014149211,0.7280068397521973,2.727267265319824,4.244592666625977,0.35587056875228884,1.0,0.0,0.0,2.7362273931503296,3.7511229515075684,0.7294422039807161,0.20467162963865293,0.20832774410439853,0.2566811676106253,0.2794700375927398,0.1799869928161898,0.1814745145387061,0.21779153792397857,0.23531293173914117,0.1073949292519507,0.10541596283783784,0.14373680320945945,0.173828125,0.0,0.0,0.0,0.029288702928870293,1.4503083674588215,0.7663649384892506,0.03361344537815126,0.0970464135021097,1.1083366529740362
ours_middle10_reservoir2_motionpair1_reference,12,0,/apdcephfs_gy2/share_303214315/cedricnie/develop/training-free/runs/v161_state_matched_motion_moviebench16/full8/published_indexed/ours_middle10_reservoir2_motionpair1_reference/000012-0_v161.mp4,477,239,16.0,29.8125,0.054199359789773055,0.055747488433239505,0.07557160396201937,0.08171225155101103,2.2968896930458165,2.0640257596969604,3.8923446059226987,5.159531593322754,0.29245407420371655,0.23343098163604736,0.7910063982009887,1.8977789878845215,0.20640257596969605,1.0,0.0,0.0,1.4705286622047424,2.5500214099884033,0.5766730649572978,0.2986032375710377,0.29128711662029677,0.3704437537261526,0.38014115908187596,0.1994661039988409,0.19426977248022395,0.26534641765650646,0.27681177582877725,0.11796704932573787,0.11990603885135136,0.1393290751689189,0.14740815033783783,0.0,0.0,0.0,0.0,1.3556055364273543,0.38323475106101584,0.01680672268907563,0.0759493670886076,0.8694201437441851
ours_middle10_reservoir2_motionpair1_reference,13,0,/apdcephfs_gy2/share_303214315/cedricnie/develop/training-free/runs/v161_state_matched_motion_moviebench16/full8/published_indexed/ours_middle10_reservoir2_motionpair1_reference/000013-0_v161.mp4,477,239,16.0,29.8125,0.03236175429430132,0.028505171046537513,0.06984619552013914,0.10878978804046033,0.6234632431678161,0.4854366183280945,1.2976662874221785,6.085964202880859,0.22861346649595454,0.07781720161437988,0.7481635093688963,5.766797721385956,0.04854366183280945,0.9915966386554622,0.008403361344537815,0.004201680672268907,0.4522976726293564,0.49986906349658966,0.9048322964128429,0.32650458050000225,0.3348207927596714,0.3874208710088765,0.4064851616322204,0.27640418378407583,0.28265275816116486,0.3161999498877549,0.32908232617730077,0.10682277383947757,0.10887352195945946,0.13074852195945944,0.14487436655405406,0.0,0.0,0.0,0.0502092050209205,2.450299119626692,1.541217702005396,0.09243697478991597,0.18565400843881857,1.995758410816044
ours_middle10_reservoir2_motionpair1_reference,14,0,/apdcephfs_gy2/share_303214315/cedricnie/develop/training-free/runs/v161_state_matched_motion_moviebench16/full8/published_indexed/ours_middle10_reservoir2_motionpair1_reference/000014-0_v161.mp4,477,239,16.0,29.8125,0.02169790468296083,0.019629941267125747,0.03942571097729252,0.050881026772891774,0.2973664148139353,0.27741898596286774,0.49533749967813484,0.7773197293281555,0.05142312210823413,0.03852394223213196,0.14475887417793273,0.4286586046218872,0.027741898596286774,1.0,0.0,0.0,0.3571808934211731,0.24773753434419632,1.441771406850771,0.3798319299890741,0.3677551172496025,0.4482961442600689,0.45569563129305773,0.20699382462831714,0.20399559322613425,0.2378295627585797,0.24133483344578643,0.11858536589675449,0.11650126689189189,0.13431693412162163,0.13917335304054054,0.0,0.0,0.0,0.0,2.0084477299643653,0.5218059379587977,0.14705882352941177,0.12236286919831224,1.2651268339615815
ours_middle10_reservoir2_motionpair1_reference,15,0,/apdcephfs_gy2/share_303214315/cedricnie/develop/training-free/runs/v161_state_matched_motion_moviebench16/full8/published_indexed/ours_middle10_reservoir2_motionpair1_reference/000015-0_v161.mp4,477,239,16.0,29.8125,0.03585450696010215,0.030221116309072454,0.08047466278076168,0.14444129794251684,0.3443194539794902,0.21427088230848312,1.0434903800487487,3.7466626167297363,0.118752641674084,0.05153101682662964,0.45497641563415486,1.5338523387908936,0.021427088230848313,1.0,0.0,0.0,0.2742268145084381,0.18694622814655304,1.4668753535560133,0.2676697816852202,0.2612077495694224,0.3151115982710652,0.38088007584790673,0.19379746648627155,0.19015932909507927,0.2161831912114063,0.25386044620340875,0.11123525051594482,0.10889991554054054,0.13280986064189187,0.17377533783783783,0.0,0.0,0.0,0.07112970711297072,2.662862018654254,2.123370243928575,0.07983193277310924,0.16877637130801687,2.3931161312914146
ours_middle10_reservoir2_statemotionpair1,0,0,/apdcephfs_gy2/share_303214315/cedricnie/develop/training-free/runs/v161_state_matched_motion_moviebench16/full8/published_indexed/ours_middle10_reservoir2_statemotionpair1/000000-0_v161.mp4,477,239,16.0,29.8125,0.06101018610533309,0.06081712573182349,0.09256120644363698,0.11745206047506894,0.9804027612720217,0.8944480419158936,1.7734488725662223,2.963160514831543,0.18265828779478113,0.10805818438529968,0.5622910141944883,1.5899917483329773,0.08944480419158936,1.0,0.0,0.0,1.0025105774402618,0.8815305233001709,1.1372386445419722,0.32802540337031283,0.3228565307034976,0.3881596635698198,0.3946543165408055,0.28323652970520274,0.28586356255696577,0.3231520762041579,0.32675088815500114,0.1670818594156395,0.16559332770270271,0.18931059966216215,0.19449429898648649,0.0,0.0,0.0,0.05439330543933055,1.521959568622016,0.6286458104263607,0.029411764705882353,0.1940928270042194,1.0753026895241884
ours_middle10_reservoir2_statemotionpair1,1,0,/apdcephfs_gy2/share_303214315/cedricnie/develop/training-free/runs/v161_state_matched_motion_moviebench16/full8/published_indexed/ours_middle10_reservoir2_statemotionpair1/000001-0_v161.mp4,477,239,16.0,29.8125,0.02322883857771678,0.022261743919522153,0.03701719489752076,0.049236450943292355,0.5242080926081213,0.526257187128067,0.9104136615991592,1.1141338348388672,0.12173451961092809,0.06554925441741943,0.3736759424209595,0.5296221971511841,0.052625718712806704,1.0,0.0,0.0,0.5886752903461456,0.49738162755966187,1.1835485223577804,0.3534646329218248,0.32223798936804454,0.5025284326145999,0.5077295931041336,0.23401901672396455,0.23224354810563308,0.2546832522085722,0.25795974803356797,0.10500923664904444,0.09937183277027027,0.14880437077702702,0.15316195101351351,0.0,0.0,0.0,0.1799163179916318,1.662816490538237,0.7100633522179789,0.06722689075630252,0.2109704641350211,1.186439921378108
ours_middle10_reservoir2_statemotionpair1,2,0,/apdcephfs_gy2/share_303214315/cedricnie/develop/training-free/runs/v161_state_matched_motion_moviebench16/full8/published_indexed/ours_middle10_reservoir2_statemotionpair1/000002-0_v161.mp4,477,239,16.0,29.8125,0.01237490729889655,0.011230572064717611,0.021976517509011653,0.03284882938160616,0.11939133008738526,0.10182546079158783,0.2305910073220729,0.3396680951118469,0.029025648433699387,0.021160557866096497,0.07636493444442746,0.173052079975605,0.02,1.0,0.0,0.0,0.18609241396188736,0.08846831694245338,2.103492192384944,0.27949913397699633,0.27715837390699527,0.3051345451609698,0.3153638588036566,0.2541906149863349,0.2587338523416688,0.26954730969829443,0.27479433149321464,0.0885415194221418,0.08870882601351351,0.10793127111486486,0.11283255912162163,0.0,0.0,0.0,0.0,1.9568475570406525,0.7499591344912062,0.09243697478991597,0.10970464135021098,1.3534033457659294
ours_middle10_reservoir2_statemotionpair1,3,0,/apdcephfs_gy2/share_303214315/cedricnie/develop/training-free/runs/v161_state_matched_motion_moviebench16/full8/published_indexed/ours_middle10_reservoir2_statemotionpair1/000003-0_v161.mp4,477,239,16.0,29.8125,0.02163763390005391,0.020855120116589118,0.032603835311590446,0.04518777809891046,0.27045044043109195,0.23680907487869263,0.5289799571037291,0.8352357149124146,0.0512397760831857,0.034166425466537476,0.16534181237220757,0.27981412410736084,0.023680907487869263,1.0,0.0,0.0,0.2188376933336258,0.24309330433607101,0.9002209827675369,0.39736089264065627,0.38728760930047695,0.44993664505498143,0.4569911938593005,0.263262472745878,0.26334078422419327,0.26951389668274656,0.2742650194878417,0.130695270977044,0.1301467483108108,0.1455685177364865,0.1492820945945946,0.0,0.0,0.0,0.0,1.5633491981499479,0.6982072475765773,0.0546218487394958,0.1308016877637131,1.1307782228632626
ours_middle10_reservoir2_statemotionpair1,4,0,/apdcephfs_gy2/share_303214315/cedricnie/develop/training-free/runs/v161_state_matched_motion_moviebench16/full8/published_indexed/ours_middle10_reservoir2_statemotionpair1/000004-0_v161.mp4,477,239,16.0,29.8125,0.04855946202041643,0.04320417104982863,0.09224922404569738,0.1446674571317785,0.6512922008498376,0.5267256498336792,1.51187969446182,3.1162071228027344,0.12951280459572997,0.0704299807548523,0.44526422023773177,1.137858510017395,0.05267256498336792,1.0,0.0,0.0,0.6743866801261902,0.48353180289268494,1.394710081305373,0.3407085924490514,0.34214061257949124,0.4284871509837043,0.45363206726947536,0.24583101613393624,0.2485172528227688,0.26023513595851877,0.2657532898601002,0.15103080738295827,0.15160472972972974,0.17642261402027026,0.17934438344594594,0.0,0.0,0.0,0.0,2.1351925474812066,0.8453437199770507,0.1134453781512605,0.189873417721519,1.4902681337291286
ours_middle10_reservoir2_statemotionpair1,5,0,/apdcephfs_gy2/share_303214315/cedricnie/develop/training-free/runs/v161_state_matched_motion_moviebench16/full8/published_indexed/ours_middle10_reservoir2_statemotionpair1/000005-0_v161.mp4,477,239,16.0,29.8125,0.02691820273978409,0.025339753020043466,0.04391492376140518,0.05313804102878945,0.24551974401316223,0.15352940559387207,0.6279198199510571,0.7955792546272278,0.039402936832814275,0.025396525859832764,0.1328958451747894,0.24459406733512878,0.02,1.0,0.0,0.0,0.15940086543560028,0.1395246908068657,1.142456324495625,0.2235112404911218,0.22345902888182298,0.24629508644674086,0.25757216315580284,0.23329807241093017,0.2339201973942078,0.2546670101967513,0.2738685068658337,0.17625655532624676,0.18509818412162163,0.1971099028716216,0.19966744087837837,0.0,0.0,0.0,0.0,1.7330446641160613,0.8656051566195457,0.05042016806722689,0.1350210970464135,1.2993249103678035
ours_middle10_reservoir2_statemotionpair1,6,0,/apdcephfs_gy2/share_303214315/cedricnie/develop/training-free/runs/v161_state_matched_motion_moviebench16/full8/published_indexed/ours_middle10_reservoir2_statemotionpair1/000006-0_v161.mp4,477,239,16.0,29.8125,0.04105114164885117,0.04026283937342026,0.06431415969250248,0.07348439085717294,1.2357508150093697,0.9252567887306213,2.8408114314079262,4.5380401611328125,0.1738315897400369,0.09121716022491455,0.6739370346069334,1.6829643249511719,0.09252567887306214,1.0,0.0,0.0,1.7322496175765991,0.8869500160217285,1.9530408549360265,0.3189365297971643,0.3033290068561208,0.40468231443759933,0.42204495396131425,0.26923528683270576,0.2705112227404748,0.2866853601360993,0.2937445455490839,0.1264326524157526,0.12201752533783784,0.15720016891891891,0.16583086993243243,0.0,0.0,0.0,0.12552301255230125,1.5973577793661475,0.7283783732422233,0.07563025210084033,0.14345991561181434,1.1628680763041854
ours_middle10_reservoir2_statemotionpair1,7,0,/apdcephfs_gy2/share_303214315/cedricnie/develop/training-free/runs/v161_state_matched_motion_moviebench16/full8/published_indexed/ours_middle10_reservoir2_statemotionpair1/000007-0_v161.mp4,477,239,16.0,29.8125,0.09015349892380407,0.08815606435139975,0.13261450075635717,0.16435407750746783,2.477835263775176,1.9210529327392578,6.287698841094969,9.103843688964844,0.5386052408298863,0.31369590759277344,1.7206033706665034,4.5527496337890625,0.19210529327392578,1.0,0.0,0.0,1.2548789978027344,2.228224515914917,0.5631743968526782,0.3844530590864215,0.3734351194024907,0.4508286135400106,0.4871600920773715,0.3038669152273911,0.3041941486751966,0.3213045294553991,0.32627568426925374,0.15652685651786724,0.15411211993243243,0.17873205236486484,0.20278188344594594,0.0,0.0,0.0,0.11715481171548117,1.5043151226413785,0.8956564087034653,0.058823529411764705,0.16877637130801687,1.1999857656724218
ours_middle10_reservoir2_statemotionpair1,8,0,/apdcephfs_gy2/share_303214315/cedricnie/develop/training-free/runs/v161_state_matched_motion_moviebench16/full8/published_indexed/ours_middle10_reservoir2_statemotionpair1/000008-0_v161.mp4,477,239,16.0,29.8125,0.08237686058229228,0.08213589238185509,0.10961871390249214,0.131755095837163,4.289476465778191,4.19946813583374,7.397127389907836,8.954736709594727,1.590416934419785,1.2952208518981934,4.500107288360596,6.476181268692017,0.41994681358337405,1.0,0.0,0.0,4.391415357589722,4.063174247741699,1.0807844039744192,0.3355080189021781,0.3370575193759936,0.3781978255829359,0.4032775652490726,0.23540855338817712,0.23239265403984816,0.2598871835180008,0.26959746921189337,0.09221453409476423,0.09018686655405406,0.11369826858108105,0.13912056587837837,0.0,0.0,0.0,0.05439330543933055,1.334601849735407,1.0715898163297215,0.008403361344537815,0.0759493670886076,1.2030958330325643
ours_middle10_reservoir2_statemotionpair1,9,0,/apdcephfs_gy2/share_303214315/cedricnie/develop/training-free/runs/v161_state_matched_motion_moviebench16/full8/published_indexed/ours_middle10_reservoir2_statemotionpair1/000009-0_v161.mp4,477,239,16.0,29.8125,0.09012712810828749,0.08769417557061887,0.12793796464508655,0.16428834503772213,2.183304224945918,1.9949506521224976,4.311377382278442,6.358774185180664,0.7247245623592586,0.46408534049987793,2.185132908821106,4.07602596282959,0.19949506521224977,1.0,0.0,0.0,1.6215954422950745,2.1067782640457153,0.7697038981126906,0.3317972074261684,0.3280016229464759,0.372290041650106,0.3856734606849497,0.30902595144831424,0.3133374079226382,0.33394649474648996,0.34228263520708563,0.1520113454851295,0.15147276182432431,0.1680637668918919,0.18325063344594594,0.0,0.0,0.0,0.08368200836820083,1.4589106267617504,1.0953318100857616,0.04201680672268908,0.15611814345991562,1.2771212184237561
ours_middle10_reservoir2_statemotionpair1,10,0,/apdcephfs_gy2/share_303214315/cedricnie/develop/training-free/runs/v161_state_matched_motion_moviebench16/full8/published_indexed/ours_middle10_reservoir2_statemotionpair1/000010-0_v161.mp4,477,239,16.0,29.8125,0.09274365449780626,0.08936054379332299,0.1382277342852424,0.18846827488319545,3.0497511735483376,2.648608684539795,6.204658222198486,8.920522689819336,0.701876163482666,0.46300554275512695,2.0151911735534664,3.882737874984741,0.2648608684539795,1.0,0.0,0.0,2.5800235271453857,2.6510913372039795,0.9731929982715923,0.4845540818226392,0.486667929418389,0.523405765600159,0.5429222765964493,0.3206803472168112,0.32155818174429995,0.3454752884004891,0.35766198575771996,0.14064962664678277,0.13875105574324326,0.17518475506756756,0.24490603885135134,0.0,0.0,0.0,0.029288702928870293,1.5468542201907545,0.7608489639546784,0.06722689075630252,0.15611814345991562,1.1538515920727164
ours_middle10_reservoir2_statemotionpair1,11,0,/apdcephfs_gy2/share_303214315/cedricnie/develop/training-free/runs/v161_state_matched_motion_moviebench16/full8/published_indexed/ours_middle10_reservoir2_statemotionpair1/000011-0_v161.mp4,477,239,16.0,29.8125,0.06043379580607267,0.059439017725925816,0.09213832892623598,0.11809491924211091,4.020796575967004,3.1805338859558105,9.173850345611571,12.447917938232422,1.1734834220338974,0.7859561443328857,3.850384330749509,7.748701095581055,0.3180533885955811,1.0,0.0,0.0,3.76934814453125,3.1245028972625732,1.2063833091125107,0.1852541147742315,0.18243274294515105,0.23221369692302596,0.2794714866520933,0.17565944614921358,0.17692069943841068,0.2028943891347124,0.21369880238599873,0.11091046590523577,0.10831925675675676,0.14357052364864864,0.15432326858108109,0.0,0.0,0.0,0.0041841004184100415,1.550132092543776,1.2106094350233265,0.037815126050420166,0.11392405063291139,1.3803707637835512
ours_middle10_reservoir2_statemotionpair1,12,0,/apdcephfs_gy2/share_303214315/cedricnie/develop/training-free/runs/v161_state_matched_motion_moviebench16/full8/published_indexed/ours_middle10_reservoir2_statemotionpair1/000012-0_v161.mp4,477,239,16.0,29.8125,0.04633229591245804,0.04050426296159333,0.10316461937100269,0.1402817819632736,2.1781371510705028,1.5570335388183594,7.141364932060241,9.976932525634766,0.3728261185723518,0.19583141803741455,1.458105659484863,4.418970108032227,0.15570335388183595,0.9957983193277311,0.004201680672268907,0.004201680672268907,0.7722550630569458,1.888359010219574,0.4089556376078878,0.3425733477813126,0.3447068966944886,0.42221193735095386,0.4267340065249073,0.2622173112978152,0.26622849384399255,0.31238216599479623,0.3198240121657891,0.09749258771061857,0.10222233952702703,0.13796980574324325,0.14643158783783783,0.0,0.0,0.0,0.0,2.5470064587726164,0.936463873855554,0.10504201680672269,0.13924050632911392,1.7417351663140852
ours_middle10_reservoir2_statemotionpair1,13,0,/apdcephfs_gy2/share_303214315/cedricnie/develop/training-free/runs/v161_state_matched_motion_moviebench16/full8/published_indexed/ours_middle10_reservoir2_statemotionpair1/000013-0_v161.mp4,477,239,16.0,29.8125,0.02863955432234535,0.023453284244911346,0.062463089625040685,0.13136002783681833,0.5028022835290396,0.4020284116268158,1.2792083084583266,2.6496047973632812,0.1820394614316476,0.07240153849124908,0.7749227344989774,2.0233445167541504,0.04020284116268158,0.9453781512605042,0.0546218487394958,0.029411764705882353,0.5047104358673096,0.3677353709936142,1.3724827027206854,0.2886970707035641,0.2954174532988871,0.3787521321873344,0.4055323016030737,0.2766687513492031,0.2893380684798546,0.3115185008842362,0.3238771029147713,0.0927810574041615,0.09934543918918919,0.12140783361486486,0.12795608108108109,0.0,0.0,0.0,0.0,2.663298196225686,1.9275322641084929,0.1092436974789916,0.18565400843881857,2.2954152301670896
ours_middle10_reservoir2_statemotionpair1,14,0,/apdcephfs_gy2/share_303214315/cedricnie/develop/training-free/runs/v161_state_matched_motion_moviebench16/full8/published_indexed/ours_middle10_reservoir2_statemotionpair1/000014-0_v161.mp4,477,239,16.0,29.8125,0.021421218680518328,0.01932832960988961,0.03332248650345147,0.04150706272499234,0.29628003257162433,0.2831115275621414,0.4754959225654602,0.7430154085159302,0.05002303999939045,0.035597532987594604,0.13195332288742062,0.28815990686416626,0.028311152756214143,1.0,0.0,0.0,0.27342987060546875,0.28448447585105896,0.9611416221833566,0.3781256058679126,0.36527080849231586,0.44857128958002124,0.4560743533055114,0.2056883871230983,0.20694193721627724,0.23814443499304042,0.24178406399315783,0.11954481122073957,0.12130489864864864,0.13644161739864866,0.13967483108108109,0.0,0.0,0.0,0.0,1.7240230881825174,0.4660824800164931,0.10504201680672269,0.12236286919831224,1.0950527840995052
ours_middle10_reservoir2_statemotionpair1,15,0,/apdcephfs_gy2/share_303214315/cedricnie/develop/training-free/runs/v161_state_matched_motion_moviebench16/full8/published_indexed/ours_middle10_reservoir2_statemotionpair1/000015-0_v161.mp4,477,239,16.0,29.8125,0.033550817783001834,0.02666797076954561,0.0823740794611912,0.14681879679361978,0.3327061356741841,0.19204340875148773,1.2100636601448054,4.424570083618164,0.11307888361723614,0.04731625318527222,0.404951286315918,2.1249027252197266,0.02,1.0,0.0,0.0,0.15574543923139572,0.22234327346086502,0.7004729075323645,0.2663800500021619,0.25943037476815045,0.30501775097707995,0.4074400917461579,0.18867309556814565,0.18599319368648948,0.21453479337770037,0.2660688698405689,0.10970630018093407,0.10768581081081081,0.1325907939189189,0.17461993243243243,0.0,0.0,0.0,0.05439330543933055,3.0888769217964294,2.108644545254568,0.13025210084033614,0.14767932489451477,2.5987607335254985
ours_middle10_reservoir4_reference,0,0,/apdcephfs_gy2/share_303214315/cedricnie/develop/training-free/runs/v161_state_matched_motion_moviebench16/full8/published_indexed/ours_middle10_reservoir4_reference/000000-0_v161.mp4,477,239,16.0,29.8125,0.0589075314544889,0.058660148171817555,0.08008587481928806,0.09341857760560279,1.0046176766397572,1.0063154101371765,1.5717437386512754,1.869292974472046,0.14771869942105773,0.10941284894943237,0.4341071844100951,0.8631801605224609,0.10063154101371766,1.0,0.0,0.0,0.6683924198150635,1.1024643182754517,0.6062712495408537,0.32940576189306153,0.3274860683293588,0.37622232296634867,0.3907290217607313,0.2598411226457765,0.2605839527693038,0.27657311472972396,0.2889322402933531,0.17835810280730524,0.17876372466216217,0.18595597550675677,0.18797508445945946,0.0,0.0,0.0,0.0,1.3652518330624366,0.43138282494443714,0.046218487394957986,0.11392405063291139,0.8983173290034369
ours_middle10_reservoir4_reference,1,0,/apdcephfs_gy2/share_303214315/cedricnie/develop/training-free/runs/v161_state_matched_motion_moviebench16/full8/published_indexed/ours_middle10_reservoir4_reference/000001-0_v161.mp4,477,239,16.0,29.8125,0.021938138484247714,0.02133030891418457,0.03101264364579144,0.03881160511690027,0.5437283023190098,0.5656951367855072,0.8569971442222593,1.1198736429214478,0.08738225066586386,0.055552780628204346,0.24860055446624754,0.326472744345665,0.056569513678550724,1.0,0.0,0.0,0.6346301436424255,0.5423480868339539,1.170152820759788,0.3877564475605774,0.3723142719925808,0.5012420405239798,0.5076386128775834,0.25645206422021277,0.2548402530747504,0.2671536316309657,0.2709276208037981,0.11296474789381433,0.10721072635135136,0.14852723817567567,0.15126161317567569,0.0,0.0,0.0,0.200836820083682,1.4539237931602649,0.43946029990444946,0.037815126050420166,0.16033755274261605,0.9466920465323572
ours_middle10_reservoir4_reference,2,0,/apdcephfs_gy2/share_303214315/cedricnie/develop/training-free/runs/v161_state_matched_motion_moviebench16/full8/published_indexed/ours_middle10_reservoir4_reference/000002-0_v161.mp4,477,239,16.0,29.8125,0.01220426661195502,0.011143991058947993,0.02197880445742139,0.03158276501823874,0.14868855881778634,0.1372082456946373,0.29290688037872314,0.387153685092926,0.032390576186059394,0.022475242614746094,0.09871637001633643,0.16827356070280075,0.02,1.0,0.0,0.0,0.20944707840681076,0.102674949914217,2.0399043640323162,0.2783481880539166,0.27723993524774776,0.2939559941375199,0.3006384141494436,0.2533422169975841,0.25501259432504453,0.2671401745221348,0.26890774980799387,0.08582839180707906,0.0853832347972973,0.10142261402027027,0.10705236486486487,0.0,0.0,0.0,0.0,1.972256110145894,0.7194638304467055,0.1092436974789916,0.11814345991561181,1.3458599702962997
ours_middle10_reservoir4_reference,3,0,/apdcephfs_gy2/share_303214315/cedricnie/develop/training-free/runs/v161_state_matched_motion_moviebench16/full8/published_indexed/ours_middle10_reservoir4_reference/000003-0_v161.mp4,477,239,16.0,29.8125,0.024769032486660864,0.02358276890773399,0.040211485694436465,0.05070569281484567,0.38964470657480865,0.3439817726612091,0.8164133250713347,1.2375247478485107,0.06992894838630902,0.046900540590286255,0.1922646045684814,0.6015430688858032,0.03439817726612091,1.0,0.0,0.0,0.3254393935203552,0.35454829037189484,0.9178986399257305,0.40528000027508754,0.40143560380233173,0.4492385503610228,0.4556220397787493,0.26913372525646767,0.2681624109790934,0.27805176493965594,0.28051412949025833,0.1256306851111048,0.1220703125,0.14483213682432433,0.15120882601351351,0.0,0.0,0.0,0.17573221757322174,1.7051214745715917,0.5589383503696419,0.1092436974789916,0.11814345991561181,1.1320299124706168
ours_middle10_reservoir4_reference,4,0,/apdcephfs_gy2/share_303214315/cedricnie/develop/training-free/runs/v161_state_matched_motion_moviebench16/full8/published_indexed/ours_middle10_reservoir4_reference/000004-0_v161.mp4,477,239,16.0,29.8125,0.050839105943298595,0.04705085380404603,0.09065004535749845,0.12153871573653875,0.884011440292126,0.8170558512210846,1.9081983208656308,3.125570774078369,0.14358034843130957,0.08264589309692383,0.46775308847427355,1.401570439338684,0.08170558512210846,1.0,0.0,0.0,0.9476897120475769,0.6690331697463989,1.4165063182245574,0.3277894518145237,0.32968004769475356,0.4308304455650503,0.45360505266295703,0.23600131664895235,0.23933086047218574,0.25350779487671443,0.2625855465985954,0.14693891884824153,0.14764569256756757,0.17579180743243242,0.17908044763513514,0.0,0.0,0.0,0.0,1.9266397531282038,0.5724860641720142,0.05042016806722689,0.14767932489451477,1.249562908650109
ours_middle10_reservoir4_reference,5,0,/apdcephfs_gy2/share_303214315/cedricnie/develop/training-free/runs/v161_state_matched_motion_moviebench16/full8/published_indexed/ours_middle10_reservoir4_reference/000005-0_v161.mp4,477,239,16.0,29.8125,0.02601895142591536,0.024900221357158588,0.04019036610921224,0.05089417251886106,0.2686621147450529,0.21283528208732605,0.59576658308506,0.7038009762763977,0.04505457226108398,0.03171181678771973,0.1531851530075073,0.24508440494537354,0.021283528208732607,1.0,0.0,0.0,0.19291844964027405,0.23580074310302734,0.8181418222078422,0.21794221870198097,0.21846381077768948,0.24356029742978272,0.257229667627186,0.226544071666007,0.22486524734370716,0.24830675438785524,0.2599054996315724,0.15977083745618,0.16168707770270271,0.1731102195945946,0.1798194679054054,0.0,0.0,0.0,0.012552301255230125,1.6140565793668287,0.71973571066406,0.029411764705882353,0.15611814345991562,1.1668961450154443
ours_middle10_reservoir4_reference,6,0,/apdcephfs_gy2/share_303214315/cedricnie/develop/training-free/runs/v161_state_matched_motion_moviebench16/full8/published_indexed/ours_middle10_reservoir4_reference/000006-0_v161.mp4,477,239,16.0,29.8125,0.051418004980352844,0.051521202162200325,0.08731401144289501,0.11730321996352251,1.8875849573802548,1.6103901863098145,4.240886306762694,6.12780237197876,0.27514158421930884,0.17547845840454102,0.962984323501586,1.860426902770996,0.16103901863098147,1.0,0.0,0.0,3.097437620162964,1.3318487405776978,2.3256677172059574,0.3143055335843627,0.2860925493508214,0.4092443362480127,0.422174851781929,0.2652687368194374,0.26838514695830606,0.2849683598355984,0.28916960210727943,0.12167474008396473,0.11874472128378379,0.1533572635135135,0.16472233952702703,0.0,0.0,0.0,0.03347280334728033,1.6947199944599678,0.5979819870290258,0.02100840336134454,0.1350210970464135,1.1463509907444969
ours_middle10_reservoir4_reference,7,0,/apdcephfs_gy2/share_303214315/cedricnie/develop/training-free/runs/v161_state_matched_motion_moviebench16/full8/published_indexed/ours_middle10_reservoir4_reference/000007-0_v161.mp4,477,239,16.0,29.8125,0.08601059601715083,0.08302706176159429,0.12079361635095931,0.15492969587737437,2.1006201669699003,1.8520616292953491,4.675354146957392,7.5000152587890625,0.33577401728569706,0.22696161270141602,0.9485398292541504,2.1944820880889893,0.18520616292953493,1.0,0.0,0.0,1.048523485660553,2.1726120710372925,0.4826096198388264,0.37233698835818957,0.3669043124006359,0.4454983211612347,0.48720801454027557,0.2930303879963015,0.29382385761498697,0.3036072507741855,0.30744910021741684,0.16747710053149384,0.1677048141891892,0.1853568412162162,0.20333614864864866,0.0,0.0,0.0,0.03347280334728033,1.4548704216199861,0.5121534911422142,0.03361344537815126,0.16033755274261605,0.9835119563811001
ours_middle10_reservoir4_reference,8,0,/apdcephfs_gy2/share_303214315/cedricnie/develop/training-free/runs/v161_state_matched_motion_moviebench16/full8/published_indexed/ours_middle10_reservoir4_reference/000008-0_v161.mp4,477,239,16.0,29.8125,0.07907283188660703,0.0791149662990196,0.10356880374983245,0.12568395278033087,3.9918497480264232,3.9151642322540283,6.273402333259579,8.031761169433594,1.3523873407629472,1.058887004852295,3.2848855972290028,5.117850303649902,0.39151642322540287,1.0,0.0,0.0,4.547294616699219,3.602426052093506,1.2622867342569362,0.31641111556540236,0.3150136004570747,0.3681487231717011,0.4032685603802331,0.23415189781132387,0.2352204089146888,0.2610166277044947,0.27139124064188813,0.08947810503364242,0.08994932432432433,0.12213629645270269,0.14009712837837837,0.0,0.0,0.0,0.0041841004184100415,1.3090924333884963,0.8390160418220405,0.008403361344537815,0.08438818565400844,1.0740542376052684
ours_middle10_reservoir4_reference,9,0,/apdcephfs_gy2/share_303214315/cedricnie/develop/training-free/runs/v161_state_matched_motion_moviebench16/full8/published_indexed/ours_middle10_reservoir4_reference/000009-0_v161.mp4,477,239,16.0,29.8125,0.08005243604040593,0.0804812749226888,0.10631719664031382,0.12762300079944086,1.92370681527282,1.802137553691864,3.2861571192741392,5.330839157104492,0.6974302897473428,0.519323468208313,1.8753883242607103,3.290771484375,0.1802137553691864,1.0,0.0,0.0,1.5011319518089294,1.9672659635543823,0.7630549095134755,0.3196197721091292,0.3201508263778485,0.341513221631558,0.35135932117779545,0.31085029211086607,0.31655307113479575,0.3290035692844889,0.3320531983537126,0.14372850966159675,0.14141680743243243,0.16578600084459458,0.18298669763513514,0.0,0.0,0.0,0.05439330543933055,1.3210177987667726,1.0406466034841706,0.008403361344537815,0.08860759493670886,1.1808322011254715
ours_middle10_reservoir4_reference,10,0,/apdcephfs_gy2/share_303214315/cedricnie/develop/training-free/runs/v161_state_matched_motion_moviebench16/full8/published_indexed/ours_middle10_reservoir4_reference/000010-0_v161.mp4,477,239,16.0,29.8125,0.10510223712063167,0.10137945436963848,0.14634615879432808,0.18846827488319545,3.6554416052433623,3.3584518432617188,6.424812459945677,9.763566970825195,0.8102659474948287,0.5796523094177246,2.1136064529418945,5.980451822280884,0.3358451843261719,1.0,0.0,0.0,3.6227469444274902,3.2977718114852905,1.0985438506722616,0.4824506115013149,0.4896149021263911,0.5170731381657393,0.5443132700715422,0.32303906655775794,0.32291263767199235,0.3501265021061202,0.36308957843038464,0.14862037769987563,0.15223817567567569,0.17565983952702702,0.24490603885135134,0.0,0.0,0.0,0.02510460251046025,1.443548495149096,0.6293395146286112,0.07563025210084033,0.10970464135021098,1.0364440048888537
ours_middle10_reservoir4_reference,11,0,/apdcephfs_gy2/share_303214315/cedricnie/develop/training-free/runs/v161_state_matched_motion_moviebench16/full8/published_indexed/ours_middle10_reservoir4_reference/000011-0_v161.mp4,477,239,16.0,29.8125,0.0661076632455853,0.06376973694446039,0.09967691271912817,0.1176235647762523,4.687392639512775,4.0957019329071045,9.141911315917968,15.51749038696289,1.4140330799521272,0.8799257278442383,4.609905052185058,9.08762502670288,0.4095701932907105,1.0,0.0,0.0,4.624030113220215,3.9975314140319824,1.1567213948561157,0.1946519913765291,0.19256063278351881,0.2327952354928458,0.2794714866520933,0.17250025595212842,0.1713764232024667,0.20783595080891618,0.2279222793083881,0.11489666968223453,0.1137035472972973,0.14998152449324326,0.16730891047297297,0.0,0.0,0.0,0.02510460251046025,1.5630754883925704,1.1255470070091198,0.06302521008403361,0.1729957805907173,1.344311247700845
ours_middle10_reservoir4_reference,12,0,/apdcephfs_gy2/share_303214315/cedricnie/develop/training-free/runs/v161_state_matched_motion_moviebench16/full8/published_indexed/ours_middle10_reservoir4_reference/000012-0_v161.mp4,477,239,16.0,29.8125,0.04737294706683082,0.0441095744862276,0.07077359517415364,0.07933951733159084,1.9219849977423162,1.5628793239593506,3.871572947502136,4.906406402587891,0.22660394409034826,0.14562249183654785,0.769240140914917,1.6562247276306152,0.15628793239593508,1.0,0.0,0.0,1.595849633216858,1.4650616645812988,1.0892713063193398,0.3152083694515491,0.31485689503842074,0.3733379082207207,0.38871793438659247,0.242865234352679,0.24508198537642265,0.2903186306744756,0.2949020370839563,0.10278521853443402,0.10042757601351351,0.13912056587837837,0.1467483108108108,0.0,0.0,0.0,0.08786610878661087,1.6044950784154899,0.4921942015114434,0.029411764705882353,0.16033755274261605,1.0483446399634666
ours_middle10_reservoir4_reference,13,0,/apdcephfs_gy2/share_303214315/cedricnie/develop/training-free/runs/v161_state_matched_motion_moviebench16/full8/published_indexed/ours_middle10_reservoir4_reference/000013-0_v161.mp4,477,239,16.0,29.8125,0.02732750063654343,0.022053958855423272,0.06561230117199464,0.12213179644416361,0.5019125427851188,0.3969035744667053,1.1166511535644528,4.5204949378967285,0.1840308533729946,0.0930207371711731,0.6170002520084372,3.7119492292404175,0.039690357446670536,0.9873949579831933,0.012605042016806723,0.012605042016806723,0.36187751591205597,0.40063896775245667,0.9032509192556869,0.2810864775929171,0.2786210958200848,0.38278894243508216,0.40307397240990994,0.2758086205055156,0.28180060315668926,0.2996480138423009,0.30686415257057514,0.09404529889460592,0.09623099662162163,0.12351932010135135,0.13120249155405406,0.0,0.0,0.0,0.0,2.9750804198974903,1.5545343798867575,0.14285714285714285,0.16877637130801687,2.264807399892124
ours_middle10_reservoir4_reference,14,0,/apdcephfs_gy2/share_303214315/cedricnie/develop/training-free/runs/v161_state_matched_motion_moviebench16/full8/published_indexed/ours_middle10_reservoir4_reference/000014-0_v161.mp4,477,239,16.0,29.8125,0.022597118633192956,0.02103749537000469,0.03772058187746534,0.04444223665723614,0.3331029757606883,0.3189992904663086,0.5237367808818816,0.7199928760528564,0.04659183832663524,0.03367295861244202,0.1233035206794738,0.35187941789627075,0.03189992904663086,1.0,0.0,0.0,0.36875119805336,0.3024449795484543,1.2192339863068644,0.3946179350171455,0.40061067501324854,0.4467608555246423,0.4544277043587705,0.2134798327280644,0.21152149492393924,0.23936258591671816,0.24219512257596212,0.11946364267641071,0.11980046452702703,0.13775073902027027,0.14569256756756757,0.0,0.0,0.0,0.0,1.7930167643077624,0.38653227253023187,0.07142857142857142,0.11814345991561181,1.089774518418997
ours_middle10_reservoir4_reference,15,0,/apdcephfs_gy2/share_303214315/cedricnie/develop/training-free/runs/v161_state_matched_motion_moviebench16/full8/published_indexed/ours_middle10_reservoir4_reference/000015-0_v161.mp4,477,239,16.0,29.8125,0.03259449607753581,0.027382512186087817,0.06388110890107994,0.14444710226619945,0.3887674436286217,0.27235791087150574,1.0646237730979897,4.327116966247559,0.11188748975594838,0.054002970457077026,0.38195723295211786,2.017364501953125,0.027235791087150574,1.0,0.0,0.0,0.4056095778942108,0.235728420317173,1.720664726588599,0.26801433950332926,0.2674714121290408,0.3009180929550874,0.3805828116719661,0.18968624833185627,0.18825102522776826,0.20984643360536523,0.2538893935129902,0.10832422625947077,0.10694679054054054,0.12994351773648646,0.1736961570945946,0.0,0.0,0.0,0.06694560669456066,2.3329162958808394,1.4024091744936293,0.13025210084033614,0.15611814345991562,1.8676627351872344
sf_native,0,0,/apdcephfs_gy2/share_303214315/cedricnie/develop/training-free/runs/v161_state_matched_motion_moviebench16/full8/published_indexed/sf_native/000000-0_v161.mp4,477,239,16.0,29.8125,0.03527741735860335,0.03223318773157456,0.06465527141795438,0.07884818432377834,0.6542543961408258,0.5349812209606171,1.6059639573097226,1.871089220046997,0.22672285655128302,0.16949763894081116,0.6534520149230956,0.9257329106330872,0.05349812209606171,1.0,0.0,0.0,0.3974500298500061,0.577680230140686,0.6880104409202521,0.2686394483776633,0.2803536532856386,0.3808590644872814,0.3911195432564918,0.2027588378157653,0.21393359520585276,0.24763295448154674,0.2516100506935627,0.13282663547438653,0.14455764358108109,0.17453547297297298,0.18034733952702703,0.0,0.0,0.0,0.0,2.0058602939423276,1.2214485094444087,0.029411764705882353,0.09282700421940929,1.6136544016933683
sf_native,1,0,/apdcephfs_gy2/share_303214315/cedricnie/develop/training-free/runs/v161_state_matched_motion_moviebench16/full8/published_indexed/sf_native/000001-0_v161.mp4,477,239,16.0,29.8125,0.012022518837622825,0.011478516634772805,0.020708108976775514,0.051454959196202896,0.18148521091319433,0.16367653757333755,0.3755362540483474,0.5218819379806519,0.06933020954393636,0.04878237843513489,0.20561847686767576,0.3460017442703247,0.02,1.0,0.0,0.0,0.16201721876859665,0.16906648874282837,0.9583047472822686,0.37447380176909617,0.3525700102676206,0.5028263902689453,0.5072891825649178,0.19312144899537473,0.1832220049621911,0.2437333890260164,0.2531455137505617,0.1629296742479928,0.16115920608108109,0.18654191300675677,0.19079919763513514,0.0,0.0,0.0,0.0,1.8040753553505993,1.2562489402339998,0.04201680672268908,0.12658227848101267,1.5301621477922995
sf_native,2,0,/apdcephfs_gy2/share_303214315/cedricnie/develop/training-free/runs/v161_state_matched_motion_moviebench16/full8/published_indexed/sf_native/000002-0_v161.mp4,477,239,16.0,29.8125,0.009432664912818273,0.008198105120191387,0.02030752705592735,0.0313355988147212,0.08928465749285802,0.07881257683038712,0.15744746625423425,0.22373132407665253,0.029582602030868772,0.021873030811548233,0.08915746212005615,0.15621133893728256,0.02,1.0,0.0,0.0,0.06784311681985855,0.0839252658188343,0.8083753582182085,0.26965326547474133,0.2708265020535241,0.28416851939255433,0.2860000165606783,0.2031910993974773,0.19565841449035165,0.23709973681953747,0.24004045548411626,0.11073476637594709,0.10721072635135136,0.1609718116554054,0.16411528716216217,0.0,0.0,0.0,0.0,2.4771001052317883,1.1312593206022474,0.07563025210084033,0.11814345991561181,1.8041797129170178
sf_native,3,0,/apdcephfs_gy2/share_303214315/cedricnie/develop/training-free/runs/v161_state_matched_motion_moviebench16/full8/published_indexed/sf_native/000003-0_v161.mp4,477,239,16.0,29.8125,0.015109326611988862,0.012385265967425178,0.03229999953625248,0.051003370098039215,0.21193404470672125,0.1610775738954544,0.5049124896526332,1.1238278150558472,0.05791177726370373,0.0482727587223053,0.15301100313663482,0.3162649869918823,0.02,1.0,0.0,0.0,0.10285342112183571,0.1869921162724495,0.5500414839520678,0.38671033194389937,0.39139817666931637,0.4515162025536566,0.458273921899841,0.24988819784437463,0.2468783157094297,0.26982052731347644,0.27374653865691906,0.1395392188736854,0.14458403716216217,0.16361908783783785,0.16688661317567569,0.0,0.0,0.0,0.0,2.607937497765941,0.9499212052693623,0.15126050420168066,0.07172995780590717,1.7789293515176516
sf_native,4,0,/apdcephfs_gy2/share_303214315/cedricnie/develop/training-free/runs/v161_state_matched_motion_moviebench16/full8/published_indexed/sf_native/000004-0_v161.mp4,477,239,16.0,29.8125,0.032075842586925266,0.02664478619893392,0.0783269702686983,0.13499995212928922,0.4311361922843366,0.16996309906244278,1.792277705669402,3.7161219120025635,0.1681877572545271,0.05907587707042694,0.6783361077308653,3.485156327486038,0.02,1.0,0.0,0.0,0.09481630474328995,0.2924277037382126,0.32423844776407196,0.35311398740875694,0.35251918968600954,0.44226670144409114,0.45348974894011657,0.1910690089508847,0.1950335357851409,0.2429921073725897,0.25160609458772104,0.17756894577632024,0.17952913851351351,0.1917282516891892,0.19906038851351351,0.0,0.0,0.0,0.0,2.939673438694442,3.991078719279243,0.13445378151260504,0.21940928270042195,3.465376078986843
sf_native,5,0,/apdcephfs_gy2/share_303214315/cedricnie/develop/training-free/runs/v161_state_matched_motion_moviebench16/full8/published_indexed/sf_native/000005-0_v161.mp4,477,239,16.0,29.8125,0.01635371112591707,0.013113262606602089,0.03441248968535779,0.08860604529287301,0.18599949031285629,0.0927085392177105,0.536749044060707,2.5604748725891113,0.05825731368884759,0.027482956647872925,0.13811726570129373,1.338015615940094,0.02,0.9957983193277311,0.004201680672268907,0.004201680672268907,0.06045445613563061,0.12050478905439377,0.5016767931799169,0.21347948920146764,0.22337726053259144,0.24776275586248012,0.25743543405537894,0.19734621053826076,0.20090508437623605,0.21796114706518652,0.22552640884012162,0.15240084406451432,0.15355785472972974,0.168921558277027,0.17588682432432431,0.0,0.0,0.0,0.0,2.624250784700388,1.48980090579303,0.08403361344537816,0.17721518987341772,2.057025845246709
sf_native,6,0,/apdcephfs_gy2/share_303214315/cedricnie/develop/training-free/runs/v161_state_matched_motion_moviebench16/full8/published_indexed/sf_native/000006-0_v161.mp4,477,239,16.0,29.8125,0.0322796610282072,0.02935033499025831,0.06075085191165699,0.07040927363376992,0.7961707158061135,0.42083796858787537,2.6999106764793384,5.069761753082275,0.18003869427658836,0.10507798194885254,0.6477252960205071,1.9422507286071777,0.04208379685878754,1.0,0.0,0.0,0.21388348937034607,0.7119382619857788,0.3004242092197293,0.25589145308588496,0.20905744899311077,0.4176597587937202,0.4221789919515103,0.2069804952010772,0.2036630887063662,0.271126023731552,0.28043569086768466,0.11505878590410494,0.1131492820945946,0.14620196368243243,0.15923247466216217,0.0,0.0,0.0,0.0,2.0698520794335344,1.539132265546176,0.10084033613445378,0.1308016877637131,1.8044921724898553
sf_native,7,0,/apdcephfs_gy2/share_303214315/cedricnie/develop/training-free/runs/v161_state_matched_motion_moviebench16/full8/published_indexed/sf_native/000007-0_v161.mp4,477,239,16.0,29.8125,0.10226877621556255,0.10498062582576975,0.16395197550455726,0.18849446913775275,4.890379703408029,4.442084312438965,10.986519765853881,15.584999084472656,1.580911237856507,0.9341265559196472,4.915291786193843,11.056771993637085,0.44420843124389653,0.9621848739495799,0.037815126050420166,0.008403361344537815,4.558379173278809,4.307751655578613,1.0581805864726739,0.3686516064446954,0.3610334484300477,0.45956160779345523,0.48668417958399574,0.2716421534078283,0.27178560783902944,0.30628755245332445,0.31482117107181035,0.14237525885587474,0.1403610641891892,0.18392366976351351,0.20465582770270271,0.0,0.0,0.0,0.12133891213389121,1.561735550868775,1.1065282512602872,0.01680672268907563,0.16455696202531644,1.3341319010645312
sf_native,8,0,/apdcephfs_gy2/share_303214315/cedricnie/develop/training-free/runs/v161_state_matched_motion_moviebench16/full8/published_indexed/sf_native/000008-0_v161.mp4,477,239,16.0,29.8125,0.047886937492309,0.044734739789775775,0.07739233054366765,0.09346059911391315,1.981787581654156,1.7266480922698975,4.121106338500977,6.795172214508057,0.8130100970529806,0.657874345779419,2.2091393947601317,3.872943878173828,0.17266480922698976,1.0,0.0,0.0,1.025545358657837,1.9867594838142395,0.5161899902895969,0.3606988945781864,0.3571079466414944,0.39563773102146266,0.4077094097774245,0.20695028038296354,0.198211545602806,0.2563716441870922,0.2607471260574114,0.07706958805693769,0.07002217060810811,0.12067937077702702,0.14067778716216217,0.0,0.0,0.0,0.13389121338912133,1.7300275112219572,1.2794381232923602,0.06722689075630252,0.09282700421940929,1.5047328172571586
sf_native,9,0,/apdcephfs_gy2/share_303214315/cedricnie/develop/training-free/runs/v161_state_matched_motion_moviebench16/full8/published_indexed/sf_native/000009-0_v161.mp4,477,239,16.0,29.8125,0.038044690588864526,0.030055147058823527,0.07638203415216184,0.09761878368901271,0.568751408350693,0.3066849708557129,1.7429709434509268,2.735532760620117,0.17767687393391685,0.09325778484344482,0.6697605848312367,1.6163896322250366,0.03066849708557129,0.9957983193277311,0.004201680672268907,0.004201680672268907,0.13576754927635193,0.454648494720459,0.2986209145151327,0.3027156086853066,0.3005414306770005,0.3375446827802067,0.34936365593534713,0.2814993908787496,0.28910080382744613,0.3022129825184957,0.30852724351420063,0.16254812687295034,0.1613967483108108,0.17958192567567569,0.18309227195945946,0.0,0.0,0.0,0.008368200836820083,2.541396121026058,2.183871557065446,0.06722689075630252,0.1940928270042194,2.3626338390457517
sf_native,10,0,/apdcephfs_gy2/share_303214315/cedricnie/develop/training-free/runs/v161_state_matched_motion_moviebench16/full8/published_indexed/sf_native/000010-0_v161.mp4,477,239,16.0,29.8125,0.11420893418295887,0.10615989834654566,0.21315783033183974,0.31216227213541664,3.5847024601735487,3.2816812992095947,7.808639311790455,12.509119033813477,1.1760086077049312,0.8254909515380859,3.257116985321044,7.418907165527344,0.3281681299209595,0.9705882352941176,0.029411764705882353,0.012605042016806723,2.8651760816574097,3.406139373779297,0.8411799304848588,0.43806791606937356,0.44527151232114465,0.5069450827205881,0.5778223536036036,0.301591296081289,0.30226856627612847,0.3444151317312532,0.3845740162524565,0.16823080844311888,0.1653029983108108,0.21691036739864863,0.24543391047297297,0.0,0.0,0.0,0.0,2.007894069717482,0.9925147168024918,0.07142857142857142,0.11814345991561181,1.500204393259987
sf_native,11,0,/apdcephfs_gy2/share_303214315/cedricnie/develop/training-free/runs/v161_state_matched_motion_moviebench16/full8/published_indexed/sf_native/000011-0_v161.mp4,477,239,16.0,29.8125,0.03864654307311205,0.031887017044366577,0.07483194912181179,0.09414351968204274,2.5017674703683173,1.4905337691307068,7.7528812408447205,11.565614700317383,0.8202259854928351,0.4312758445739746,2.7272752761840815,8.668498516082764,0.1490533769130707,0.9957983193277311,0.004201680672268907,0.004201680672268907,0.7925583720207214,2.237443685531616,0.3542249474906492,0.1349661720428588,0.11939628047164812,0.23160286665341814,0.2801205617382088,0.13881887107914662,0.13874005538703207,0.1847168264124967,0.23950487003502224,0.05160165968138641,0.0414379222972973,0.10483794341216215,0.12230785472972973,0.0,0.0,0.0,0.15481171548117154,2.3467842419280864,1.8297306191020777,0.11764705882352941,0.17721518987341772,2.088257430515082
sf_native,12,0,/apdcephfs_gy2/share_303214315/cedricnie/develop/training-free/runs/v161_state_matched_motion_moviebench16/full8/published_indexed/sf_native/000012-0_v161.mp4,477,239,16.0,29.8125,0.07398684930322119,0.06676121506036498,0.14510099373611746,0.17626864863376993,3.78482330631183,2.787680149078369,10.553466653823847,15.102246284484863,0.9745626540752402,0.5661815404891968,3.438691139221191,6.685811996459961,0.2787680149078369,0.9705882352941176,0.029411764705882353,0.012605042016806723,6.002556085586548,2.123921513557434,2.8261666202215947,0.36814811331952485,0.360446786400371,0.5089813216249338,0.5205123666865396,0.22871569206694545,0.21906833406261927,0.2949113196198547,0.2992250642154209,0.10696092601492704,0.11122255067567567,0.14835040118243245,0.15730574324324326,0.0,0.0,0.0,0.0,2.1734324877837867,1.2335314510016695,0.037815126050420166,0.1729957805907173,1.7034819693927281
sf_native,13,0,/apdcephfs_gy2/share_303214315/cedricnie/develop/training-free/runs/v161_state_matched_motion_moviebench16/full8/published_indexed/sf_native/000013-0_v161.mp4,477,239,16.0,29.8125,0.028213705331416122,0.02108753989724552,0.06805578456205463,0.12299916136498544,0.49117431218321084,0.2925575077533722,1.5526014447212204,3.972543716430664,0.2583884555327741,0.10051757097244263,0.9815044760704036,3.825523793697357,0.029255750775337222,1.0,0.0,0.0,0.09202312678098679,0.437132865190506,0.21051523257324148,0.33652728794432507,0.3468696177795443,0.40777126391096985,0.42109685512718603,0.22714426686400174,0.2286290366880933,0.2533334124494329,0.25763418089864687,0.12355685641185118,0.12795608108108109,0.15950960726351351,0.17332664695945946,0.0,0.0,0.0,0.0,3.2272984375452998,3.3549112569615476,0.12605042016806722,0.21940928270042195,3.2911048472534237
sf_native,14,0,/apdcephfs_gy2/share_303214315/cedricnie/develop/training-free/runs/v161_state_matched_motion_moviebench16/full8/published_indexed/sf_native/000014-0_v161.mp4,477,239,16.0,29.8125,0.021070154977406556,0.01766522351433249,0.03801765479293523,0.04632622213924632,0.19378933916259714,0.17405596375465393,0.3694525882601738,0.5281479358673096,0.047997215346193514,0.032887816429138184,0.14101498126983636,0.2812287509441376,0.02,1.0,0.0,0.0,0.12061076983809471,0.2020701915025711,0.596875615058543,0.37299260413271385,0.38068962804716483,0.4551689292693429,0.4624898565845257,0.19141660583369446,0.1827750093053971,0.23683940684863714,0.24011094740584696,0.12674573108673526,0.12914379222972974,0.13553103885135134,0.13917335304054054,0.0,0.0,0.0,0.0,2.1521185261024303,0.8101703511211398,0.037815126050420166,0.14345991561181434,1.4811444386117851
sf_native,15,0,/apdcephfs_gy2/share_303214315/cedricnie/develop/training-free/runs/v161_state_matched_motion_moviebench16/full8/published_indexed/sf_native/000015-0_v161.mp4,477,239,16.0,29.8125,0.02944684088338166,0.02352625528971354,0.05841472494835947,0.13424209893918504,0.26907126500639095,0.17154408991336823,0.7098140478134128,3.5150256156921387,0.11916187430735882,0.054763227701187134,0.36097427308559404,1.868544578552246,0.02,1.0,0.0,0.0,0.12066326290369034,0.21060511469841003,0.5729360517976123,0.23274457653375438,0.22224150851218866,0.28551189056703763,0.3723772025702173,0.1594285964211127,0.15532338781160576,0.19449561312453664,0.2486833843140461,0.14896515075483432,0.14453125,0.2095650337837838,0.21531883445945946,0.0,0.0,0.0,0.0,2.4829588997064196,2.104265284032171,0.14705882352941177,0.19831223628691982,2.2936120918692953
