left_feature,right_feature,discovery_source_spearman,validation_source_spearman,discovery_coordinate_spearman,validation_coordinate_spearman
v136_prompt.age_js_score,v136_prompt.cphi_score,0.47982742030445286,0.24400236944699447,0.1428456050127745,0.22102115140411344
v136_prompt.age_js_score,v136_temporal.middle_recent_margin,-0.05463877208623698,-0.10741754191129795,-0.2481397084216939,-0.2735435351977021
v136_prompt.age_js_score,v136_temporal.old_mass_excess,0.07770161696635997,0.05236582180178528,-0.11765353444215482,-0.11174391514425255
v136_prompt.age_js_score,v136_temporal.spectral_peak_ratio,-0.018337927292097878,0.09591286914076036,-0.026576825505468603,0.0010613703008702014
v136_prompt.age_js_score,v136_temporal.temporal_reach_ratio,-0.2620312747805207,-0.24982956735219605,-0.29523224441021345,-0.28184673550127454
v136_prompt.age_js_score,v138_cross.history_specificity,-0.27370094671451595,-0.2051740805823231,-0.055450393068763565,-0.10209358605095326
v136_prompt.age_js_score,v138_local.freeze_latest_relative_log,0.12261907045171491,0.09394985493108113,-0.05685114980171863,-0.03874458143016667
v136_prompt.age_js_score,v138_local.phase_shift_relative_log,0.04740221485493124,0.014651488460831148,-0.11049915528212695,-0.14684578316448968
v136_prompt.age_js_score,v138_local.reverse_relative_log,0.06696303929848613,0.03298902994038781,-0.11565682593720987,-0.1321293495925548
v136_prompt.age_js_score,v138_local.value_mismatch_relative_log,-0.16919821855206368,-0.3140679984846534,-0.2207648939768215,-0.26061302787903073
v136_prompt.age_js_score,v143_ab.policy_prompt_score,0.19104032285789418,0.0021935242421614936,0.05330072557240844,0.11537704738405284
v136_prompt.age_js_score,v143_ab.prompt_history_excess,-0.059513964998957,0.0055776658786514935,0.1713247528760925,0.1558412964362869
v136_prompt.age_js_score,v143_ab.stale_a_mass_B_visible,0.03636000271712472,-0.08614100909697976,-0.17569337268334315,-0.23032545735219914
v136_prompt.age_js_score,v143_natural.current_mass,-0.17520321240774178,-0.19602858464321715,-0.20021731540534232,-0.20226459235498956
v136_prompt.age_js_score,v143_natural.history_mean_logit,-0.1452862002687363,-0.15231248966508226,-0.08314311704759346,-0.15169055984865087
v136_prompt.age_js_score,v143_natural.history_positive_rate,-0.031882046135375056,-0.01114636087122966,0.10384740184262574,0.06530989258075547
v136_prompt.age_js_score,v143_natural.last4_mass,-0.17166083073998395,-0.18960098349268772,-0.17121642597388062,-0.1802311352969293
v136_prompt.age_js_score,v143_natural.middle_mass,0.16482736946978974,0.16617423053920968,0.15514293907158322,0.15252661562545414
v136_prompt.age_js_score,v143_natural.oldest1_mass,0.24119360146561727,0.20270723429660414,0.1892566734164889,0.16924350898858959
v136_prompt.age_js_score,v143_natural.recent4_mass,0.03728493836732184,0.11949209053900696,0.19471333802510477,0.19402101164100874
v136_prompt.age_js_score,v143_natural.recent4_non_oldest_ratio,0.042991748310037145,0.123033223379511,0.19799121494933,0.19933685240606658
v136_prompt.cphi_score,v136_temporal.middle_recent_margin,0.13605113407395994,0.08273068344103937,0.11996686643925324,0.006403073538110561
v136_prompt.cphi_score,v136_temporal.old_mass_excess,0.1681527951695635,0.13203636877012304,0.10596804419396993,0.06019241501278233
v136_prompt.cphi_score,v136_temporal.spectral_peak_ratio,-0.20064695622375858,-0.23400315109919842,0.08751257268098324,0.0013077759105233344
v136_prompt.cphi_score,v136_temporal.temporal_reach_ratio,0.041390741046149385,0.04536486742897877,0.06264592556652057,0.006096995588750197
v136_prompt.cphi_score,v138_cross.history_specificity,-0.1989235316021711,-0.07637004928246198,0.04817782666694484,0.11877663474961872
v136_prompt.cphi_score,v138_local.freeze_latest_relative_log,0.15091996359967302,0.08515101411623352,0.038138984344646534,-0.009735336456546013
v136_prompt.cphi_score,v138_local.phase_shift_relative_log,-0.038664075213234075,-0.09527705007284541,0.03624078664189066,-0.016646653715611262
v136_prompt.cphi_score,v138_local.reverse_relative_log,-0.0015539243118156602,-0.04484427770670535,-0.0016749408455753669,-0.05381274743550521
v136_prompt.cphi_score,v138_local.value_mismatch_relative_log,0.26047323513493215,0.25649370737652577,0.11365330141070352,0.12364828970748423
v136_prompt.cphi_score,v143_ab.policy_prompt_score,0.45020438898325504,0.4379730735180223,0.03274142599452085,0.034849801701567484
v136_prompt.cphi_score,v143_ab.prompt_history_excess,-0.011624488435313609,-0.06446171601771375,0.4218047768071985,0.2974949759852998
v136_prompt.cphi_score,v143_ab.stale_a_mass_B_visible,0.1435986562134814,0.05278828653441082,0.05462436841803178,0.030307632778974542
v136_prompt.cphi_score,v143_natural.current_mass,-0.008921533218592268,-0.09677014252934,0.10625343053467025,-0.04292649270835714
v136_prompt.cphi_score,v143_natural.history_mean_logit,-0.09769648051877673,-0.0002897452184491172,-0.007469330797836096,0.09868994781239385
v136_prompt.cphi_score,v143_natural.history_positive_rate,-0.061248795657548316,0.05223950096462782,-0.06673001812354991,0.061614177681842575
v136_prompt.cphi_score,v143_natural.last4_mass,-0.04655962720937183,-0.11744461306337643,0.08875284281057216,-0.037399529545920844
v136_prompt.cphi_score,v143_natural.middle_mass,0.06856404155779026,0.12965411326920578,-0.07661799814227994,0.02397156201885421
v136_prompt.cphi_score,v143_natural.oldest1_mass,0.11600035753878463,0.12647001842613104,-0.03750832150304522,0.00144718302819112
v136_prompt.cphi_score,v143_natural.recent4_mass,-0.15448686014504798,-0.018854535134234306,-0.12134964979852636,0.047880879614393114
v136_prompt.cphi_score,v143_natural.recent4_non_oldest_ratio,-0.15673408038226175,-0.018111205109449392,-0.12177250828253894,0.04749321452799552
v136_temporal.middle_recent_margin,v136_temporal.old_mass_excess,0.8003822045951999,0.7966141714056435,0.7813311316702546,0.7738344174466366
v136_temporal.middle_recent_margin,v136_temporal.spectral_peak_ratio,0.24664799368307883,0.23103727652219536,0.27268651764288304,0.23601879644133053
v136_temporal.middle_recent_margin,v136_temporal.temporal_reach_ratio,0.5256316278160582,0.5107547126135232,0.6403261856444364,0.6296069671319481
v136_temporal.middle_recent_margin,v138_cross.history_specificity,-0.4606246961782112,-0.4906089810363763,-0.30302420028961125,-0.31581956650900084
v136_temporal.middle_recent_margin,v138_local.freeze_latest_relative_log,0.38455260714460243,0.42290089686906013,0.29602723272041703,0.31909917000388377
v136_temporal.middle_recent_margin,v138_local.phase_shift_relative_log,0.49345313878450703,0.49884567010547914,0.43930277239793514,0.4247820842239009
v136_temporal.middle_recent_margin,v138_local.reverse_relative_log,0.49776721528201084,0.501006437806876,0.45444563615459993,0.43791361558859765
v136_temporal.middle_recent_margin,v138_local.value_mismatch_relative_log,-0.11904104198334862,-0.10785397006664145,0.09738912594490183,0.11842426767696253
v136_temporal.middle_recent_margin,v143_ab.policy_prompt_score,-0.16275506520993335,-0.08995804655849712,-0.19295076765169072,-0.09914546381938309
v136_temporal.middle_recent_margin,v143_ab.prompt_history_excess,-0.14862656525053716,-0.10118332566205719,-0.06814349707041,-0.017718440955094148
v136_temporal.middle_recent_margin,v143_ab.stale_a_mass_B_visible,0.8169252849173219,0.7876382791019476,0.801114720535395,0.7546362240449385
v136_temporal.middle_recent_margin,v143_natural.current_mass,0.3235938204999816,0.3221543132755762,0.3320260099777045,0.31744784920096275
v136_temporal.middle_recent_margin,v143_natural.history_mean_logit,-0.26312471546848354,-0.26693981692245566,-0.178805134813283,-0.17530407899237901
v136_temporal.middle_recent_margin,v143_natural.history_positive_rate,-0.3531771112546935,-0.3499961476938917,-0.3410608849744084,-0.32268122227806106
v136_temporal.middle_recent_margin,v143_natural.last4_mass,0.23394497035119502,0.2193478701471084,0.2323678207866619,0.20462681277214864
v136_temporal.middle_recent_margin,v143_natural.middle_mass,-0.17113302972155658,-0.1413677408369757,-0.164014382827028,-0.12366221961589209
v136_temporal.middle_recent_margin,v143_natural.oldest1_mass,0.22686857842745894,0.2623606140917959,0.1898183981031324,0.21736191603355093
v136_temporal.middle_recent_margin,v143_natural.recent4_mass,-0.6722649630520913,-0.6699789787418794,-0.6245946148233383,-0.6105065111099108
v136_temporal.middle_recent_margin,v143_natural.recent4_non_oldest_ratio,-0.6620725796729031,-0.6581123278134043,-0.613783096893493,-0.5996184640361271
v136_temporal.old_mass_excess,v136_temporal.spectral_peak_ratio,0.2714071867838486,0.24377451472104977,0.249047189150122,0.1899904063045754
v136_temporal.old_mass_excess,v136_temporal.temporal_reach_ratio,0.34170839795574554,0.3215282010920866,0.5106227671509811,0.490379555397804
v136_temporal.old_mass_excess,v138_cross.history_specificity,-0.3822498630390666,-0.39563731201629637,-0.18974683446631532,-0.19510721533345163
v136_temporal.old_mass_excess,v138_local.freeze_latest_relative_log,0.5802624505847525,0.6225099473504168,0.5157472922887779,0.5423614379740584
v136_temporal.old_mass_excess,v138_local.phase_shift_relative_log,0.3265416142614269,0.3283296939019591,0.21932165114442753,0.21273080810808723
v136_temporal.old_mass_excess,v138_local.reverse_relative_log,0.36182969518797725,0.3677847308492606,0.2580019907561015,0.24827017698181827
v136_temporal.old_mass_excess,v138_local.value_mismatch_relative_log,-0.19273554065489185,-0.1906655658351273,0.05507269860621352,0.06155088645231315
v136_temporal.old_mass_excess,v143_ab.policy_prompt_score,-0.11931852820704333,-0.02975221194684439,-0.15511336011009041,-0.07522032790965456
v136_temporal.old_mass_excess,v143_ab.prompt_history_excess,-0.13159757130658625,-0.12337127630289507,-0.014986245142421493,-0.0072386148981921925
v136_temporal.old_mass_excess,v143_ab.stale_a_mass_B_visible,0.9427163789844057,0.9237298641707626,0.9095432835129901,0.9047101700887609
v136_temporal.old_mass_excess,v143_natural.current_mass,0.11896419164432397,0.10147422785814993,0.10069767779814198,0.0751958397803194
v136_temporal.old_mass_excess,v143_natural.history_mean_logit,-0.2145194021558808,-0.20174306900516206,-0.13684622052124887,-0.11565932864708317
v136_temporal.old_mass_excess,v143_natural.history_positive_rate,-0.1620647659181005,-0.13982323767700583,-0.13589962268748082,-0.10421237793177024
v136_temporal.old_mass_excess,v143_natural.last4_mass,-0.038431517339624285,-0.07027449814402695,-0.04364141745453543,-0.08035148437436761
v136_temporal.old_mass_excess,v143_natural.middle_mass,0.12026817597206044,0.17061912583039038,0.12440193725774631,0.1707945277355535
v136_temporal.old_mass_excess,v143_natural.oldest1_mass,0.45869784455587453,0.5053491613906249,0.4302317244705442,0.45635208815295863
v136_temporal.old_mass_excess,v143_natural.recent4_mass,-0.5837810928766961,-0.55808636848701,-0.45948385905341815,-0.4259878548445589
v136_temporal.old_mass_excess,v143_natural.recent4_non_oldest_ratio,-0.5692948277941057,-0.5435323099968935,-0.44327220994255395,-0.409487318443139
v136_temporal.spectral_peak_ratio,v136_temporal.temporal_reach_ratio,0.18018657551369996,0.16505194227321712,0.3061543684750654,0.2822334020067027
v136_temporal.spectral_peak_ratio,v138_cross.history_specificity,-0.2920215433761063,-0.31631596951622565,-0.25359609256244264,-0.26078313361471406
v136_temporal.spectral_peak_ratio,v138_local.freeze_latest_relative_log,-0.0844399519543618,-0.030360316566228646,-0.10990182537416697,-0.08660714974652582
v136_temporal.spectral_peak_ratio,v138_local.phase_shift_relative_log,0.5898008472287595,0.5879502671059704,0.4871742837521894,0.49177179865070975
v136_temporal.spectral_peak_ratio,v138_local.reverse_relative_log,0.5611928589983975,0.54735658968562,0.477028372132501,0.47285652924276683
v136_temporal.spectral_peak_ratio,v138_local.value_mismatch_relative_log,-0.47797951115877946,-0.43402675432166393,-0.1329979397989182,-0.09751489852030751
v136_temporal.spectral_peak_ratio,v143_ab.policy_prompt_score,-0.4163514349195036,-0.3265832090833597,-0.2013095249611975,-0.024245103110572486
v136_temporal.spectral_peak_ratio,v143_ab.prompt_history_excess,-0.03366085817881577,0.047948139600744163,-0.025486004847285994,0.0023520418553998686
v136_temporal.spectral_peak_ratio,v143_ab.stale_a_mass_B_visible,0.2762788807526807,0.24599546807202727,0.2281856598687747,0.1774761636535261
v136_temporal.spectral_peak_ratio,v143_natural.current_mass,0.37927200151393964,0.3667717129837877,0.3915686581389109,0.38515944480255804
v136_temporal.spectral_peak_ratio,v143_natural.history_mean_logit,-0.33706098555287206,-0.3215047955616941,-0.3073727420736271,-0.28722752490374154
v136_temporal.spectral_peak_ratio,v143_natural.history_positive_rate,-0.40183631550433124,-0.3834795786454985,-0.368890430928987,-0.358987860362687
v136_temporal.spectral_peak_ratio,v143_natural.last4_mass,0.3685255619726372,0.35098694227940674,0.3659992703132089,0.35904359295142985
v136_temporal.spectral_peak_ratio,v143_natural.middle_mass,-0.40051355855543946,-0.3766908165887872,-0.37545094226550096,-0.36868134270583364
v136_temporal.spectral_peak_ratio,v143_natural.oldest1_mass,-0.033678637869798946,-0.0022997867074180606,-0.05865427802114195,-0.06369378669251445
v136_temporal.spectral_peak_ratio,v143_natural.recent4_mass,-0.29897863112833517,-0.2837746391496528,-0.3015705629340251,-0.28407498000241765
v136_temporal.spectral_peak_ratio,v143_natural.recent4_non_oldest_ratio,-0.2954246995941156,-0.2798509041418625,-0.30176374231404524,-0.2843232546350129
v136_temporal.temporal_reach_ratio,v138_cross.history_specificity,-0.0942484124105896,-0.1011275807169294,-0.16145880755252742,-0.17794478866863683
v136_temporal.temporal_reach_ratio,v138_local.freeze_latest_relative_log,0.11302787830153008,0.12411901326399123,0.15933353395216526,0.18000833339763425
v136_temporal.temporal_reach_ratio,v138_local.phase_shift_relative_log,0.1529962936956818,0.12826410697613405,0.3168941632780088,0.28477148743431663
v136_temporal.temporal_reach_ratio,v138_local.reverse_relative_log,0.14059727827118007,0.11923651674267034,0.33973461729385773,0.305348292296494
v136_temporal.temporal_reach_ratio,v138_local.value_mismatch_relative_log,0.14385553386471603,0.204272923916594,0.1080370990516902,0.17640285290267155
v136_temporal.temporal_reach_ratio,v143_ab.policy_prompt_score,-0.07646997246607694,-0.058923130082688215,-0.16772197116521173,-0.09384285625298541
v136_temporal.temporal_reach_ratio,v143_ab.prompt_history_excess,-0.037495320421726944,-0.026379546692729607,-0.11032875474309228,-0.09076227171559963
v136_temporal.temporal_reach_ratio,v143_ab.stale_a_mass_B_visible,0.364690313968472,0.38285300555302637,0.5482642612983125,0.5195305004925449
v136_temporal.temporal_reach_ratio,v143_natural.current_mass,0.392309788023643,0.3654153487652079,0.4653207799083853,0.430482480210974
v136_temporal.temporal_reach_ratio,v143_natural.history_mean_logit,-0.2378459710337271,-0.2411417783573433,-0.266736111646952,-0.26269981507058954
v136_temporal.temporal_reach_ratio,v143_natural.history_positive_rate,-0.3130377323690134,-0.30191793066224,-0.4410476294700438,-0.4267857503380328
v136_temporal.temporal_reach_ratio,v143_natural.last4_mass,0.35546694028010684,0.33282231232360227,0.40122138303811616,0.354623417682497
v136_temporal.temporal_reach_ratio,v143_natural.middle_mass,-0.33787186344954884,-0.3170290869675626,-0.36302157681257824,-0.3166341304073848
v136_temporal.temporal_reach_ratio,v143_natural.oldest1_mass,-0.036640338438913664,-0.0064298348038633445,-0.0076440943616127395,0.028946471930914305
v136_temporal.temporal_reach_ratio,v143_natural.recent4_mass,-0.4157219895171784,-0.405847757531002,-0.5558021424553723,-0.540896663297299
v136_temporal.temporal_reach_ratio,v143_natural.recent4_non_oldest_ratio,-0.4149818591006122,-0.4005670313430049,-0.5512480006430377,-0.5347631372575421
v138_cross.history_specificity,v138_local.freeze_latest_relative_log,-0.11222231653022012,-0.20542545338569998,0.019977520402678004,-0.04292908638698343
v138_cross.history_specificity,v138_local.phase_shift_relative_log,-0.6315002430574309,-0.6445551277401832,-0.49208970233823823,-0.5161060913535855
v138_cross.history_specificity,v138_local.reverse_relative_log,-0.6027888589675331,-0.6169219412701229,-0.4396142459946964,-0.4648698421026911
v138_cross.history_specificity,v138_local.value_mismatch_relative_log,0.43841181902123727,0.4401291676633307,0.377448385661412,0.3563407125054977
v138_cross.history_specificity,v143_ab.policy_prompt_score,0.044774541606794824,-0.029367940728421887,0.21533136735477304,0.07844379169146863
v138_cross.history_specificity,v143_ab.prompt_history_excess,0.24747984037204349,0.10081178818487145,0.08658340747756786,-0.05803379384470935
v138_cross.history_specificity,v143_ab.stale_a_mass_B_visible,-0.4731780337811248,-0.30953145214597844,-0.25378693765641197,-0.13826264091543916
v138_cross.history_specificity,v143_natural.current_mass,-0.3898856427132998,-0.40015470808341924,-0.3424179382065653,-0.3726280908580691
v138_cross.history_specificity,v143_natural.history_mean_logit,0.6199908949914738,0.6380514767346455,0.5697016695087667,0.5889387006586985
v138_cross.history_specificity,v143_natural.history_positive_rate,0.6059926799804101,0.6218975608630974,0.46748405003597726,0.5045239119110926
v138_cross.history_specificity,v143_natural.last4_mass,-0.35668299974973616,-0.3490451824706837,-0.31568380358951115,-0.3335383675997775
v138_cross.history_specificity,v143_natural.middle_mass,0.33208208037640485,0.3127225977002528,0.29701618068040647,0.3042472035535253
v138_cross.history_specificity,v143_natural.oldest1_mass,-0.059375859221101716,-0.09543889782564688,-0.07025339388337781,-0.08363607276240276
v138_cross.history_specificity,v143_natural.recent4_mass,0.5471819023225518,0.5455227395074576,0.41795266371724,0.4351911151577815
v138_cross.history_specificity,v143_natural.recent4_non_oldest_ratio,0.5448850379777639,0.5418658870307608,0.41571694731344827,0.42902206781999935
v138_local.freeze_latest_relative_log,v138_local.phase_shift_relative_log,0.0005231521848162408,0.09727827118007598,-0.12350481099391199,-0.023342772706579525
v138_local.freeze_latest_relative_log,v138_local.reverse_relative_log,0.04525575043017307,0.14093498663827136,-0.05327021556236288,0.034492035689575797
v138_local.freeze_latest_relative_log,v138_local.value_mismatch_relative_log,0.020430970403578212,-0.06879991357958008,0.06182275068994873,-0.015326764352605599
v138_local.freeze_latest_relative_log,v143_ab.policy_prompt_score,0.02704070780721255,0.02545372426125083,-0.0903108710423833,-0.0796093313784657
v138_local.freeze_latest_relative_log,v143_ab.prompt_history_excess,-0.0734611513259149,-0.09356790051528271,0.006516245216865653,-0.001115255452459274
v138_local.freeze_latest_relative_log,v143_ab.stale_a_mass_B_visible,0.5355396260773617,0.5587437660270012,0.4786032299631941,0.5223448226195161
v138_local.freeze_latest_relative_log,v143_natural.current_mass,-0.2581040881699848,-0.1975999027770059,-0.2977001234191805,-0.24565687305409364
v138_local.freeze_latest_relative_log,v143_natural.history_mean_logit,-0.040549181192241705,-0.1054573466359051,-0.02556372605755703,-0.07565413313374332
v138_local.freeze_latest_relative_log,v143_natural.history_positive_rate,0.07652481276963755,0.01600679591320548,0.08621521862999064,0.01834878880392599
v138_local.freeze_latest_relative_log,v143_natural.last4_mass,-0.3487564936721059,-0.2969723516243325,-0.39093722314437196,-0.3466160215310873
v138_local.freeze_latest_relative_log,v143_natural.middle_mass,0.3895858750949595,0.3557853041423491,0.4361561431801171,0.4010524772567689
v138_local.freeze_latest_relative_log,v143_natural.oldest1_mass,0.5060372137740977,0.5060220062182942,0.43384800868064766,0.4264265704759293
v138_local.freeze_latest_relative_log,v143_natural.recent4_mass,-0.11268789857737598,-0.15968105712777558,0.008882401068527331,-0.02225042888705417
v138_local.freeze_latest_relative_log,v143_natural.recent4_non_oldest_ratio,-0.09932435799542369,-0.14704105756001945,0.02480073946067724,-0.007988746823856111
v138_local.phase_shift_relative_log,v138_local.reverse_relative_log,0.9410154913746762,0.9411129715507064,0.8871747981594508,0.8914464360578914
v138_local.phase_shift_relative_log,v138_local.value_mismatch_relative_log,-0.48976818236766223,-0.45952283582435044,-0.2114957162735309,-0.17465721186120262
v138_local.phase_shift_relative_log,v143_ab.policy_prompt_score,-0.22263913054832868,-0.1760417441457104,-0.18739879657949057,-0.09249637048416064
v138_local.phase_shift_relative_log,v143_ab.prompt_history_excess,-0.1502791289687223,-0.050855365702946,-0.049551576522015174,0.03707337010582301
v138_local.phase_shift_relative_log,v143_ab.stale_a_mass_B_visible,0.4164216802084378,0.30778452508635606,0.29699611879721294,0.21944047922180468
v138_local.phase_shift_relative_log,v143_natural.current_mass,0.6452806038218686,0.6417584509131096,0.661494901130274,0.6539804760470109
v138_local.phase_shift_relative_log,v143_natural.history_mean_logit,-0.4563401980982363,-0.4493121088897291,-0.4035784741137406,-0.40535600840541464
v138_local.phase_shift_relative_log,v143_natural.history_positive_rate,-0.6105313939495247,-0.6107914927287859,-0.5719680633327572,-0.5873128039700771
v138_local.phase_shift_relative_log,v143_natural.last4_mass,0.6568243782373009,0.6372931824542608,0.6725959398601304,0.6527886803595955
v138_local.phase_shift_relative_log,v143_natural.middle_mass,-0.6602538934526161,-0.6252385322699605,-0.6510549206912605,-0.6226182300789358
v138_local.phase_shift_relative_log,v143_natural.oldest1_mass,-0.15514874218390629,-0.12181577824979166,-0.2154262428163918,-0.1916985202687434
v138_local.phase_shift_relative_log,v143_natural.recent4_mass,-0.5894373887031673,-0.5830711355980654,-0.5878013687866533,-0.582862264883731
v138_local.phase_shift_relative_log,v143_natural.recent4_non_oldest_ratio,-0.5895860145481154,-0.5828349689561961,-0.5900156733513143,-0.5831126739951051
v138_local.reverse_relative_log,v138_local.value_mismatch_relative_log,-0.4558908633554271,-0.43513761680259877,-0.18335069457840467,-0.16716641332109042
v138_local.reverse_relative_log,v143_ab.policy_prompt_score,-0.17322607009747004,-0.12012976744593527,-0.1962165422088575,-0.12243645251554193
v138_local.reverse_relative_log,v143_ab.prompt_history_excess,-0.18139581064661536,-0.07360634544559047,-0.07236068535420202,0.03440946311294462
v138_local.reverse_relative_log,v143_ab.stale_a_mass_B_visible,0.4368889163239428,0.3371144839080548,0.30946174996206244,0.2514306951956934
v138_local.reverse_relative_log,v143_natural.current_mass,0.5876342997400329,0.5792862208854538,0.5997145810943267,0.5876125129896931
v138_local.reverse_relative_log,v143_natural.history_mean_logit,-0.42718668096718854,-0.4240611424470868,-0.38230233257972673,-0.38552252203592097
v138_local.reverse_relative_log,v143_natural.history_positive_rate,-0.5705191685347846,-0.5748967021877466,-0.5228010165106836,-0.5351044893716687
v138_local.reverse_relative_log,v143_natural.last4_mass,0.5767666154124802,0.5517367941300658,0.5835115218882294,0.5560012325205058
v138_local.reverse_relative_log,v143_natural.middle_mass,-0.582586103106009,-0.5431869679541628,-0.5650169625794438,-0.5306368104692165
v138_local.reverse_relative_log,v143_natural.oldest1_mass,-0.12751349097691272,-0.09021110442167374,-0.1917848490937687,-0.1639813532487858
v138_local.reverse_relative_log,v143_natural.recent4_mass,-0.5821679110826563,-0.5746967118307975,-0.5731042351418114,-0.5702762624197203
v138_local.reverse_relative_log,v143_natural.recent4_non_oldest_ratio,-0.582081710404724,-0.5747929799328791,-0.5750559337700735,-0.5703202623272133
v138_local.value_mismatch_relative_log,v143_ab.policy_prompt_score,0.4223403044307147,0.34978480564145964,0.06379063137629225,-0.00987937313859795
v138_local.value_mismatch_relative_log,v143_ab.prompt_history_excess,0.10086181521104841,-0.009048461529010845,0.05669528153506958,-0.0016430470088352957
v138_local.value_mismatch_relative_log,v143_ab.stale_a_mass_B_visible,-0.23320138787079117,-0.13837581051294118,0.011409038649989583,0.09793182560565024
v138_local.value_mismatch_relative_log,v143_natural.current_mass,-0.22831745089484456,-0.19309600710400876,-0.12592858560233153,-0.07612833208301421
v138_local.value_mismatch_relative_log,v143_natural.history_mean_logit,0.46567514667037035,0.4416687885966198,0.5115577023485263,0.46804424931262323
v138_local.value_mismatch_relative_log,v143_natural.history_positive_rate,0.4027445739685807,0.3652603721592534,0.30377911419315917,0.25505557986635957
v138_local.value_mismatch_relative_log,v143_natural.last4_mass,-0.2357433391776857,-0.18990485518401842,-0.13592763523479398,-0.08938730977210871
v138_local.value_mismatch_relative_log,v143_natural.middle_mass,0.24190454683350981,0.1817132193479647,0.12745417274310242,0.07011036607792755
v138_local.value_mismatch_relative_log,v143_natural.oldest1_mass,0.04509050869490107,0.002924020039510398,0.03952385162560989,0.006550720112387767
v138_local.value_mismatch_relative_log,v143_natural.recent4_mass,0.2290842891345612,0.20952533314952534,0.06755467957692272,0.02051559039807406
v138_local.value_mismatch_relative_log,v143_natural.recent4_non_oldest_ratio,0.22576416027007554,0.2097252073930282,0.07127243499578392,0.024587258797588964
v143_ab.policy_prompt_score,v143_ab.prompt_history_excess,-0.0677608137757113,-0.18618591584308256,0.12020776644639795,0.13822194248869613
v143_ab.policy_prompt_score,v143_ab.stale_a_mass_B_visible,-0.10877216089179725,-0.09609738371547609,-0.14955200093272084,-0.10496133066977123
v143_ab.policy_prompt_score,v143_natural.current_mass,-0.15069804484037572,-0.09734221241288128,-0.19348038454852262,-0.06627305192129872
v143_ab.policy_prompt_score,v143_natural.history_mean_logit,0.11325506789707551,0.0022274355766658807,0.2401814245299637,0.11070234988716449
v143_ab.policy_prompt_score,v143_natural.history_positive_rate,0.19016823419791057,0.0773480144790527,0.25577004383038704,0.14791166400182
v143_ab.policy_prompt_score,v143_natural.last4_mass,-0.17001169087271503,-0.13330089921460758,-0.18558215779331447,-0.08823678821049169
v143_ab.policy_prompt_score,v143_natural.middle_mass,0.1927931904772925,0.1635429088865525,0.18493718396238695,0.08417426536606883
v143_ab.policy_prompt_score,v143_natural.oldest1_mass,0.10693712614217739,0.1296259727618226,0.05690723952031328,0.10972510083112624
v143_ab.policy_prompt_score,v143_natural.recent4_mass,0.10503533100212208,0.025596482201001122,0.22042877934433638,0.07556318665461034
v143_ab.policy_prompt_score,v143_natural.recent4_non_oldest_ratio,0.10384097085037486,0.028317893253882582,0.21995064302164777,0.07646414290728486
v143_ab.prompt_history_excess,v143_ab.stale_a_mass_B_visible,-0.15320435965618065,-0.09187341183428599,-0.05200547288829462,-0.038464995941969435
v143_ab.prompt_history_excess,v143_natural.current_mass,-0.07476304509546886,-0.005379452023226382,-0.045475344268157594,-0.021145818902199683
v143_ab.prompt_history_excess,v143_natural.history_mean_logit,0.11000081408306332,0.05452238530297181,0.041163111646835164,-0.029168328344779813
v143_ab.prompt_history_excess,v143_natural.history_positive_rate,0.05767499817663819,0.0295143381793885,0.013952095319642924,-0.009905913189551033
v143_ab.prompt_history_excess,v143_natural.last4_mass,-0.060568360083516716,0.020567548547852643,-0.03328598127357742,-0.024290127068734672
v143_ab.prompt_history_excess,v143_natural.middle_mass,0.04395164174278583,-0.033582797600715274,0.0253836359196848,0.028035454119605258
v143_ab.prompt_history_excess,v143_natural.oldest1_mass,-0.04144875219228229,-0.07844740774123997,0.012113746063553563,0.06092057971672467
v143_ab.prompt_history_excess,v143_natural.recent4_mass,0.14712002403682742,0.10144326080223104,0.07859993738267038,0.049603146798356985
v143_ab.prompt_history_excess,v143_natural.recent4_non_oldest_ratio,0.1451933947308278,0.09844242274474724,0.07713282547499264,0.05262786635543748
v143_ab.stale_a_mass_B_visible,v143_natural.current_mass,0.22921226272876336,0.12125834385192197,0.1995326866633101,0.09169456202409593
v143_ab.stale_a_mass_B_visible,v143_natural.history_mean_logit,-0.26770885577820813,-0.14593862606964558,-0.17902272908484373,-0.09250688662721163
v143_ab.stale_a_mass_B_visible,v143_natural.history_positive_rate,-0.2513768482359553,-0.13513947131694204,-0.20875996325813806,-0.13072588338732408
v143_ab.stale_a_mass_B_visible,v143_natural.last4_mass,0.07869008172715714,-0.03672483929909374,0.060975401170200005,-0.0466786249269603
v143_ab.stale_a_mass_B_visible,v143_natural.middle_mass,0.005073213665899427,0.12731271893254856,0.02567586684053632,0.13428215752693565
v143_ab.stale_a_mass_B_visible,v143_natural.oldest1_mass,0.3641506658103619,0.4122214958361694,0.3350371578989844,0.35853573439812514
v143_ab.stale_a_mass_B_visible,v143_natural.recent4_mass,-0.6635770068610874,-0.549050416811469,-0.5439558545863071,-0.43304063560161216
v143_ab.stale_a_mass_B_visible,v143_natural.recent4_non_oldest_ratio,-0.6508541253064676,-0.5355607947955737,-0.5300029739179634,-0.4188848985164372
v143_natural.current_mass,v143_natural.history_mean_logit,-0.43001007016972664,-0.4103637697589627,-0.4099239976033796,-0.3945314361211604
v143_natural.current_mass,v143_natural.history_positive_rate,-0.6025871515962713,-0.5958929104459408,-0.571288315584049,-0.5661043697276026
v143_natural.current_mass,v143_natural.last4_mass,0.9688185930638361,0.96390393639039,0.9624355286783407,0.9576756173842345
v143_natural.current_mass,v143_natural.middle_mass,-0.9203065020280028,-0.9045982833318847,-0.9094736982890501,-0.8965232543404157
v143_natural.current_mass,v143_natural.oldest1_mass,-0.5914838917431834,-0.5650739554293315,-0.5457531063943332,-0.5247891427069522
v143_natural.current_mass,v143_natural.recent4_mass,-0.7814479123310419,-0.7859353340622217,-0.8215921759654241,-0.8253232038770221
v143_natural.current_mass,v143_natural.recent4_non_oldest_ratio,-0.7944257242924193,-0.7990132243955073,-0.8352759825135043,-0.840083380342738
v143_natural.history_mean_logit,v143_natural.history_positive_rate,0.865825708993481,0.8603148659227099,0.7596070575101699,0.7621587819563137
v143_natural.history_mean_logit,v143_natural.last4_mass,-0.42065485239692996,-0.3997394011473875,-0.40690609841461284,-0.3877463754846232
v143_natural.history_mean_logit,v143_natural.middle_mass,0.4154131095935843,0.38985655688293436,0.3979300251802354,0.3765378848087819
v143_natural.history_mean_logit,v143_natural.oldest1_mass,0.04979990838404483,0.01335620131254921,0.029885013864889214,0.0011810792240011239
v143_natural.history_mean_logit,v143_natural.recent4_mass,0.4235895944116117,0.407210036911316,0.36434948426801933,0.35136922352795924
v143_natural.history_mean_logit,v143_natural.recent4_non_oldest_ratio,0.4254744845878932,0.4098824360331414,0.36708435478039103,0.355880666744011
v143_natural.history_positive_rate,v143_natural.last4_mass,-0.6164797376749597,-0.6076789100600073,-0.584405557557078,-0.5756506780957527
v143_natural.history_positive_rate,v143_natural.middle_mass,0.6167323422889701,0.6029574230394843,0.5739049935817974,0.5587565256713635
v143_natural.history_positive_rate,v143_natural.oldest1_mass,0.252390205539591,0.23250400007857305,0.24143888264590457,0.22960232411929143
v143_natural.history_positive_rate,v143_natural.recent4_mass,0.5134592126201563,0.5053413307099127,0.4892736314806811,0.4797345733444953
v143_natural.history_positive_rate,v143_natural.recent4_non_oldest_ratio,0.5197255950707186,0.5117587566945718,0.49474343742553484,0.4866085991970825
v143_natural.last4_mass,v143_natural.middle_mass,-0.9775748496853683,-0.9728570279422671,-0.9714248015577361,-0.966685039588931
v143_natural.last4_mass,v143_natural.oldest1_mass,-0.6762596413665667,-0.6688570357685328,-0.616551845555849,-0.6099571305573352
v143_natural.last4_mass,v143_natural.recent4_mass,-0.6516538691661862,-0.6445340199646971,-0.702357542248612,-0.6937143001177881
v143_natural.last4_mass,v143_natural.recent4_non_oldest_ratio,-0.6658892251258044,-0.6595846440549374,-0.7186075915100519,-0.7113490160796353
v143_natural.middle_mass,v143_natural.oldest1_mass,0.679213193213891,0.6870349274904256,0.6263539283848732,0.6226985576918801
v143_natural.middle_mass,v143_natural.recent4_mass,0.5609551055975954,0.5342823293011393,0.6234159788825684,0.594518733426441
v143_natural.middle_mass,v143_natural.recent4_non_oldest_ratio,0.5747038957944272,0.5491972574622003,0.6390250693244713,0.6125277747842328
v143_natural.oldest1_mass,v143_natural.recent4_mass,0.16458728114368373,0.14205903044604368,0.22154581914934912,0.21329424009113415
v143_natural.oldest1_mass,v143_natural.recent4_non_oldest_ratio,0.18685661680192733,0.16594903597130198,0.24352319045876797,0.23593156683239785
v143_natural.recent4_mass,v143_natural.recent4_non_oldest_ratio,0.9989837877363826,0.9988416827044034,0.998501787984226,0.9982688905184502
