context_fields,left_context,right_context,axis,spearman,zero_label_agreement
factor,action,appearance,cphi_score,0.5761030519104888,0.5694444444444444
factor,action,appearance,age_js_score,0.6914788132290866,0.9944444444444445
factor,action,atmosphere,cphi_score,0.7159109703183809,0.6611111111111111
factor,action,atmosphere,age_js_score,0.4945045137039277,0.7027777777777777
factor,action,camera,cphi_score,0.7336450413045642,0.6777777777777778
factor,action,camera,age_js_score,0.699327927914488,0.925
factor,action,identity,cphi_score,0.5888510471273541,0.5694444444444444
factor,action,identity,age_js_score,0.7123642590063807,0.9944444444444445
factor,action,object,cphi_score,0.7500634673302079,0.575
factor,action,object,age_js_score,0.7746911063686733,0.9944444444444445
factor,action,scene,cphi_score,0.7378579345222923,0.6388888888888888
factor,action,scene,age_js_score,0.4386532631210185,0.7
factor,action,style,cphi_score,0.5683231275465703,0.6027777777777777
factor,action,style,age_js_score,0.7183467782902891,0.8694444444444445
factor,appearance,atmosphere,cphi_score,0.7288351565025913,0.875
factor,appearance,atmosphere,age_js_score,0.1409301391239888,0.7027777777777777
factor,appearance,camera,cphi_score,0.6074424093458891,0.8527777777777777
factor,appearance,camera,age_js_score,0.608339054181166,0.9194444444444444
factor,appearance,identity,cphi_score,0.7876453864845324,1.0
factor,appearance,identity,age_js_score,0.9857475654137903,1.0
factor,appearance,object,cphi_score,0.7727061929453136,0.9944444444444445
factor,appearance,object,age_js_score,0.9358384516595003,1.0
factor,appearance,scene,cphi_score,0.7536459312618591,0.9305555555555556
factor,appearance,scene,age_js_score,0.08428461451602656,0.7
factor,appearance,style,cphi_score,0.6465192509851905,0.8444444444444444
factor,appearance,style,age_js_score,0.6532116784002991,0.875
factor,atmosphere,camera,cphi_score,0.6789579371715871,0.8055555555555556
factor,atmosphere,camera,age_js_score,0.4057011796049567,0.6888888888888889
factor,atmosphere,identity,cphi_score,0.628060096295437,0.875
factor,atmosphere,identity,age_js_score,0.1556633049773048,0.7027777777777777
factor,atmosphere,object,cphi_score,0.841391347917487,0.875
factor,atmosphere,object,age_js_score,0.3504006222499098,0.7027777777777777
factor,atmosphere,scene,cphi_score,0.8502654567705816,0.8666666666666667
factor,atmosphere,scene,age_js_score,0.8757578462210381,0.8361111111111111
factor,atmosphere,style,cphi_score,0.671077442489082,0.7972222222222223
factor,atmosphere,style,age_js_score,0.45775802266921856,0.6722222222222223
factor,camera,identity,cphi_score,0.6031317751535755,0.8527777777777777
factor,camera,identity,age_js_score,0.6226208110597514,0.9194444444444444
factor,camera,object,cphi_score,0.6828701482859191,0.8583333333333333
factor,camera,object,age_js_score,0.6620230272591862,0.9194444444444444
factor,camera,scene,cphi_score,0.6742234158052814,0.8277777777777777
factor,camera,scene,age_js_score,0.3572507212898105,0.6694444444444444
factor,camera,style,cphi_score,0.7580566213465774,0.8305555555555556
factor,camera,style,age_js_score,0.7863744966018292,0.8666666666666667
factor,identity,object,cphi_score,0.7196372163679093,0.9944444444444445
factor,identity,object,age_js_score,0.934370793762171,1.0
factor,identity,scene,cphi_score,0.6899128999309897,0.9305555555555556
factor,identity,scene,age_js_score,0.09017608036571587,0.7
factor,identity,style,cphi_score,0.6168116533991868,0.8444444444444444
factor,identity,style,age_js_score,0.660751108524119,0.875
factor,object,scene,cphi_score,0.8622122332089365,0.9305555555555556
factor,object,scene,age_js_score,0.29530223438440034,0.7
factor,object,style,cphi_score,0.6254498978478209,0.8388888888888889
factor,object,style,age_js_score,0.7009285649798718,0.875
factor,scene,style,cphi_score,0.6512830946438718,0.7916666666666666
factor,scene,style,age_js_score,0.3910032519451097,0.6361111111111111
mode:nominal_timestep,clean:0,noisy:1000,cphi_score,0.10337625619658487,0.9777777777777777
mode:nominal_timestep,clean:0,noisy:1000,age_js_score,0.38564833260327686,0.9972222222222222
mode:nominal_timestep,clean:0,noisy:250,cphi_score,0.8076992623385763,0.9694444444444444
mode:nominal_timestep,clean:0,noisy:250,age_js_score,0.8297925807912749,0.9972222222222222
mode:nominal_timestep,clean:0,noisy:500,cphi_score,0.7545322875734954,0.9805555555555555
mode:nominal_timestep,clean:0,noisy:500,age_js_score,0.7293994820242773,0.9972222222222222
mode:nominal_timestep,clean:0,noisy:750,cphi_score,0.5561777826019522,0.9888888888888889
mode:nominal_timestep,clean:0,noisy:750,age_js_score,0.5139948356755586,0.9972222222222222
mode:nominal_timestep,noisy:1000,noisy:250,cphi_score,0.1295914144327924,0.9583333333333334
mode:nominal_timestep,noisy:1000,noisy:250,age_js_score,0.49132458825971426,1.0
mode:nominal_timestep,noisy:1000,noisy:500,cphi_score,0.26707541256336764,0.9694444444444444
mode:nominal_timestep,noisy:1000,noisy:500,age_js_score,0.6122247723471235,1.0
mode:nominal_timestep,noisy:1000,noisy:750,cphi_score,0.5254284719973394,0.9777777777777777
mode:nominal_timestep,noisy:1000,noisy:750,age_js_score,0.8451469162593912,1.0
mode:nominal_timestep,noisy:250,noisy:500,cphi_score,0.8916839663904799,0.9666666666666667
mode:nominal_timestep,noisy:250,noisy:500,age_js_score,0.8391440771412926,1.0
mode:nominal_timestep,noisy:250,noisy:750,cphi_score,0.6146207122899244,0.9694444444444444
mode:nominal_timestep,noisy:250,noisy:750,age_js_score,0.6271559922805207,1.0
mode:nominal_timestep,noisy:500,noisy:750,cphi_score,0.743686125951592,0.9861111111111112
mode:nominal_timestep,noisy:500,noisy:750,age_js_score,0.7802345629062198,1.0
mode:current_frame,clean:117,clean:21,cphi_score,0.7735449648351123,0.9527777777777777
mode:current_frame,clean:117,clean:21,age_js_score,0.7611562963063943,0.9916666666666667
mode:current_frame,clean:117,clean:63,cphi_score,0.8604814463194993,0.9666666666666667
mode:current_frame,clean:117,clean:63,age_js_score,0.8360009331690942,0.9888888888888889
mode:current_frame,clean:117,noisy:117,cphi_score,0.6362356143933359,0.975
mode:current_frame,clean:117,noisy:117,age_js_score,0.6521594196449585,0.9944444444444445
mode:current_frame,clean:117,noisy:21,cphi_score,0.6767222409844883,0.9777777777777777
mode:current_frame,clean:117,noisy:21,age_js_score,0.6370077680925618,0.9944444444444445
mode:current_frame,clean:117,noisy:42,cphi_score,0.6969996350146238,0.9722222222222222
mode:current_frame,clean:117,noisy:42,age_js_score,0.66071587033065,0.9944444444444445
mode:current_frame,clean:117,noisy:63,cphi_score,0.6333913520328965,0.9722222222222222
mode:current_frame,clean:117,noisy:63,age_js_score,0.6354621746286551,0.9944444444444445
mode:current_frame,clean:117,noisy:84,cphi_score,0.6336035528329835,0.9666666666666667
mode:current_frame,clean:117,noisy:84,age_js_score,0.6337126111835738,0.9944444444444445
mode:current_frame,clean:21,clean:63,cphi_score,0.8026782055888804,0.9527777777777777
mode:current_frame,clean:21,clean:63,age_js_score,0.8034364697811914,0.9916666666666667
mode:current_frame,clean:21,noisy:117,cphi_score,0.5840131260984607,0.9555555555555556
mode:current_frame,clean:21,noisy:117,age_js_score,0.5788117629719635,0.9972222222222222
mode:current_frame,clean:21,noisy:21,cphi_score,0.7182181717447819,0.9638888888888889
mode:current_frame,clean:21,noisy:21,age_js_score,0.7135196602112183,0.9972222222222222
mode:current_frame,clean:21,noisy:42,cphi_score,0.6853977813313196,0.9583333333333334
mode:current_frame,clean:21,noisy:42,age_js_score,0.6427791154287472,0.9972222222222222
mode:current_frame,clean:21,noisy:63,cphi_score,0.620252392917689,0.9472222222222222
mode:current_frame,clean:21,noisy:63,age_js_score,0.6067193833470471,0.9972222222222222
mode:current_frame,clean:21,noisy:84,cphi_score,0.570043625912367,0.9416666666666667
mode:current_frame,clean:21,noisy:84,age_js_score,0.5776537896362158,0.9972222222222222
mode:current_frame,clean:63,noisy:117,cphi_score,0.5976186697607687,0.9805555555555555
mode:current_frame,clean:63,noisy:117,age_js_score,0.58634527719469,0.9944444444444445
mode:current_frame,clean:63,noisy:21,cphi_score,0.681335357771835,0.9777777777777777
mode:current_frame,clean:63,noisy:21,age_js_score,0.6909903655692499,0.9944444444444445
mode:current_frame,clean:63,noisy:42,cphi_score,0.6823261425984233,0.9777777777777777
mode:current_frame,clean:63,noisy:42,age_js_score,0.6337100390526637,0.9944444444444445
mode:current_frame,clean:63,noisy:63,cphi_score,0.6338782564141872,0.9666666666666667
mode:current_frame,clean:63,noisy:63,age_js_score,0.6169055361774071,0.9944444444444445
mode:current_frame,clean:63,noisy:84,cphi_score,0.5923460586080604,0.9666666666666667
mode:current_frame,clean:63,noisy:84,age_js_score,0.549424138471182,0.9944444444444445
mode:current_frame,noisy:117,noisy:21,cphi_score,0.6487341129119171,0.9861111111111112
mode:current_frame,noisy:117,noisy:21,age_js_score,0.6972547904009103,1.0
mode:current_frame,noisy:117,noisy:42,cphi_score,0.7543733298832485,0.9861111111111112
mode:current_frame,noisy:117,noisy:42,age_js_score,0.7934265079181764,1.0
mode:current_frame,noisy:117,noisy:63,cphi_score,0.7942454743999668,0.975
mode:current_frame,noisy:117,noisy:63,age_js_score,0.8096985796950327,1.0
mode:current_frame,noisy:117,noisy:84,cphi_score,0.8039213164577539,0.975
mode:current_frame,noisy:117,noisy:84,age_js_score,0.8193360970022586,1.0
mode:current_frame,noisy:21,noisy:42,cphi_score,0.7393950399541955,0.9888888888888889
mode:current_frame,noisy:21,noisy:42,age_js_score,0.7798505437613351,1.0
mode:current_frame,noisy:21,noisy:63,cphi_score,0.6831278758031157,0.9777777777777777
mode:current_frame,noisy:21,noisy:63,age_js_score,0.7456844144556843,1.0
mode:current_frame,noisy:21,noisy:84,cphi_score,0.6614671897695036,0.9722222222222222
mode:current_frame,noisy:21,noisy:84,age_js_score,0.6987327368218802,1.0
mode:current_frame,noisy:42,noisy:63,cphi_score,0.7917880605284134,0.9722222222222222
mode:current_frame,noisy:42,noisy:63,age_js_score,0.8592908069211928,1.0
mode:current_frame,noisy:42,noisy:84,cphi_score,0.7621061842515112,0.9777777777777777
mode:current_frame,noisy:42,noisy:84,age_js_score,0.8071928097623685,1.0
mode:current_frame,noisy:63,noisy:84,cphi_score,0.8043323429771952,0.9611111111111111
mode:current_frame,noisy:63,noisy:84,age_js_score,0.8374660189355133,1.0
