feature,threshold_name,threshold,discovery_positive_fraction,validation_positive_fraction,label_agreement,positive_jaccard
full_semantic.q_shift,zero,0.0,0.5057471264367817,0.49712643678160917,0.9396551724137931,0.8864864864864865
full_semantic.q_shift,p10,-0.11443155258893965,0.8994252873563219,0.8936781609195402,0.9827586206896551,0.9809523809523809
full_semantic.q_shift,p20,-0.06256015002727508,0.7988505747126436,0.7873563218390804,0.9655172413793104,0.9574468085106383
full_semantic.q_shift,p30,-0.037163463979959496,0.6982758620689655,0.6982758620689655,0.9655172413793104,0.9518072289156626
full_semantic.q_shift,p40,-0.01555845737457275,0.6005747126436781,0.5977011494252874,0.9741379310344828,0.9577464788732394
full_semantic.q_shift,p50,0.0015783123672008514,0.5,0.49137931034482757,0.9339080459770115,0.875
full_semantic.q_shift,p60,0.017391255497932433,0.3994252873563218,0.4109195402298851,0.9540229885057471,0.8926174496644296
full_semantic.q_shift,p70,0.04455171823501583,0.3017241379310345,0.28448275862068967,0.9655172413793104,0.8888888888888888
full_semantic.q_shift,p80,0.07703314125537873,0.20114942528735633,0.1839080459770115,0.9540229885057471,0.7866666666666666
full_semantic.q_shift,p90,0.12116392701864248,0.10057471264367816,0.09770114942528736,0.985632183908046,0.8648648648648649
full_semantic.k_shift,zero,0.0,0.5057471264367817,0.5172413793103449,0.9540229885057471,0.9139784946236559
full_semantic.k_shift,p10,-0.1539429664611816,0.8994252873563219,0.9022988505747126,0.985632183908046,0.9841772151898734
full_semantic.k_shift,p20,-0.09602539241313932,0.7988505747126436,0.7959770114942529,0.985632183908046,0.9821428571428571
full_semantic.k_shift,p30,-0.05630917400121689,0.6982758620689655,0.6954022988505747,0.9626436781609196,0.9477911646586346
full_semantic.k_shift,p40,-0.026616846024990058,0.6005747126436781,0.603448275862069,0.9741379310344828,0.9579439252336449
full_semantic.k_shift,p50,0.00023710355162620544,0.5,0.514367816091954,0.9626436781609196,0.9289617486338798
full_semantic.k_shift,p60,0.023409301042556757,0.3994252873563218,0.39655172413793105,0.9626436781609196,0.9103448275862069
full_semantic.k_shift,p70,0.05654917880892753,0.3017241379310345,0.2959770114942529,0.9712643678160919,0.908256880733945
full_semantic.k_shift,p80,0.11562512814998627,0.20114942528735633,0.19540229885057472,0.9770114942528736,0.8904109589041096
full_semantic.k_shift,p90,0.16796365156769752,0.10057471264367816,0.10057471264367816,0.9885057471264368,0.8918918918918919
full_semantic.v_shift,zero,0.0,0.4942528735632184,0.49712643678160917,0.9109195402298851,0.8351063829787234
full_semantic.v_shift,p10,-0.0943617969751358,0.8994252873563219,0.882183908045977,0.9655172413793104,0.9620253164556962
full_semantic.v_shift,p20,-0.05738468319177627,0.7988505747126436,0.8247126436781609,0.9396551724137931,0.9283276450511946
full_semantic.v_shift,p30,-0.02652844563126564,0.6982758620689655,0.6982758620689655,0.9252873563218391,0.8984375
full_semantic.v_shift,p40,-0.012540325522422784,0.6005747126436781,0.6091954022988506,0.9051724137931034,0.8546255506607929
full_semantic.v_shift,p50,-0.0003412514925003052,0.5,0.5,0.9022988505747126,0.8219895287958116
full_semantic.v_shift,p60,0.008126269280910484,0.3994252873563218,0.4281609195402299,0.9080459770114943,0.8
full_semantic.v_shift,p70,0.029350761324167238,0.3017241379310345,0.2959770114942529,0.9252873563218391,0.7777777777777778
full_semantic.v_shift,p80,0.05018511414527898,0.20114942528735633,0.23563218390804597,0.9425287356321839,0.7674418604651163
full_semantic.v_shift,p90,0.07893871143460274,0.10057471264367816,0.11781609195402298,0.9425287356321839,0.5833333333333334
full_semantic.value_scale_shift,zero,0.0,0.5201149425287356,0.5,0.8936781609195402,0.8112244897959183
full_semantic.value_scale_shift,p10,-0.02184708695858717,0.8994252873563219,0.8908045977011494,0.9626436781609196,0.9591194968553459
full_semantic.value_scale_shift,p20,-0.01487269215285778,0.7988505747126436,0.7988505747126436,0.9310344827586207,0.9172413793103448
full_semantic.value_scale_shift,p30,-0.0077526158653199685,0.6982758620689655,0.6982758620689655,0.9195402298850575,0.8910505836575876
full_semantic.value_scale_shift,p40,-0.0024468924850225443,0.6005747126436781,0.5660919540229885,0.8850574712643678,0.820627802690583
full_semantic.value_scale_shift,p50,0.0006096884608268738,0.5,0.4827586206896552,0.8908045977011494,0.8
full_semantic.value_scale_shift,p60,0.0040544398128986355,0.3994252873563218,0.3879310344827586,0.8908045977011494,0.7564102564102564
full_semantic.value_scale_shift,p70,0.010126402415335172,0.3017241379310345,0.28735632183908044,0.8994252873563219,0.7083333333333334
full_semantic.value_scale_shift,p80,0.018863501399755483,0.20114942528735633,0.19540229885057472,0.9252873563218391,0.6829268292682927
full_semantic.value_scale_shift,p90,0.03156238812953235,0.10057471264367816,0.11206896551724138,0.9540229885057471,0.6444444444444445
full_semantic.policy_shift,zero,0.0,0.5057471264367817,0.5057471264367817,0.8735632183908046,0.7777777777777778
full_semantic.policy_shift,p10,-0.030927557498216626,0.8994252873563219,0.9109195402298851,0.9367816091954023,0.9325153374233128
full_semantic.policy_shift,p20,-0.020111143589019775,0.7988505747126436,0.8189655172413793,0.9109195402298851,0.8956228956228957
full_semantic.policy_shift,p30,-0.012180219078436494,0.6982758620689655,0.75,0.8735632183908046,0.8394160583941606
full_semantic.policy_shift,p40,-0.004432520270347594,0.6005747126436781,0.5862068965517241,0.8649425287356322,0.7956521739130434
full_semantic.policy_shift,p50,0.0003137271851301193,0.5,0.5,0.8735632183908046,0.7755102040816326
full_semantic.policy_shift,p60,0.007013048976659774,0.3994252873563218,0.3764367816091954,0.8735632183908046,0.7197452229299363
full_semantic.policy_shift,p70,0.019976702518761137,0.3017241379310345,0.2672413793103448,0.867816091954023,0.6229508196721312
full_semantic.policy_shift,p80,0.035096606798470036,0.20114942528735633,0.1752873563218391,0.9281609195402298,0.6794871794871795
full_semantic.policy_shift,p90,0.05426070606335998,0.10057471264367816,0.10344827586206896,0.9224137931034483,0.4489795918367347
identity.q_shift,zero,0.0,0.514367816091954,0.5057471264367817,0.9224137931034483,0.8586387434554974
identity.q_shift,p10,-0.09734144732356072,0.8994252873563219,0.9281609195402298,0.9712643678160919,0.9690402476780186
identity.q_shift,p20,-0.052060721814632414,0.7988505747126436,0.8333333333333334,0.9540229885057471,0.9452054794520548
identity.q_shift,p30,-0.02924499139189721,0.6982758620689655,0.7298850574712644,0.9683908045977011,0.9566929133858267
identity.q_shift,p40,-0.011189977824687955,0.6005747126436781,0.6350574712643678,0.9540229885057471,0.9282511210762332
identity.q_shift,p50,0.0014853626489639282,0.5,0.47988505747126436,0.9339080459770115,0.8736263736263736
identity.q_shift,p60,0.013841526210308073,0.3994252873563218,0.3735632183908046,0.9511494252873564,0.8811188811188811
identity.q_shift,p70,0.034321220219135286,0.3017241379310345,0.29310344827586204,0.9396551724137931,0.8157894736842105
identity.q_shift,p80,0.05922936201095588,0.20114942528735633,0.16091954022988506,0.9540229885057471,0.7746478873239436
identity.q_shift,p90,0.10492524504661563,0.10057471264367816,0.07758620689655173,0.9770114942528736,0.7714285714285715
identity.k_shift,zero,0.0,0.5086206896551724,0.5,0.9568965517241379,0.9180327868852459
identity.k_shift,p10,-0.13799686804413797,0.8994252873563219,0.9281609195402298,0.9712643678160919,0.9690402476780186
identity.k_shift,p20,-0.08364308327436447,0.7988505747126436,0.8477011494252874,0.9454022988505747,0.9358108108108109
identity.k_shift,p30,-0.04966091886162759,0.6982758620689655,0.7241379310344828,0.9683908045977011,0.9565217391304348
identity.k_shift,p40,-0.02623152881860733,0.6005747126436781,0.6293103448275862,0.9482758620689655,0.9192825112107623
identity.k_shift,p50,0.0010256767272949219,0.5,0.5,0.9655172413793104,0.9333333333333333
identity.k_shift,p60,0.024221289157867414,0.3994252873563218,0.3764367816091954,0.9482758620689655,0.875
identity.k_shift,p70,0.04908614754676817,0.3017241379310345,0.27586206896551724,0.9568965517241379,0.8611111111111112
identity.k_shift,p80,0.0952629938721657,0.20114942528735633,0.1724137931034483,0.9597701149425287,0.8055555555555556
identity.k_shift,p90,0.15015914142131806,0.10057471264367816,0.06609195402298851,0.9597701149425287,0.6111111111111112
identity.v_shift,zero,0.0,0.49137931034482757,0.514367816091954,0.8908045977011494,0.8041237113402062
identity.v_shift,p10,-0.08953442126512527,0.8994252873563219,0.9080459770114943,0.9568965517241379,0.953416149068323
identity.v_shift,p20,-0.04943565726280212,0.7988505747126436,0.8017241379310345,0.9281609195402298,0.9140893470790378
identity.v_shift,p30,-0.02582762017846108,0.6982758620689655,0.6781609195402298,0.9109195402298851,0.8784313725490196
identity.v_shift,p40,-0.01322309970855712,0.6005747126436781,0.6149425287356322,0.8879310344827587,0.8311688311688312
identity.v_shift,p50,-0.0005318224430084229,0.5,0.514367816091954,0.8879310344827587,0.8010204081632653
identity.v_shift,p60,0.009827199578285217,0.3994252873563218,0.4109195402298851,0.8793103448275862,0.7407407407407407
identity.v_shift,p70,0.02756313234567638,0.3017241379310345,0.3074712643678161,0.896551724137931,0.7096774193548387
identity.v_shift,p80,0.04658703655004502,0.20114942528735633,0.22126436781609196,0.8936781609195402,0.5978260869565217
identity.v_shift,p90,0.0693531520664692,0.10057471264367816,0.10344827586206896,0.9396551724137931,0.5434782608695652
identity.value_scale_shift,zero,0.0,0.5,0.514367816091954,0.8477011494252874,0.7389162561576355
identity.value_scale_shift,p10,-0.020214140135794877,0.8994252873563219,0.9166666666666666,0.9425287356321839,0.9386503067484663
identity.value_scale_shift,p20,-0.013343361765146255,0.7988505747126436,0.8132183908045977,0.9166666666666666,0.9016949152542373
identity.value_scale_shift,p30,-0.006119135580956936,0.6982758620689655,0.6839080459770115,0.8879310344827587,0.85
identity.value_scale_shift,p40,-0.0024722486734390253,0.6005747126436781,0.6063218390804598,0.867816091954023,0.8025751072961373
identity.value_scale_shift,p50,5.14322891831398e-06,0.5,0.514367816091954,0.8477011494252874,0.7389162561576355
identity.value_scale_shift,p60,0.003569705784320831,0.3994252873563218,0.3649425287356322,0.896551724137931,0.7615894039735099
identity.value_scale_shift,p70,0.009086823184043165,0.3017241379310345,0.27298850574712646,0.8850574712643678,0.6666666666666666
identity.value_scale_shift,p80,0.01441408507525921,0.20114942528735633,0.19540229885057472,0.9195402298850575,0.6626506024096386
identity.value_scale_shift,p90,0.02398274559527636,0.10057471264367816,0.09195402298850575,0.9454022988505747,0.5581395348837209
identity.policy_shift,zero,0.0,0.5201149425287356,0.5114942528735632,0.8764367816091954,0.7860696517412935
identity.policy_shift,p10,-0.030041728261858226,0.8994252873563219,0.9224137931034483,0.9252873563218391,0.9212121212121213
identity.policy_shift,p20,-0.01889925356954336,0.7988505747126436,0.8448275862068966,0.9195402298850575,0.9066666666666666
identity.policy_shift,p30,-0.009996874816715719,0.6982758620689655,0.7126436781609196,0.8936781609195402,0.8598484848484849
identity.policy_shift,p40,-0.0036689350381493555,0.6005747126436781,0.6206896551724138,0.8591954022988506,0.7932489451476793
identity.policy_shift,p50,0.0006826091557741165,0.5,0.4885057471264368,0.8793103448275862,0.7823834196891192
identity.policy_shift,p60,0.005479459650814532,0.3994252873563218,0.40229885057471265,0.8936781609195402,0.7658227848101266
identity.policy_shift,p70,0.01657416205853222,0.3017241379310345,0.2672413793103448,0.8908045977011494,0.6779661016949152
identity.policy_shift,p80,0.027693825960159305,0.20114942528735633,0.1925287356321839,0.9166666666666666,0.6506024096385542
identity.policy_shift,p90,0.049217840097844606,0.10057471264367816,0.08620689655172414,0.9224137931034483,0.41304347826086957
paraphrase.q_shift,zero,0.0,0.5057471264367817,0.5,0.9425287356321839,0.8918918918918919
paraphrase.q_shift,p10,-0.09664110615849494,0.8994252873563219,0.9137931034482759,0.985632183908046,0.9842767295597484
paraphrase.q_shift,p20,-0.05088500529527664,0.7988505747126436,0.8189655172413793,0.9568965517241379,0.9480968858131488
paraphrase.q_shift,p30,-0.02813438251614571,0.6982758620689655,0.7270114942528736,0.9712643678160919,0.9604743083003953
paraphrase.q_shift,p40,-0.010562697052955622,0.6005747126436781,0.632183908045977,0.9568965517241379,0.9324324324324325
paraphrase.q_shift,p50,0.000500120222568512,0.5,0.4827586206896552,0.9482758620689655,0.9
paraphrase.q_shift,p60,0.012134507298469528,0.3994252873563218,0.3936781609195402,0.9655172413793104,0.9166666666666666
paraphrase.q_shift,p70,0.03174933493137357,0.3017241379310345,0.29310344827586204,0.9454022988505747,0.831858407079646
paraphrase.q_shift,p80,0.05500705838203432,0.20114942528735633,0.19540229885057472,0.9655172413793104,0.84
paraphrase.q_shift,p90,0.09921575263142593,0.10057471264367816,0.08045977011494253,0.9798850574712644,0.8
paraphrase.k_shift,zero,0.0,0.5057471264367817,0.5114942528735632,0.9712643678160919,0.945054945054945
paraphrase.k_shift,p10,-0.13812199681997298,0.8994252873563219,0.9252873563218391,0.9741379310344828,0.9720496894409938
paraphrase.k_shift,p20,-0.07911553382873535,0.7988505747126436,0.8419540229885057,0.9511494252873564,0.9421768707482994
paraphrase.k_shift,p30,-0.04463383331894875,0.6982758620689655,0.7097701149425287,0.9597701149425287,0.9444444444444444
paraphrase.k_shift,p40,-0.024264682829380036,0.6005747126436781,0.6149425287356322,0.9511494252873564,0.9227272727272727
paraphrase.k_shift,p50,0.00043380632996559143,0.5,0.5057471264367817,0.9712643678160919,0.9444444444444444
paraphrase.k_shift,p60,0.024521796405315377,0.3994252873563218,0.3793103448275862,0.9511494252873564,0.8819444444444444
paraphrase.k_shift,p70,0.04926545247435569,0.3017241379310345,0.29310344827586204,0.9798850574712644,0.9345794392523364
paraphrase.k_shift,p80,0.08916012793779374,0.20114942528735633,0.1867816091954023,0.9683908045977011,0.8493150684931506
paraphrase.k_shift,p90,0.14535898491740232,0.10057471264367816,0.06896551724137931,0.9626436781609196,0.6388888888888888
paraphrase.v_shift,zero,0.0,0.4827586206896552,0.49137931034482757,0.9166666666666666,0.842391304347826
paraphrase.v_shift,p10,-0.08866311684250831,0.8994252873563219,0.9080459770114943,0.9626436781609196,0.9595015576323987
paraphrase.v_shift,p20,-0.04976520389318466,0.7988505747126436,0.8189655172413793,0.9224137931034483,0.9084745762711864
paraphrase.v_shift,p30,-0.022338671982288363,0.6982758620689655,0.6609195402298851,0.8936781609195402,0.8549019607843137
paraphrase.v_shift,p40,-0.013511778414249416,0.6005747126436781,0.6063218390804598,0.9080459770114943,0.8584070796460177
paraphrase.v_shift,p50,-0.0009767189621925354,0.5,0.4942528735632184,0.9195402298850575,0.8502673796791443
paraphrase.v_shift,p60,0.009384250640869134,0.3994252873563218,0.4051724137931034,0.896551724137931,0.7721518987341772
paraphrase.v_shift,p70,0.02663319930434226,0.3017241379310345,0.3160919540229885,0.9051724137931034,0.7338709677419355
paraphrase.v_shift,p80,0.04497856795787813,0.20114942528735633,0.21839080459770116,0.9310344827586207,0.7176470588235294
paraphrase.v_shift,p90,0.07133553177118303,0.10057471264367816,0.10632183908045977,0.9367816091954023,0.5319148936170213
paraphrase.value_scale_shift,zero,0.0,0.4885057471264368,0.49137931034482757,0.8419540229885057,0.7222222222222222
paraphrase.value_scale_shift,p10,-0.018055905029177664,0.8994252873563219,0.8764367816091954,0.9367816091954023,0.93125
paraphrase.value_scale_shift,p20,-0.011339559033513068,0.7988505747126436,0.7586206896551724,0.9022988505747126,0.8819444444444444
paraphrase.value_scale_shift,p30,-0.006256805919110775,0.6982758620689655,0.6752873563218391,0.8793103448275862,0.8384615384615385
paraphrase.value_scale_shift,p40,-0.0027745131403207777,0.6005747126436781,0.6120689655172413,0.8620689655172413,0.7957446808510639
paraphrase.value_scale_shift,p50,-6.566988304257393e-05,0.5,0.49712643678160917,0.8477011494252874,0.735
paraphrase.value_scale_shift,p60,0.0035108372569084153,0.3994252873563218,0.382183908045977,0.8793103448275862,0.732484076433121
paraphrase.value_scale_shift,p70,0.00753667838871479,0.3017241379310345,0.3103448275862069,0.8706896551724138,0.6511627906976745
paraphrase.value_scale_shift,p80,0.012584267929196365,0.20114942528735633,0.22701149425287356,0.8994252873563219,0.6195652173913043
paraphrase.value_scale_shift,p90,0.021712152101099495,0.10057471264367816,0.13218390804597702,0.9396551724137931,0.5882352941176471
paraphrase.policy_shift,zero,0.0,0.5287356321839081,0.5114942528735632,0.867816091954023,0.7745098039215687
paraphrase.policy_shift,p10,-0.028222811594605445,0.8994252873563219,0.9109195402298851,0.9540229885057471,0.9504643962848297
paraphrase.policy_shift,p20,-0.01676681507378816,0.7988505747126436,0.8132183908045977,0.9051724137931034,0.8888888888888888
paraphrase.policy_shift,p30,-0.010119834262877703,0.6982758620689655,0.7212643678160919,0.9137931034482759,0.8854961832061069
paraphrase.policy_shift,p40,-0.003682409226894378,0.6005747126436781,0.603448275862069,0.8591954022988506,0.7905982905982906
paraphrase.policy_shift,p50,0.001585931982845068,0.5,0.45977011494252873,0.8448275862068966,0.7216494845360825
paraphrase.policy_shift,p60,0.006531330756843086,0.3994252873563218,0.367816091954023,0.8591954022988506,0.689873417721519
paraphrase.policy_shift,p70,0.014480543602257964,0.3017241379310345,0.27873563218390807,0.8563218390804598,0.6031746031746031
paraphrase.policy_shift,p80,0.026227914169430745,0.20114942528735633,0.1867816091954023,0.8936781609195402,0.5697674418604651
paraphrase.policy_shift,p90,0.043752997834235446,0.10057471264367816,0.10919540229885058,0.9224137931034483,0.46
scene.q_shift,zero,0.0,0.5172413793103449,0.5028735632183908,0.9568965517241379,0.918918918918919
scene.q_shift,p10,-0.10342554971575736,0.8994252873563219,0.9051724137931034,0.9942528735632183,0.9936507936507937
scene.q_shift,p20,-0.05631132125854492,0.7988505747126436,0.7959770114942529,0.9626436781609196,0.954225352112676
scene.q_shift,p30,-0.03322434276342392,0.6982758620689655,0.7011494252873564,0.9741379310344828,0.9637096774193549
scene.q_shift,p40,-0.012246707081794737,0.6005747126436781,0.6005747126436781,0.9655172413793104,0.9441860465116279
scene.q_shift,p50,0.0017394423484802246,0.5,0.47413793103448276,0.9511494252873564,0.9044943820224719
scene.q_shift,p60,0.016309861838817587,0.3994252873563218,0.39655172413793105,0.9741379310344828,0.9370629370629371
scene.q_shift,p70,0.03424930125474927,0.3017241379310345,0.3275862068965517,0.9511494252873564,0.8559322033898306
scene.q_shift,p80,0.061289444565773024,0.20114942528735633,0.20402298850574713,0.9568965517241379,0.8076923076923077
scene.q_shift,p90,0.10621749907732013,0.10057471264367816,0.11206896551724138,0.9885057471264368,0.8974358974358975
scene.k_shift,zero,0.0,0.5086206896551724,0.5057471264367817,0.9511494252873564,0.9081081081081082
scene.k_shift,p10,-0.14216606840491294,0.8994252873563219,0.896551724137931,0.985632183908046,0.9841269841269841
scene.k_shift,p20,-0.08260781168937682,0.7988505747126436,0.7902298850574713,0.9741379310344828,0.9679715302491103
scene.k_shift,p30,-0.04846746996045113,0.6982758620689655,0.6954022988505747,0.9798850574712644,0.9715447154471545
scene.k_shift,p40,-0.02556159198284149,0.6005747126436781,0.5977011494252874,0.9626436781609196,0.9395348837209302
scene.k_shift,p50,0.002639554440975189,0.5,0.5,0.9540229885057471,0.9120879120879121
scene.k_shift,p60,0.02223837226629256,0.3994252873563218,0.40804597701149425,0.9568965517241379,0.8986486486486487
scene.k_shift,p70,0.050577254593372305,0.3017241379310345,0.3074712643678161,0.9712643678160919,0.9099099099099099
scene.k_shift,p80,0.1024762198328972,0.20114942528735633,0.20977011494252873,0.9741379310344828,0.881578947368421
scene.k_shift,p90,0.1513506211340428,0.10057471264367816,0.10919540229885058,0.9683908045977011,0.7380952380952381
scene.v_shift,zero,0.0,0.47988505747126436,0.4942528735632184,0.9109195402298851,0.8324324324324325
scene.v_shift,p10,-0.08946388959884644,0.8994252873563219,0.882183908045977,0.9712643678160919,0.9682539682539683
scene.v_shift,p20,-0.05143481343984603,0.7988505747126436,0.8160919540229885,0.9482758620689655,0.9379310344827586
scene.v_shift,p30,-0.025575634837150574,0.6982758620689655,0.6666666666666666,0.9339080459770115,0.9076305220883534
scene.v_shift,p40,-0.011125686764717098,0.6005747126436781,0.5948275862068966,0.9022988505747126,0.8488888888888889
scene.v_shift,p50,-0.0009256154298782349,0.5,0.5,0.9022988505747126,0.8219895287958116
scene.v_shift,p60,0.008414691686630237,0.3994252873563218,0.41379310344827586,0.9224137931034483,0.8258064516129032
scene.v_shift,p70,0.026834508031606665,0.3017241379310345,0.3017241379310345,0.9425287356321839,0.8260869565217391
scene.v_shift,p80,0.0462318152189255,0.20114942528735633,0.21839080459770116,0.9195402298850575,0.6781609195402298
scene.v_shift,p90,0.07405442148447038,0.10057471264367816,0.10344827586206896,0.9339080459770115,0.5106382978723404
scene.value_scale_shift,zero,0.0,0.5114942528735632,0.5,0.8735632183908046,0.7777777777777778
scene.value_scale_shift,p10,-0.02074899636209011,0.8994252873563219,0.8764367816091954,0.9540229885057471,0.9495268138801262
scene.value_scale_shift,p20,-0.013150494173169134,0.7988505747126436,0.7816091954022989,0.9080459770114943,0.8900343642611683
scene.value_scale_shift,p30,-0.007361671980470422,0.6982758620689655,0.6724137931034483,0.882183908045977,0.8416988416988417
scene.value_scale_shift,p40,-0.0026893362402915922,0.6005747126436781,0.5862068965517241,0.8649425287356322,0.7956521739130434
scene.value_scale_shift,p50,0.0004449593834578991,0.5,0.47988505747126436,0.8706896551724138,0.7668393782383419
scene.value_scale_shift,p60,0.0035453289747238155,0.3994252873563218,0.39655172413793105,0.8764367816091954,0.73125
scene.value_scale_shift,p70,0.007677359506487844,0.3017241379310345,0.3218390804597701,0.882183908045977,0.6821705426356589
scene.value_scale_shift,p80,0.014013133570551888,0.20114942528735633,0.22701149425287356,0.9109195402298851,0.6555555555555556
scene.value_scale_shift,p90,0.02350226426497102,0.10057471264367816,0.14942528735632185,0.9396551724137931,0.6111111111111112
scene.policy_shift,zero,0.0,0.5316091954022989,0.5057471264367817,0.8477011494252874,0.7439613526570048
scene.policy_shift,p10,-0.028713423106819392,0.8994252873563219,0.8908045977011494,0.9454022988505747,0.940809968847352
scene.policy_shift,p20,-0.018553228210657833,0.7988505747126436,0.8017241379310345,0.9109195402298851,0.8945578231292517
scene.policy_shift,p30,-0.01201107823289931,0.6982758620689655,0.7155172413793104,0.867816091954023,0.828996282527881
scene.policy_shift,p40,-0.003820457309484479,0.6005747126436781,0.5862068965517241,0.8706896551724138,0.8034934497816594
scene.policy_shift,p50,0.0013102483935654163,0.5,0.47988505747126436,0.8362068965517241,0.7135678391959799
scene.policy_shift,p60,0.007418449223041534,0.3994252873563218,0.3793103448275862,0.8477011494252874,0.6728395061728395
scene.policy_shift,p70,0.013303619436919685,0.3017241379310345,0.3160919540229885,0.8706896551724138,0.6538461538461539
scene.policy_shift,p80,0.026850657910108586,0.20114942528735633,0.21839080459770116,0.8850574712643678,0.5698924731182796
scene.policy_shift,p90,0.04987022727727893,0.10057471264367816,0.09482758620689655,0.9425287356321839,0.5454545454545454
