dataset_index,job_id,kind,records,states,bad_layer_groups,tensor_failures,max_rope_reconstruction_error,max_rope_reconstruction_rms_error,max_recent_value_preservation_error,run_commit,passed
0,moviebench_history_intervention_000,history_intervention,270,9,0,0,0.005263158120214939,1.9259092368884012e-05,0.0,1ad4dd3bf8dbd808bfe1eaca52e746b992870d19,1
1,moviebench_history_intervention_001,history_intervention,270,9,0,0,0.0054054055362939835,2.6119378162547946e-05,0.0,1ad4dd3bf8dbd808bfe1eaca52e746b992870d19,1
2,moviebench_history_intervention_002,history_intervention,270,9,0,0,0.005586592014878988,1.6444957509520464e-05,0.0,1ad4dd3bf8dbd808bfe1eaca52e746b992870d19,1
3,moviebench_history_intervention_003,history_intervention,270,9,0,0,0.0049019609577953815,1.645645716052968e-05,0.0,1ad4dd3bf8dbd808bfe1eaca52e746b992870d19,1
4,moviebench_history_intervention_004,history_intervention,270,9,0,0,0.005291005130857229,1.809983587008901e-05,0.0,1ad4dd3bf8dbd808bfe1eaca52e746b992870d19,1
5,moviebench_history_intervention_005,history_intervention,270,9,0,0,0.0052083334885537624,1.564471676829271e-05,0.0,1ad4dd3bf8dbd808bfe1eaca52e746b992870d19,1
6,moviebench_history_intervention_006,history_intervention,270,9,0,0,0.004975124262273312,1.660204361542128e-05,0.0,1ad4dd3bf8dbd808bfe1eaca52e746b992870d19,1
7,moviebench_history_intervention_007,history_intervention,270,9,0,0,0.005319148767739534,1.6410387615906075e-05,0.0,1ad4dd3bf8dbd808bfe1eaca52e746b992870d19,1
8,moviebench_history_intervention_008,history_intervention,270,9,0,0,0.0047846888191998005,1.644887925067451e-05,0.0,1ad4dd3bf8dbd808bfe1eaca52e746b992870d19,1
9,moviebench_history_intervention_009,history_intervention,270,9,0,0,0.005347593687474728,1.3418569324130658e-05,0.0,1ad4dd3bf8dbd808bfe1eaca52e746b992870d19,1
10,moviebench_history_intervention_010,history_intervention,270,9,0,0,0.005102040711790323,1.4975388694438152e-05,0.0,1ad4dd3bf8dbd808bfe1eaca52e746b992870d19,1
11,moviebench_history_intervention_011,history_intervention,270,9,0,0,0.005181347019970417,1.2948446965310723e-05,0.0,1ad4dd3bf8dbd808bfe1eaca52e746b992870d19,1
12,moviebench_history_intervention_012,history_intervention,270,9,0,0,0.005376344081014395,1.3887831300962716e-05,0.0,1ad4dd3bf8dbd808bfe1eaca52e746b992870d19,1
13,moviebench_history_intervention_013,history_intervention,270,9,0,0,0.004878048785030842,1.702517329249531e-05,0.0,1ad4dd3bf8dbd808bfe1eaca52e746b992870d19,1
14,moviebench_history_intervention_014,history_intervention,270,9,0,0,0.005025125574320555,1.6399688320234418e-05,0.0,1ad4dd3bf8dbd808bfe1eaca52e746b992870d19,1
15,moviebench_history_intervention_015,history_intervention,270,9,0,0,0.005102040711790323,1.6211655747611076e-05,0.0,1ad4dd3bf8dbd808bfe1eaca52e746b992870d19,1
16,moviebench_history_intervention_016,history_intervention,270,9,0,0,0.0055555556900799274,1.6272271750494838e-05,0.0,1ad4dd3bf8dbd808bfe1eaca52e746b992870d19,1
17,moviebench_history_intervention_017,history_intervention,270,9,0,0,0.006802720949053764,2.2732418074156158e-05,0.0,1ad4dd3bf8dbd808bfe1eaca52e746b992870d19,1
18,moviebench_history_intervention_018,history_intervention,270,9,0,0,0.0052083334885537624,1.7088868844439276e-05,0.0,1ad4dd3bf8dbd808bfe1eaca52e746b992870d19,1
19,moviebench_history_intervention_019,history_intervention,270,9,0,0,0.005235602147877216,1.3590039998234715e-05,0.0,1ad4dd3bf8dbd808bfe1eaca52e746b992870d19,1
20,moviebench_history_intervention_020,history_intervention,270,9,0,0,0.005494505632668734,1.3044563274888787e-05,0.0,1ad4dd3bf8dbd808bfe1eaca52e746b992870d19,1
21,moviebench_history_intervention_021,history_intervention,270,9,0,0,0.005263158120214939,2.022392800427042e-05,0.0,1ad4dd3bf8dbd808bfe1eaca52e746b992870d19,1
22,moviebench_history_intervention_022,history_intervention,270,9,0,0,0.005347593687474728,1.4626900338043924e-05,0.0,1ad4dd3bf8dbd808bfe1eaca52e746b992870d19,1
23,moviebench_history_intervention_023,history_intervention,270,9,0,0,0.005347593687474728,1.4501702025881968e-05,0.0,1ad4dd3bf8dbd808bfe1eaca52e746b992870d19,1
24,moviebench_history_intervention_024,history_intervention,270,9,0,0,0.00657894741743803,1.6910731574171223e-05,0.0,1ad4dd3bf8dbd808bfe1eaca52e746b992870d19,1
25,moviebench_history_intervention_025,history_intervention,270,9,0,0,0.005586592014878988,1.7164114979095757e-05,0.0,1ad4dd3bf8dbd808bfe1eaca52e746b992870d19,1
26,moviebench_history_intervention_026,history_intervention,270,9,0,0,0.005347593687474728,1.6398962543462403e-05,0.0,1ad4dd3bf8dbd808bfe1eaca52e746b992870d19,1
27,moviebench_history_intervention_027,history_intervention,270,9,0,0,0.0054054055362939835,2.338926788070239e-05,0.0,1ad4dd3bf8dbd808bfe1eaca52e746b992870d19,1
28,moviebench_history_intervention_028,history_intervention,270,9,0,0,0.0054054055362939835,1.3447960554913152e-05,0.0,1ad4dd3bf8dbd808bfe1eaca52e746b992870d19,1
29,moviebench_history_intervention_029,history_intervention,270,9,0,0,0.005494505632668734,1.6911937564145774e-05,0.0,1ad4dd3bf8dbd808bfe1eaca52e746b992870d19,1
30,moviebench_history_intervention_030,history_intervention,270,9,0,0,0.00561797758564353,2.3092770788935013e-05,0.0,1ad4dd3bf8dbd808bfe1eaca52e746b992870d19,1
31,moviebench_history_intervention_031,history_intervention,270,9,0,0,0.005464480724185705,1.9911713025067e-05,0.0,1ad4dd3bf8dbd808bfe1eaca52e746b992870d19,1
32,moviebench_history_intervention_032,history_intervention,270,9,0,0,0.005494505632668734,1.4988069779064972e-05,0.0,1ad4dd3bf8dbd808bfe1eaca52e746b992870d19,1
33,moviebench_history_intervention_033,history_intervention,270,9,0,0,0.005376344081014395,1.6319587302859873e-05,0.0,1ad4dd3bf8dbd808bfe1eaca52e746b992870d19,1
34,moviebench_history_intervention_034,history_intervention,270,9,0,0,0.004975124262273312,1.3980063158669509e-05,0.0,1ad4dd3bf8dbd808bfe1eaca52e746b992870d19,1
35,moviebench_history_intervention_035,history_intervention,270,9,0,0,0.005376344081014395,2.3467428036383353e-05,0.0,1ad4dd3bf8dbd808bfe1eaca52e746b992870d19,1
36,moviebench_history_intervention_036,history_intervention,270,9,0,0,0.004830917809158564,1.632054045330733e-05,0.0,1ad4dd3bf8dbd808bfe1eaca52e746b992870d19,1
37,moviebench_history_intervention_037,history_intervention,270,9,0,0,0.005434782709926367,1.5119774616323411e-05,0.0,1ad4dd3bf8dbd808bfe1eaca52e746b992870d19,1
38,moviebench_history_intervention_038,history_intervention,270,9,0,0,0.004566209856420755,1.646086820983328e-05,0.0,1ad4dd3bf8dbd808bfe1eaca52e746b992870d19,1
39,moviebench_history_intervention_039,history_intervention,270,9,0,0,0.005586592014878988,1.399661232426297e-05,0.0,1ad4dd3bf8dbd808bfe1eaca52e746b992870d19,1
40,moviebench_history_intervention_040,history_intervention,270,9,0,0,0.005235602147877216,1.6809945009299554e-05,0.0,1ad4dd3bf8dbd808bfe1eaca52e746b992870d19,1
41,moviebench_history_intervention_041,history_intervention,270,9,0,0,0.005050505045801401,1.4942471352696884e-05,0.0,1ad4dd3bf8dbd808bfe1eaca52e746b992870d19,1
42,moviebench_history_intervention_042,history_intervention,270,9,0,0,0.005319148767739534,1.66971622093115e-05,0.0,1ad4dd3bf8dbd808bfe1eaca52e746b992870d19,1
43,moviebench_history_intervention_043,history_intervention,270,9,0,0,0.004999999888241291,1.6610511011094786e-05,0.0,1ad4dd3bf8dbd808bfe1eaca52e746b992870d19,1
44,moviebench_history_intervention_044,history_intervention,270,9,0,0,0.005494505632668734,1.634582986298483e-05,0.0,1ad4dd3bf8dbd808bfe1eaca52e746b992870d19,1
45,moviebench_history_intervention_045,history_intervention,270,9,0,0,0.005291005130857229,1.3648120329889935e-05,0.0,1ad4dd3bf8dbd808bfe1eaca52e746b992870d19,1
46,moviebench_history_intervention_046,history_intervention,270,9,0,0,0.006211180239915848,1.5625251762685366e-05,0.0,1ad4dd3bf8dbd808bfe1eaca52e746b992870d19,1
47,moviebench_history_intervention_047,history_intervention,270,9,0,0,0.005434782709926367,1.6919524568947963e-05,0.0,1ad4dd3bf8dbd808bfe1eaca52e746b992870d19,1
48,moviebench_history_intervention_048,history_intervention,270,9,0,0,0.004739336669445038,2.7729100111173466e-05,0.0,1ad4dd3bf8dbd808bfe1eaca52e746b992870d19,1
49,moviebench_history_intervention_049,history_intervention,270,9,0,0,0.005524862091988325,2.286411836394109e-05,0.0,1ad4dd3bf8dbd808bfe1eaca52e746b992870d19,1
50,moviebench_history_intervention_050,history_intervention,270,9,0,0,0.004878048785030842,1.4307466699392535e-05,0.0,1ad4dd3bf8dbd808bfe1eaca52e746b992870d19,1
51,moviebench_history_intervention_051,history_intervention,270,9,0,0,0.005524862091988325,2.3218499336508103e-05,0.0,1ad4dd3bf8dbd808bfe1eaca52e746b992870d19,1
52,moviebench_history_intervention_052,history_intervention,270,9,0,0,0.005102040711790323,2.7593618142418563e-05,0.0,1ad4dd3bf8dbd808bfe1eaca52e746b992870d19,1
53,moviebench_history_intervention_053,history_intervention,270,9,0,0,0.005586592014878988,2.5936311430996284e-05,0.0,1ad4dd3bf8dbd808bfe1eaca52e746b992870d19,1
54,moviebench_history_intervention_054,history_intervention,270,9,0,0,0.005649717524647713,1.3941011275164783e-05,0.0,1ad4dd3bf8dbd808bfe1eaca52e746b992870d19,1
55,moviebench_history_intervention_055,history_intervention,270,9,0,0,0.005434782709926367,2.600418338261079e-05,0.0,1ad4dd3bf8dbd808bfe1eaca52e746b992870d19,1
56,moviebench_history_intervention_056,history_intervention,270,9,0,0,0.005025125574320555,3.0188693926902488e-05,0.0,1ad4dd3bf8dbd808bfe1eaca52e746b992870d19,1
57,moviebench_history_intervention_057,history_intervention,270,9,0,0,0.0054054055362939835,2.6080448151333258e-05,0.0,1ad4dd3bf8dbd808bfe1eaca52e746b992870d19,1
58,moviebench_history_intervention_058,history_intervention,270,9,0,0,0.006493506487458944,1.9447668819339015e-05,0.0,1ad4dd3bf8dbd808bfe1eaca52e746b992870d19,1
59,moviebench_history_intervention_059,history_intervention,270,9,0,0,0.005076142027974129,1.6082289221230894e-05,0.0,1ad4dd3bf8dbd808bfe1eaca52e746b992870d19,1
60,moviebench_history_intervention_060,history_intervention,270,9,0,0,0.0049019609577953815,1.6504674931638874e-05,0.0,1ad4dd3bf8dbd808bfe1eaca52e746b992870d19,1
61,moviebench_history_intervention_061,history_intervention,270,9,0,0,0.005494505632668734,1.5017351870483253e-05,0.0,1ad4dd3bf8dbd808bfe1eaca52e746b992870d19,1
62,moviebench_history_intervention_062,history_intervention,270,9,0,0,0.005434782709926367,1.6460302504128776e-05,0.0,1ad4dd3bf8dbd808bfe1eaca52e746b992870d19,1
63,moviebench_history_intervention_063,history_intervention,270,9,0,0,0.005319148767739534,2.025876528932713e-05,0.0,1ad4dd3bf8dbd808bfe1eaca52e746b992870d19,1
64,moviebench_history_intervention_064,history_intervention,270,9,0,0,0.005524862091988325,1.792309012671467e-05,0.0,1ad4dd3bf8dbd808bfe1eaca52e746b992870d19,1
65,moviebench_history_intervention_065,history_intervention,270,9,0,0,0.0054054055362939835,2.574043355707545e-05,0.0,1ad4dd3bf8dbd808bfe1eaca52e746b992870d19,1
66,moviebench_history_intervention_066,history_intervention,270,9,0,0,0.005464480724185705,1.3954404494143091e-05,0.0,1ad4dd3bf8dbd808bfe1eaca52e746b992870d19,1
67,moviebench_history_intervention_067,history_intervention,270,9,0,0,0.005347593687474728,1.8682207155507058e-05,0.0,1ad4dd3bf8dbd808bfe1eaca52e746b992870d19,1
68,moviebench_history_intervention_068,history_intervention,270,9,0,0,0.005464480724185705,1.6820598830236122e-05,0.0,1ad4dd3bf8dbd808bfe1eaca52e746b992870d19,1
69,moviebench_history_intervention_069,history_intervention,270,9,0,0,0.005649717524647713,1.4753661162103526e-05,0.0,1ad4dd3bf8dbd808bfe1eaca52e746b992870d19,1
70,moviebench_history_intervention_070,history_intervention,270,9,0,0,0.005464480724185705,1.3548143215302844e-05,0.0,1ad4dd3bf8dbd808bfe1eaca52e746b992870d19,1
71,moviebench_history_intervention_071,history_intervention,270,9,0,0,0.004807692486792803,1.6389918528147973e-05,0.0,1ad4dd3bf8dbd808bfe1eaca52e746b992870d19,1
72,moviebench_history_intervention_072,history_intervention,270,9,0,0,0.0047846888191998005,1.654525476624258e-05,0.0,1ad4dd3bf8dbd808bfe1eaca52e746b992870d19,1
73,moviebench_history_intervention_073,history_intervention,270,9,0,0,0.0047846888191998005,1.750701449054759e-05,0.0,1ad4dd3bf8dbd808bfe1eaca52e746b992870d19,1
74,moviebench_history_intervention_074,history_intervention,270,9,0,0,0.005524862091988325,1.817712836782448e-05,0.0,1ad4dd3bf8dbd808bfe1eaca52e746b992870d19,1
75,moviebench_history_intervention_075,history_intervention,270,9,0,0,0.005494505632668734,1.63049298862461e-05,0.0,1ad4dd3bf8dbd808bfe1eaca52e746b992870d19,1
76,moviebench_history_intervention_076,history_intervention,270,9,0,0,0.005524862091988325,1.3508547453966457e-05,0.0,1ad4dd3bf8dbd808bfe1eaca52e746b992870d19,1
77,moviebench_history_intervention_077,history_intervention,270,9,0,0,0.005319148767739534,2.0130770280957222e-05,0.0,1ad4dd3bf8dbd808bfe1eaca52e746b992870d19,1
78,moviebench_history_intervention_078,history_intervention,270,9,0,0,0.005747126415371895,2.4329519874299876e-05,0.0,1ad4dd3bf8dbd808bfe1eaca52e746b992870d19,1
79,moviebench_history_intervention_079,history_intervention,270,9,0,0,0.004854368977248669,1.6191193935810588e-05,0.0,1ad4dd3bf8dbd808bfe1eaca52e746b992870d19,1
80,moviebench_history_intervention_080,history_intervention,270,9,0,0,0.005681818351149559,1.6370815501431935e-05,0.0,1ad4dd3bf8dbd808bfe1eaca52e746b992870d19,1
81,moviebench_history_intervention_081,history_intervention,270,9,0,0,0.005524862091988325,1.5644081940990873e-05,0.0,1ad4dd3bf8dbd808bfe1eaca52e746b992870d19,1
82,moviebench_history_intervention_082,history_intervention,270,9,0,0,0.005681818351149559,1.6920705093070865e-05,0.0,1ad4dd3bf8dbd808bfe1eaca52e746b992870d19,1
83,moviebench_history_intervention_083,history_intervention,270,9,0,0,0.005780346691608429,1.4927261872799136e-05,0.0,1ad4dd3bf8dbd808bfe1eaca52e746b992870d19,1
84,moviebench_history_intervention_084,history_intervention,270,9,0,0,0.0054054055362939835,1.629304824746214e-05,0.0,1ad4dd3bf8dbd808bfe1eaca52e746b992870d19,1
85,moviebench_history_intervention_085,history_intervention,270,9,0,0,0.005586592014878988,1.6213220078498125e-05,0.0,1ad4dd3bf8dbd808bfe1eaca52e746b992870d19,1
86,moviebench_history_intervention_086,history_intervention,270,9,0,0,0.005235602147877216,2.2749272829969414e-05,0.0,1ad4dd3bf8dbd808bfe1eaca52e746b992870d19,1
87,moviebench_history_intervention_087,history_intervention,270,9,0,0,0.005494505632668734,1.724209141684696e-05,0.0,1ad4dd3bf8dbd808bfe1eaca52e746b992870d19,1
88,moviebench_history_intervention_088,history_intervention,270,9,0,0,0.005102040711790323,1.3987571037432645e-05,0.0,1ad4dd3bf8dbd808bfe1eaca52e746b992870d19,1
89,moviebench_history_intervention_089,history_intervention,270,9,0,0,0.005681818351149559,1.6941363355726935e-05,0.0,1ad4dd3bf8dbd808bfe1eaca52e746b992870d19,1
90,moviebench_history_intervention_090,history_intervention,270,9,0,0,0.005434782709926367,1.3633268281409983e-05,0.0,1ad4dd3bf8dbd808bfe1eaca52e746b992870d19,1
91,moviebench_history_intervention_091,history_intervention,270,9,0,0,0.004761904943734407,1.6727348338463344e-05,0.0,1ad4dd3bf8dbd808bfe1eaca52e746b992870d19,1
92,moviebench_history_intervention_092,history_intervention,270,9,0,0,0.0051282052882015705,1.3385832971835043e-05,0.0,1ad4dd3bf8dbd808bfe1eaca52e746b992870d19,1
93,moviebench_history_intervention_093,history_intervention,270,9,0,0,0.005347593687474728,1.3871672308596317e-05,0.0,1ad4dd3bf8dbd808bfe1eaca52e746b992870d19,1
94,moviebench_history_intervention_094,history_intervention,270,9,0,0,0.0054054055362939835,1.6569687431911007e-05,0.0,1ad4dd3bf8dbd808bfe1eaca52e746b992870d19,1
95,moviebench_history_intervention_095,history_intervention,270,9,0,0,0.0057142856530845165,1.83002048288472e-05,0.0,1ad4dd3bf8dbd808bfe1eaca52e746b992870d19,1
96,moviebench_history_intervention_096,history_intervention,270,9,0,0,0.005434782709926367,2.638597106852103e-05,0.0,1ad4dd3bf8dbd808bfe1eaca52e746b992870d19,1
97,moviebench_history_intervention_097,history_intervention,270,9,0,0,0.0049019609577953815,1.623928801564034e-05,0.0,1ad4dd3bf8dbd808bfe1eaca52e746b992870d19,1
98,moviebench_history_intervention_098,history_intervention,270,9,0,0,0.005181347019970417,1.4594776075682603e-05,0.0,1ad4dd3bf8dbd808bfe1eaca52e746b992870d19,1
99,moviebench_history_intervention_099,history_intervention,270,9,0,0,0.005917159840464592,1.4570837265637238e-05,0.0,1ad4dd3bf8dbd808bfe1eaca52e746b992870d19,1
100,moviebench_history_intervention_100,history_intervention,270,9,0,0,0.005464480724185705,1.3498210137186106e-05,0.0,1ad4dd3bf8dbd808bfe1eaca52e746b992870d19,1
101,moviebench_history_intervention_101,history_intervention,270,9,0,0,0.005376344081014395,1.472697204008e-05,0.0,1ad4dd3bf8dbd808bfe1eaca52e746b992870d19,1
102,moviebench_history_intervention_102,history_intervention,270,9,0,0,0.0062500000931322575,1.4772789654671215e-05,0.0,1ad4dd3bf8dbd808bfe1eaca52e746b992870d19,1
103,moviebench_history_intervention_103,history_intervention,270,9,0,0,0.005235602147877216,1.397881715092808e-05,0.0,1ad4dd3bf8dbd808bfe1eaca52e746b992870d19,1
104,moviebench_history_intervention_104,history_intervention,270,9,0,0,0.0054054055362939835,1.9997773051727563e-05,0.0,1ad4dd3bf8dbd808bfe1eaca52e746b992870d19,1
105,moviebench_history_intervention_105,history_intervention,270,9,0,0,0.006097560748457909,1.5574598364764825e-05,0.0,1ad4dd3bf8dbd808bfe1eaca52e746b992870d19,1
106,moviebench_history_intervention_106,history_intervention,270,9,0,0,0.005464480724185705,1.7676391507848166e-05,0.0,1ad4dd3bf8dbd808bfe1eaca52e746b992870d19,1
107,moviebench_history_intervention_107,history_intervention,270,9,0,0,0.0054054055362939835,1.661722308199387e-05,0.0,1ad4dd3bf8dbd808bfe1eaca52e746b992870d19,1
108,moviebench_history_intervention_108,history_intervention,270,9,0,0,0.005586592014878988,1.638187313801609e-05,0.0,1ad4dd3bf8dbd808bfe1eaca52e746b992870d19,1
109,moviebench_history_intervention_109,history_intervention,270,9,0,0,0.005434782709926367,1.9073959265369922e-05,0.0,1ad4dd3bf8dbd808bfe1eaca52e746b992870d19,1
110,moviebench_history_intervention_110,history_intervention,270,9,0,0,0.005376344081014395,1.643586983846035e-05,0.0,1ad4dd3bf8dbd808bfe1eaca52e746b992870d19,1
111,moviebench_history_intervention_111,history_intervention,270,9,0,0,0.0057142856530845165,1.7532378478790633e-05,0.0,1ad4dd3bf8dbd808bfe1eaca52e746b992870d19,1
112,moviebench_history_intervention_112,history_intervention,270,9,0,0,0.005376344081014395,1.2878368579549715e-05,0.0,1ad4dd3bf8dbd808bfe1eaca52e746b992870d19,1
113,moviebench_history_intervention_113,history_intervention,270,9,0,0,0.0049019609577953815,1.8129441741621122e-05,0.0,1ad4dd3bf8dbd808bfe1eaca52e746b992870d19,1
114,moviebench_history_intervention_114,history_intervention,270,9,0,0,0.005434782709926367,2.595037040009629e-05,0.0,1ad4dd3bf8dbd808bfe1eaca52e746b992870d19,1
115,moviebench_history_intervention_115,history_intervention,270,9,0,0,0.005494505632668734,2.2839354642201215e-05,0.0,1ad4dd3bf8dbd808bfe1eaca52e746b992870d19,1
116,moviebench_history_intervention_116,history_intervention,270,9,0,0,0.004926108289510012,2.3159163902164437e-05,0.0,1ad4dd3bf8dbd808bfe1eaca52e746b992870d19,1
117,moviebench_history_intervention_117,history_intervention,270,9,0,0,0.005494505632668734,2.5839022782747634e-05,0.0,1ad4dd3bf8dbd808bfe1eaca52e746b992870d19,1
118,moviebench_history_intervention_118,history_intervention,270,9,0,0,0.005181347019970417,1.6206075088120997e-05,0.0,1ad4dd3bf8dbd808bfe1eaca52e746b992870d19,1
119,moviebench_history_intervention_119,history_intervention,270,9,0,0,0.0054054055362939835,1.4835391084488947e-05,0.0,1ad4dd3bf8dbd808bfe1eaca52e746b992870d19,1
120,moviebench_history_intervention_120,history_intervention,270,9,0,0,0.005586592014878988,1.6371934179915115e-05,0.0,1ad4dd3bf8dbd808bfe1eaca52e746b992870d19,1
121,moviebench_history_intervention_121,history_intervention,270,9,0,0,0.005291005130857229,2.286560629727319e-05,0.0,1ad4dd3bf8dbd808bfe1eaca52e746b992870d19,1
122,moviebench_history_intervention_122,history_intervention,270,9,0,0,0.005464480724185705,1.3497354302671738e-05,0.0,1ad4dd3bf8dbd808bfe1eaca52e746b992870d19,1
123,moviebench_history_intervention_123,history_intervention,270,9,0,0,0.0055555556900799274,1.8151953554479405e-05,0.0,1ad4dd3bf8dbd808bfe1eaca52e746b992870d19,1
124,moviebench_history_intervention_124,history_intervention,270,9,0,0,0.005347593687474728,1.4463878869719338e-05,0.0,1ad4dd3bf8dbd808bfe1eaca52e746b992870d19,1
125,moviebench_history_intervention_125,history_intervention,270,9,0,0,0.0051282052882015705,1.4059685781830922e-05,0.0,1ad4dd3bf8dbd808bfe1eaca52e746b992870d19,1
126,moviebench_history_intervention_126,history_intervention,270,9,0,0,0.0058823530562222,1.6729165508877486e-05,0.0,1ad4dd3bf8dbd808bfe1eaca52e746b992870d19,1
127,moviebench_history_intervention_127,history_intervention,270,9,0,0,0.005291005130857229,2.427499020996038e-05,0.0,1ad4dd3bf8dbd808bfe1eaca52e746b992870d19,1
