dataset_index,prompt_slot,source_prompt_index,seed_replicate,seed,captured_calls,record_count,downstream_record_count,path
0,0,0,0,148000,2,60,68,/apdcephfs_gy2/share_303214315/cedricnie/develop/training-free/runs/v150_policy_group_confirmation/strength32/profiles/00000_v150_policy_group_strength_p00_src000_s0.pt
1,0,0,1,158000,2,60,68,/apdcephfs_gy2/share_303214315/cedricnie/develop/training-free/runs/v150_policy_group_confirmation/strength32/profiles/00001_v150_policy_group_strength_p00_src000_s1.pt
2,1,1,0,148001,2,60,68,/apdcephfs_gy2/share_303214315/cedricnie/develop/training-free/runs/v150_policy_group_confirmation/strength32/profiles/00002_v150_policy_group_strength_p01_src001_s0.pt
3,1,1,1,158001,2,60,68,/apdcephfs_gy2/share_303214315/cedricnie/develop/training-free/runs/v150_policy_group_confirmation/strength32/profiles/00003_v150_policy_group_strength_p01_src001_s1.pt
4,2,3,0,148003,2,60,68,/apdcephfs_gy2/share_303214315/cedricnie/develop/training-free/runs/v150_policy_group_confirmation/strength32/profiles/00004_v150_policy_group_strength_p02_src003_s0.pt
5,2,3,1,158003,2,60,68,/apdcephfs_gy2/share_303214315/cedricnie/develop/training-free/runs/v150_policy_group_confirmation/strength32/profiles/00005_v150_policy_group_strength_p02_src003_s1.pt
6,3,4,0,148004,2,60,68,/apdcephfs_gy2/share_303214315/cedricnie/develop/training-free/runs/v150_policy_group_confirmation/strength32/profiles/00006_v150_policy_group_strength_p03_src004_s0.pt
7,3,4,1,158004,2,60,68,/apdcephfs_gy2/share_303214315/cedricnie/develop/training-free/runs/v150_policy_group_confirmation/strength32/profiles/00007_v150_policy_group_strength_p03_src004_s1.pt
8,4,7,0,148007,2,60,68,/apdcephfs_gy2/share_303214315/cedricnie/develop/training-free/runs/v150_policy_group_confirmation/strength32/profiles/00008_v150_policy_group_strength_p04_src007_s0.pt
9,4,7,1,158007,2,60,68,/apdcephfs_gy2/share_303214315/cedricnie/develop/training-free/runs/v150_policy_group_confirmation/strength32/profiles/00009_v150_policy_group_strength_p04_src007_s1.pt
10,5,13,0,148013,2,60,68,/apdcephfs_gy2/share_303214315/cedricnie/develop/training-free/runs/v150_policy_group_confirmation/strength32/profiles/00010_v150_policy_group_strength_p05_src013_s0.pt
11,5,13,1,158013,2,60,68,/apdcephfs_gy2/share_303214315/cedricnie/develop/training-free/runs/v150_policy_group_confirmation/strength32/profiles/00011_v150_policy_group_strength_p05_src013_s1.pt
12,6,15,0,148015,2,60,68,/apdcephfs_gy2/share_303214315/cedricnie/develop/training-free/runs/v150_policy_group_confirmation/strength32/profiles/00012_v150_policy_group_strength_p06_src015_s0.pt
13,6,15,1,158015,2,60,68,/apdcephfs_gy2/share_303214315/cedricnie/develop/training-free/runs/v150_policy_group_confirmation/strength32/profiles/00013_v150_policy_group_strength_p06_src015_s1.pt
14,7,17,0,148017,2,60,68,/apdcephfs_gy2/share_303214315/cedricnie/develop/training-free/runs/v150_policy_group_confirmation/strength32/profiles/00014_v150_policy_group_strength_p07_src017_s0.pt
15,7,17,1,158017,2,60,68,/apdcephfs_gy2/share_303214315/cedricnie/develop/training-free/runs/v150_policy_group_confirmation/strength32/profiles/00015_v150_policy_group_strength_p07_src017_s1.pt
16,8,24,0,148024,2,60,68,/apdcephfs_gy2/share_303214315/cedricnie/develop/training-free/runs/v150_policy_group_confirmation/strength32/profiles/00016_v150_policy_group_strength_p08_src024_s0.pt
17,8,24,1,158024,2,60,68,/apdcephfs_gy2/share_303214315/cedricnie/develop/training-free/runs/v150_policy_group_confirmation/strength32/profiles/00017_v150_policy_group_strength_p08_src024_s1.pt
18,9,27,0,148027,2,60,68,/apdcephfs_gy2/share_303214315/cedricnie/develop/training-free/runs/v150_policy_group_confirmation/strength32/profiles/00018_v150_policy_group_strength_p09_src027_s0.pt
19,9,27,1,158027,2,60,68,/apdcephfs_gy2/share_303214315/cedricnie/develop/training-free/runs/v150_policy_group_confirmation/strength32/profiles/00019_v150_policy_group_strength_p09_src027_s1.pt
20,10,31,0,148031,2,60,68,/apdcephfs_gy2/share_303214315/cedricnie/develop/training-free/runs/v150_policy_group_confirmation/strength32/profiles/00020_v150_policy_group_strength_p10_src031_s0.pt
21,10,31,1,158031,2,60,68,/apdcephfs_gy2/share_303214315/cedricnie/develop/training-free/runs/v150_policy_group_confirmation/strength32/profiles/00021_v150_policy_group_strength_p10_src031_s1.pt
22,11,33,0,148033,2,60,68,/apdcephfs_gy2/share_303214315/cedricnie/develop/training-free/runs/v150_policy_group_confirmation/strength32/profiles/00022_v150_policy_group_strength_p11_src033_s0.pt
23,11,33,1,158033,2,60,68,/apdcephfs_gy2/share_303214315/cedricnie/develop/training-free/runs/v150_policy_group_confirmation/strength32/profiles/00023_v150_policy_group_strength_p11_src033_s1.pt
24,12,36,0,148036,2,60,68,/apdcephfs_gy2/share_303214315/cedricnie/develop/training-free/runs/v150_policy_group_confirmation/strength32/profiles/00024_v150_policy_group_strength_p12_src036_s0.pt
25,12,36,1,158036,2,60,68,/apdcephfs_gy2/share_303214315/cedricnie/develop/training-free/runs/v150_policy_group_confirmation/strength32/profiles/00025_v150_policy_group_strength_p12_src036_s1.pt
26,13,43,0,148043,2,60,68,/apdcephfs_gy2/share_303214315/cedricnie/develop/training-free/runs/v150_policy_group_confirmation/strength32/profiles/00026_v150_policy_group_strength_p13_src043_s0.pt
27,13,43,1,158043,2,60,68,/apdcephfs_gy2/share_303214315/cedricnie/develop/training-free/runs/v150_policy_group_confirmation/strength32/profiles/00027_v150_policy_group_strength_p13_src043_s1.pt
28,14,45,0,148045,2,60,68,/apdcephfs_gy2/share_303214315/cedricnie/develop/training-free/runs/v150_policy_group_confirmation/strength32/profiles/00028_v150_policy_group_strength_p14_src045_s0.pt
29,14,45,1,158045,2,60,68,/apdcephfs_gy2/share_303214315/cedricnie/develop/training-free/runs/v150_policy_group_confirmation/strength32/profiles/00029_v150_policy_group_strength_p14_src045_s1.pt
30,15,47,0,148047,2,60,68,/apdcephfs_gy2/share_303214315/cedricnie/develop/training-free/runs/v150_policy_group_confirmation/strength32/profiles/00030_v150_policy_group_strength_p15_src047_s0.pt
31,15,47,1,158047,2,60,68,/apdcephfs_gy2/share_303214315/cedricnie/develop/training-free/runs/v150_policy_group_confirmation/strength32/profiles/00031_v150_policy_group_strength_p15_src047_s1.pt
