layer,head,cluster,validation_cluster,split_agree,cluster_margin,pf_official,legacy_v98
0,0,1,1,1,0.4427966043346054,-1,10
0,1,1,1,1,0.23552374748277724,1,10
0,2,1,1,1,0.328662418508829,1,10
0,3,1,1,1,0.20773611946371331,1,10
0,4,1,1,1,0.506486954285323,-1,10
0,5,1,1,1,0.47271956040861757,-1,10
0,6,1,1,1,0.6628456217360726,-1,10
0,7,1,1,1,0.5492840645131798,-1,10
0,8,1,1,1,0.1894237792951875,1,10
0,9,1,1,1,0.4967532968560147,-1,10
0,10,1,1,1,0.39226832012053997,-1,10
0,11,1,1,1,0.5598322418275474,-1,10
1,0,1,1,1,0.3056441208805301,-1,10
1,1,1,1,1,0.42094643497799544,-1,10
1,2,1,1,1,0.5169277473619533,-1,10
1,3,1,1,1,0.6185654242018668,-1,10
1,4,1,1,1,0.23380129143220532,-1,10
1,5,1,1,1,0.3596580323209221,-1,10
1,6,1,1,1,0.45262805896784664,-1,11
1,7,0,0,1,0.11610404333200315,1,10
1,8,1,1,1,0.4230270523511125,-1,10
1,9,1,1,1,0.6626171134743486,-1,11
1,10,1,1,1,0.092923913944218,-1,10
1,11,1,0,0,0.05436799847722812,1,10
2,0,0,0,1,0.516547648330804,1,10
2,1,1,1,1,0.18551093306270589,-1,10
2,2,1,1,1,0.35442959778725563,-1,10
2,3,1,1,1,0.4012272313672989,-1,10
2,4,1,1,1,0.3986089943219724,-1,11
2,5,1,1,1,0.45648686774309394,-1,10
2,6,0,0,1,0.15075965388308743,2,10
2,7,1,1,1,0.5224050592367527,-1,10
2,8,1,1,1,0.602151840804926,-1,10
2,9,1,1,1,0.49279958778059824,1,10
2,10,1,1,1,0.464423096809542,-1,10
2,11,1,1,1,0.5999498045836732,-1,10
3,0,1,1,1,0.4270567763410713,-1,11
3,1,1,1,1,0.47886149034691455,-1,10
3,2,1,1,1,0.5421285077272224,-1,10
3,3,0,0,1,0.36373199516230587,1,10
3,4,1,1,1,0.43034575281403914,-1,10
3,5,0,0,1,0.49924371336641193,1,10
3,6,0,0,1,0.6179373713817989,1,10
3,7,1,1,1,0.3973271142644726,-1,10
3,8,1,1,1,0.3024738832423351,-1,11
3,9,1,1,1,0.3340426558093378,1,10
3,10,1,0,0,0.10751046609517194,1,10
3,11,1,0,0,0.05036615751115327,-1,11
4,0,1,1,1,0.5913807057700478,-1,10
4,1,0,0,1,0.09679721630174017,1,10
4,2,1,1,1,0.42476136742372456,1,10
4,3,1,1,1,0.372561979818683,2,11
4,4,1,1,1,0.599947834690855,-1,10
4,5,1,1,1,0.4090977216010415,-1,10
4,6,1,1,1,0.27605447303488817,1,10
4,7,1,1,1,0.3494961926490398,-1,10
4,8,1,1,1,0.42624242705685755,1,10
4,9,1,1,1,0.5205612531451094,-1,11
4,10,1,1,1,0.33179048876905287,-1,10
4,11,1,1,1,0.234532653886086,1,10
5,0,1,1,1,0.31934765346986704,-1,10
5,1,1,1,1,0.4974988494336239,-1,10
5,2,1,1,1,0.38562352555645985,-1,10
5,3,1,1,1,0.44247865397357555,-1,10
5,4,1,1,1,0.5238193683109865,-1,10
5,5,1,1,1,0.3091503523714004,-1,10
5,6,1,1,1,0.5169990286826608,-1,10
5,7,1,1,1,0.279807361185226,-1,10
5,8,1,0,0,0.10962062350122238,1,10
5,9,1,1,1,0.3331171936451616,-1,11
5,10,1,1,1,0.3531960525950822,-1,10
5,11,1,1,1,0.5458396406606411,-1,10
6,0,1,1,1,0.5596862951903033,-1,10
6,1,0,0,1,0.3890438184742074,-1,10
6,2,1,1,1,0.08920981554401153,-1,10
6,3,0,0,1,0.17079417734337504,1,10
6,4,0,0,1,0.4259279724914392,1,10
6,5,1,1,1,0.4659789073042366,1,10
6,6,1,1,1,0.40942521513753116,1,10
6,7,1,0,0,0.15264241102779993,-1,10
6,8,0,0,1,0.7589416589851042,1,10
6,9,1,1,1,0.5862034900848327,-1,10
6,10,1,0,0,0.24220304385940275,1,10
6,11,1,1,1,0.4731839884280314,2,11
7,0,1,1,1,0.5853102643476364,-1,10
7,1,1,1,1,0.2226992279802165,1,10
7,2,1,1,1,0.625425885141022,-1,10
7,3,1,1,1,0.6141424981279201,2,11
7,4,1,1,1,0.5166680664661797,-1,10
7,5,0,0,1,0.4650070448147078,1,10
7,6,0,0,1,0.060009246068575696,1,10
7,7,1,1,1,0.18604308684059384,-1,10
7,8,1,1,1,0.37852326830748373,2,11
7,9,1,1,1,0.05056820453811624,1,10
7,10,1,1,1,0.18531897219993115,1,10
7,11,0,0,1,0.4072851762283088,-1,10
8,0,1,1,1,0.6646472340325905,-1,10
8,1,1,1,1,0.27042184192732494,-1,10
8,2,1,1,1,0.6019897139928969,-1,10
8,3,1,1,1,0.49217260044674815,-1,10
8,4,1,1,1,0.6270817207258617,2,11
8,5,1,1,1,0.7036943559451363,-1,10
8,6,1,1,1,0.4203473094985727,1,10
8,7,1,1,1,0.2431682948591231,-1,10
8,8,1,1,1,0.20874044368528352,1,10
8,9,1,1,1,0.5248522590619252,1,10
8,10,1,1,1,0.6893134984989624,2,11
8,11,1,1,1,0.33477055968854785,-1,10
9,0,1,1,1,0.6265657611695313,-1,10
9,1,1,1,1,0.2974838249125571,1,10
9,2,1,1,1,0.3673617057815774,-1,10
9,3,1,1,1,0.4472586830476628,2,11
9,4,1,1,1,0.6695293345836127,-1,10
9,5,1,1,1,0.34541165633279125,1,10
9,6,1,1,1,0.25676063088198264,2,11
9,7,1,0,0,0.17847460413391608,1,10
9,8,1,1,1,0.5156965294000607,-1,10
9,9,1,1,1,0.35760308528754525,-1,10
9,10,0,0,1,0.22265713952119692,-1,10
9,11,1,1,1,0.3858040391468019,1,10
10,0,0,0,1,0.05872142424652912,-1,10
10,1,0,0,1,0.5985481510000386,1,10
10,2,0,0,1,0.5467921972600311,1,10
10,3,1,1,1,0.11276203638294519,1,10
10,4,0,0,1,0.43990980162026655,1,10
10,5,0,0,1,0.33593634556419266,1,10
10,6,1,1,1,0.42704289392388983,1,10
10,7,1,1,1,0.5905003012615225,1,10
10,8,1,1,1,0.7339748745079587,-1,10
10,9,1,1,1,0.6191535506387178,-1,11
10,10,0,0,1,0.5951275985733266,1,10
10,11,0,0,1,0.06265790532015145,2,11
11,0,0,0,1,0.38754176988198724,1,10
11,1,1,0,0,0.053765340954260624,2,11
11,2,0,0,1,0.23490547932921302,-1,10
11,3,1,1,1,0.2748667444596311,-1,10
11,4,0,0,1,0.1388984812644008,-1,10
11,5,1,1,1,0.029340520106095683,1,10
11,6,0,0,1,0.33895559148703125,1,10
11,7,0,0,1,0.35561377285916496,1,10
11,8,1,1,1,0.2724419351012472,1,10
11,9,1,1,1,0.4010016528433871,2,11
11,10,1,0,0,0.16121831568835424,1,10
11,11,0,0,1,0.3192061404695079,1,10
12,0,0,0,1,0.5811636384292088,-1,10
12,1,0,0,1,0.5413186473290836,1,10
12,2,1,1,1,0.6184701041734778,2,11
12,3,1,1,1,0.6068224656809883,-1,10
12,4,0,0,1,0.5790204809784298,1,10
12,5,0,0,1,0.4038504208665664,1,10
12,6,1,0,0,0.0622166585423986,-1,10
12,7,0,0,1,0.14379308495951215,-1,10
12,8,1,1,1,0.24609611765354006,2,11
12,9,0,0,1,0.3092161712873285,1,10
12,10,1,1,1,0.6183865572552347,-1,10
12,11,0,0,1,0.3565812142359783,-1,10
13,0,1,1,1,0.34798446635265334,2,11
13,1,0,0,1,0.6376732293907481,1,10
13,2,0,0,1,0.4956739089849758,1,10
13,3,0,0,1,0.04240031908473567,1,10
13,4,0,0,1,0.668716447134015,1,10
13,5,0,0,1,0.6509426570987502,1,10
13,6,0,0,1,0.7420589802629596,1,10
13,7,0,0,1,0.6956016396989999,1,10
13,8,0,0,1,0.6551338763940922,1,10
13,9,0,0,1,0.5155676770532538,-1,10
13,10,0,0,1,0.5202330905864078,1,10
13,11,1,1,1,0.5219335349229244,2,11
14,0,1,0,0,0.15181566456619217,2,11
14,1,0,0,1,0.5131382610421451,1,10
14,2,0,0,1,0.6630299558056607,1,10
14,3,0,0,1,0.2335430267032804,-1,10
14,4,1,1,1,0.4455040822331099,2,11
14,5,1,1,1,0.48056350658218216,-1,10
14,6,0,0,1,0.18688763791794125,1,10
14,7,0,0,1,0.4788465858514715,1,10
14,8,1,1,1,0.17969950283246983,-1,10
14,9,1,0,0,0.06283793448873197,1,10
14,10,0,0,1,0.11599904907255032,1,10
14,11,0,0,1,0.5790941255377892,1,10
15,0,0,0,1,0.4552772137238929,1,10
15,1,0,0,1,0.4923761920876495,1,10
15,2,0,0,1,0.6427614918785164,1,10
15,3,0,0,1,0.520189365571736,1,10
15,4,0,0,1,0.3620315891466312,2,11
15,5,0,0,1,0.7509310466883258,1,10
15,6,0,0,1,0.38279743466634353,1,10
15,7,0,0,1,0.48529238759193355,1,10
15,8,1,1,1,0.45727093194673246,-1,10
15,9,0,0,1,0.265094096468635,1,10
15,10,0,0,1,0.7002409713492908,1,10
15,11,0,0,1,0.35933400518846625,1,10
16,0,0,0,1,0.6827815106109362,-1,10
16,1,0,0,1,0.6502679288413611,1,10
16,2,0,1,0,0.010956566578815604,-1,10
16,3,0,0,1,0.5356790917231461,1,10
16,4,0,0,1,0.5198053775915448,-1,11
16,5,0,0,1,0.40558703540205954,1,10
16,6,1,1,1,0.44985684019032335,2,11
16,7,0,0,1,0.6220744230717634,1,10
16,8,0,0,1,0.4592123240438305,1,10
16,9,0,0,1,0.09868051705440287,-1,10
16,10,0,0,1,0.5989250855436403,1,10
16,11,0,0,1,0.15158693214459265,1,10
17,0,0,0,1,0.6057444403636701,-1,10
17,1,1,1,1,0.3607269715586423,-1,10
17,2,1,1,1,0.06327956648451706,-1,10
17,3,1,1,1,0.16563651886514108,-1,10
17,4,1,1,1,0.1631701847299197,-1,10
17,5,1,1,1,0.27704144410839043,-1,11
17,6,0,0,1,0.5702814085581548,-1,11
17,7,1,1,1,0.26098557728981625,2,11
17,8,1,1,1,0.31175854867454306,-1,11
17,9,0,0,1,0.47290159920813024,1,10
17,10,0,1,0,0.14345550219724673,1,10
17,11,0,0,1,0.5608498481771551,1,10
18,0,0,0,1,0.3386005819142474,1,10
18,1,0,0,1,0.4843859223694192,1,10
18,2,0,0,1,0.5138418959091394,1,10
18,3,0,0,1,0.4748304353815093,-1,10
18,4,0,0,1,0.699587698754373,1,10
18,5,0,0,1,0.542795246940216,1,10
18,6,0,0,1,0.39986656765843837,1,10
18,7,0,0,1,0.44745970464769746,-1,10
18,8,0,0,1,0.48812279926782254,1,10
18,9,1,1,1,0.11394577582101519,1,10
18,10,0,0,1,0.5604609497181519,1,10
18,11,0,0,1,0.5726758360673145,1,10
19,0,0,0,1,0.23255304204681415,1,10
19,1,0,0,1,0.18056320300534962,1,10
19,2,1,1,1,0.49582706461614623,2,11
19,3,0,0,1,0.7195952318864223,1,10
19,4,1,1,1,0.25103331111377825,2,11
19,5,0,0,1,0.18389503417437034,-1,10
19,6,0,0,1,0.7487820334460744,1,10
19,7,0,0,1,0.014530123774413,-1,11
19,8,0,0,1,0.23164200681117614,1,10
19,9,0,0,1,0.7400013742240544,1,10
19,10,1,1,1,0.8213273532856004,-1,10
19,11,0,0,1,0.4169231364176895,-1,11
20,0,0,0,1,0.5838910070705294,1,10
20,1,1,1,1,0.6530384551135326,-1,10
20,2,1,1,1,0.47262895804807137,-1,10
20,3,1,1,1,0.5328039660001461,-1,10
20,4,0,0,1,0.5954143181736732,1,10
20,5,1,1,1,0.519516440569816,-1,10
20,6,0,0,1,0.5733304418554124,1,10
20,7,1,1,1,0.37576183058558166,-1,10
20,8,1,1,1,0.5131635505472578,-1,11
20,9,1,1,1,0.7994874059971989,-1,10
20,10,0,0,1,0.4517226270831029,1,10
20,11,1,1,1,0.4912924321318381,-1,10
21,0,1,1,1,0.4761468633212031,-1,10
21,1,0,0,1,0.5988927358330908,1,10
21,2,0,0,1,0.3762159636426598,1,10
21,3,1,1,1,0.6136087675536087,-1,11
21,4,0,0,1,0.48873462501645637,1,10
21,5,1,1,1,0.36484150250339503,1,10
21,6,0,0,1,0.5077869641537338,1,10
21,7,0,0,1,0.41402167589418776,1,10
21,8,1,1,1,0.32344598916783907,2,11
21,9,1,1,1,0.4893082729083991,-1,11
21,10,1,1,1,0.6568879073791649,-1,10
21,11,1,1,1,0.4216700254936512,-1,10
22,0,0,0,1,0.6105949915711332,1,10
22,1,0,0,1,0.5249713123501385,1,10
22,2,0,0,1,0.13869100828061767,1,10
22,3,0,0,1,0.41120829948668214,2,11
22,4,0,0,1,0.6724317066795805,1,10
22,5,0,0,1,0.5584390597002269,1,10
22,6,1,1,1,0.08044546967616412,1,10
22,7,1,1,1,0.38743159763134155,1,10
22,8,0,0,1,0.5060249285606838,2,11
22,9,0,0,1,0.6151807666037487,1,10
22,10,0,0,1,0.7535786256091502,1,10
22,11,1,1,1,0.5307348843015538,-1,11
23,0,0,0,1,0.47240037091363635,1,10
23,1,1,1,1,0.44674260364854856,2,11
23,2,0,0,1,0.3966424773355975,1,10
23,3,0,0,1,0.5828644509037966,1,10
23,4,0,0,1,0.5144512182062935,1,10
23,5,0,0,1,0.4489640507815747,1,10
23,6,0,0,1,0.5271617901284937,1,10
23,7,1,1,1,0.6024375468890901,-1,10
23,8,0,0,1,0.5190645949038769,1,10
23,9,0,0,1,0.35180926155435854,-1,10
23,10,1,1,1,0.5815917635728832,2,11
23,11,0,0,1,0.37683101641230116,-1,10
24,0,0,0,1,0.4934966434438564,1,11
24,1,0,0,1,0.39110768643693744,1,11
24,2,1,1,1,0.465501203717447,-1,11
24,3,0,0,1,0.5219508499588367,1,10
24,4,0,0,1,0.544847930923955,1,10
24,5,0,0,1,0.4156493597321307,-1,10
24,6,0,0,1,0.5439278360577068,1,10
24,7,0,0,1,0.4281654224250994,-1,10
24,8,0,0,1,0.2844601348179528,-1,10
24,9,0,0,1,0.4887355986015241,1,10
24,10,0,0,1,0.4219429403835432,1,10
24,11,0,0,1,0.43814451191668013,2,10
25,0,0,0,1,0.6795946366018628,1,10
25,1,0,0,1,0.5200560316417487,-1,10
25,2,0,0,1,0.49345903779598843,1,10
25,3,0,0,1,0.5354892685089173,1,10
25,4,0,0,1,0.7419282050919366,1,10
25,5,0,0,1,0.48701536536240564,1,10
25,6,1,1,1,0.6166076133434937,-1,10
25,7,1,1,1,0.2659652686345223,-1,11
25,8,0,0,1,0.6192612331769558,1,10
25,9,1,1,1,0.4934788374936995,-1,10
25,10,0,0,1,0.4153409564652154,-1,10
25,11,1,1,1,0.19618746290025194,2,11
26,0,0,0,1,0.42734428023766835,1,10
26,1,1,1,1,0.3896140426093774,-1,11
26,2,0,0,1,0.5967498947313761,1,10
26,3,0,0,1,0.20217512049094644,1,10
26,4,1,1,1,0.555662190517741,-1,10
26,5,1,1,1,0.5605392226125613,-1,10
26,6,0,0,1,0.49092640350182054,1,10
26,7,1,1,1,0.6969325834781455,-1,10
26,8,0,0,1,0.46683862991356095,1,10
26,9,0,0,1,0.5932503673637713,1,10
26,10,1,1,1,0.5992521325678287,2,11
26,11,0,0,1,0.5912577493949734,1,10
27,0,0,0,1,0.37638899169875034,1,10
27,1,1,1,1,0.378072352990382,-1,10
27,2,0,0,1,0.38164503360613733,1,10
27,3,1,1,1,0.22808693493792823,-1,11
27,4,0,0,1,0.2171388037509441,1,10
27,5,0,0,1,0.0867955325201116,1,10
27,6,1,1,1,0.4685259548498099,-1,10
27,7,1,1,1,0.4477103023064843,-1,10
27,8,0,0,1,0.6130433012877402,1,10
27,9,1,1,1,0.7019809907110426,2,11
27,10,1,1,1,0.4421617354499873,-1,10
27,11,1,1,1,0.29189942576041245,1,10
28,0,1,1,1,0.011537758472405228,-1,10
28,1,1,1,1,0.1719392127124638,-1,10
28,2,0,0,1,0.2762394635044829,1,10
28,3,0,0,1,0.25798442296990737,1,10
28,4,1,1,1,0.15082619537675332,1,10
28,5,1,1,1,0.5029213027629006,-1,10
28,6,1,1,1,0.5057387287210613,-1,10
28,7,1,1,1,0.3016800890296221,1,10
28,8,1,1,1,0.327339633295487,1,10
28,9,0,0,1,0.15065377014217968,1,10
28,10,1,1,1,0.4143331545945802,-1,10
28,11,1,1,1,0.2905630753190744,1,10
29,0,1,1,1,0.42999295908673446,-1,10
29,1,0,0,1,0.02769298154914273,1,10
29,2,1,1,1,0.3679619214734764,-1,10
29,3,0,0,1,0.42588986707515936,1,11
29,4,1,1,1,0.5421486150034911,-1,10
29,5,1,1,1,0.4930924019315626,-1,10
29,6,1,0,0,0.024559305910103503,1,10
29,7,1,1,1,0.2051035346063706,-1,10
29,8,0,0,1,0.31504318306367746,1,10
29,9,1,1,1,0.31898576333810424,1,10
29,10,1,1,1,0.4580822255310951,-1,10
29,11,1,1,1,0.5464093470010252,-1,10
